way|78433602|0|250000|Mutual Energy
way|78433606|0|250000|Mutual Energy
way|117931182|0|270000|RTE
way|117931184|0|270000|RTE
way|117931185|0|270000|RTE
way|117931186|0|270000|NGC
way|117931187|0|270000|NGC
way|117931188|0|270000|RTE
way|143105416|0|250000|Mutual Energy
way|148384711|0|250000|Mutual Energy
way|161371062|0|200000|EirGrid
way|239134246|0|0|
way|264116854|0|270000|NGC
way|264116855|0|270000|NGC
way|304620091|0|600000|National Grid
way|309564047|0|27000|
way|309564057|0|27000|
way|326306362|0|200000|EirGrid
way|367459041|100000||
way|367459045|60000||
way|468169891|0|400000|
way|509435793|0|400000|EirGrid
way|567187365|0|320000|Scottish and Southern Electricity Networks
way|568527667|0|320000|
way|568527670|0|320000|
way|576913175|0|200000|
way|624096965|0||
way|624096966|0||
way|624096967|0||
way|624096968|0||
way|624096969|0||
way|624096970|0||
way|636632451|0|320000|
way|636635193|0|320000|
way|645703023|0|515000|Statnett and National Grid North Sea Link Limited
way|656738721|0|400000|
way|671851093|0|0|ESB Networks
way|733623579|0|0|TLI Group
way|733623584|0|0|TLI Group
way|734090167|0|0|TLI Group
way|734090168|0|0|TLI Group
way|747136148|11000||
way|775735777|0|525000|
way|840238476|0|0|
way|860926608|0|515000|Statnett and National Grid North Sea Link Limited
way|891260901|0|320000|
way|891260902|0|320000|
way|891260903|0|320000|
way|895083671|0|400000|EirGrid
way|895083673|0|400000|EirGrid
way|919267651|0|515000|Statnett and National Grid North Sea Link Limited
way|975637990|0|320000|
way|975637992|0|320000|
way|979781338|0|320000|
way|996596124|11000||
way|996596126|11000||
way|1073550382|0|515000|Statnett and National Grid North Sea Link Limited
way|1075716196|0|320000|
way|1076012917|0|320000|
way|1078532569|0|525000|
way|1079414082|0|320000|Greenlink Interconnector Limited
way|1112544035|60|110000|
way|1112544037|60|110000|
way|1151065331|0|320000|Greenlink Interconnector Limited
way|1157893251|0|320000|
way|1167387256|0|320000|
way|1167387257|0|320000|RTE
way|1167387258|0|320000|RTE
way|1167387259|0|320000|RTE
way|1167387260|0|320000|RTE
way|1167387261|0|320000|RTE
way|1167387262|0|320000|RTE
way|1167387263|0|320000|RTE
way|1167387264|0|320000|RTE
way|1167387265|0|320000|RTE
way|1167387266|0|320000|RTE
way|1167387267|0|320000|RTE
way|1167387268|0|320000|RTE
way|1167387269|0|320000|RTE
way|1167387270|0|320000|RTE
way|1167387271|0|320000|RTE
way|1167387272|0|320000|RTE
way|1167387273|0|320000|RTE
way|1167387274|0|320000|RTE
way|1167387275|0|320000|RTE
way|1167387276|0|320000|RTE
way|1167387277|0|320000|RTE
way|1167387278|0|320000|RTE
way|1167387279|0|320000|RTE
way|1167387280|0|320000|RTE
way|1167387281|0|320000|RTE
way|1167387282|0|320000|RTE
way|1167387283|0|320000|RTE
way|1167387284|0|320000|
way|1167387285|0|320000|RTE
way|1167387286|0|320000|RTE
way|1167387287|0|320000|RTE
way|1167387288|0|320000|RTE
way|1167387289|0|320000|RTE
way|1167387290|0|320000|RTE
way|1167387291|0|320000|RTE
way|1167387292|0|320000|RTE
way|1167387293|0|320000|RTE
way|1167387294|0|320000|RTE
way|1167387295|0|320000|RTE
way|1180974676|50;0|38000;0|ESB Networks
way|1185261319|0|320000|
way|1185265743|0|320000|
way|1192659500|60|110000|
way|1195295249|0|0|ESB Networks
way|1236442161|0|0|ESB Networks
way|1236703993|0||Statkraft
way|1236703994|0||Statkraft
way|1236703995|0||Statkraft
way|1236703996|0||Statkraft
way|1236703997|0||Statkraft
way|1236703998|0||Statkraft
way|1236703999|0||Statkraft
way|1236704000|0||Statkraft
way|1236704001|0||Statkraft
way|1236704002|0||Statkraft
way|1236704003|0||Statkraft
way|1236704004|0||Statkraft
way|1237755543|11000||
way|1237755554|11000||
way|1237755579|11000||
way|1265813042|0|320000|
way|1265813068|0|320000|
way|1271288351|0|270000|RTE
way|1271288352|0|270000|RTE
way|1271288354|0|270000|RTE
way|1271288355|0|270000|RTE
way|1271288356|0|270000|RTE
way|1271288357|0|270000|RTE
way|1271288358|0|270000|RTE
way|1271288359|0|270000|RTE
way|1271288360|0|270000|RTE
way|1271288361|0|270000|RTE
way|1271295351|0|270000|NGC
way|1271295352|0|270000|NGC
way|1271295353|0|270000|NGC
way|1271295354|0|270000|NGC
way|1277652488|0|0|ESB Networks
way|1277652492|0|0|ESB Networks
way|1277881322|0|0|ESB Networks
way|1280347072|0|0|ESB Networks
way|1302767572|0|0|ESB Networks
way|1304420709|0|320000|
way|1311885791|0|320000|Greenlink Interconnector Limited
way|1312003214|0|27000|
way|1312003215|0|27000|
way|1312003216|0|27000|
way|1312003217|0|27000|
way|1312003218|0|27000|
way|1332094833|0|110|ESB Generation and Wholesale Markets
way|1332094834|0|110|ESB Generation and Wholesale Markets
way|1332094835|0|110|ESB Generation and Wholesale Markets
way|1332094836|0|110|ESB Generation and Wholesale Markets
way|1332094837|0|110|ESB Generation and Wholesale Markets
way|1332094838|0|110|ESB Generation and Wholesale Markets
way|1332094839|0|110|ESB Generation and Wholesale Markets
way|1335995163|0|450000|BritNed
way|1335995165|0|450000|TenneT (BritNed)
way|1335995166|0|450000|TenneT (BritNed)
way|1335995167|0|450000|TenneT (BritNed)
way|1335995168|0|450000|TenneT (BritNed)
way|1368163968|0||ESB Generation and Wholesale Markets
way|1368163969|0||ESB Generation and Wholesale Markets
way|1368163970|0||ESB Generation and Wholesale Markets
way|1368163971|0||ESB Generation and Wholesale Markets
way|1368163972|0||ESB Generation and Wholesale Markets
way|1368163973|0||ESB Generation and Wholesale Markets
way|1368163974|0||ESB Generation and Wholesale Markets
way|1372533122|0|0|ESB Networks
way|1384097658|0|320000|scottishpowerrenewables
way|1384346085|0|320000|Orsted
way|1389008505|0|320000|
way|1389008506|0|320000|
way|1389747526|0||
way|1411833823|0|400000|
way|1411949364|0||Iberdrola
way|1411949365|0||Iberdrola
way|1411949366|0||Iberdrola
way|1411949367|0||Iberdrola
way|1411949368|0||Iberdrola
way|1411949369|0||Iberdrola
way|1411949370|0||Iberdrola
way|1411949371|0||Iberdrola
way|1411949372|0||Iberdrola
way|1411949373|0||Iberdrola
way|1411949374|0||Iberdrola
way|1411949375|0||Iberdrola
way|1411949376|0||Iberdrola
way|1411949377|0||Iberdrola
way|1411949378|0||Iberdrola
way|1413024800|0||ESB Generation and Wholesale Markets
way|1413024801|0||ESB Generation and Wholesale Markets
way|1413024802|0||ESB Generation and Wholesale Markets
way|1413024803|0||ESB Generation and Wholesale Markets
way|1413024804|0||ESB Generation and Wholesale Markets
way|1417956645|0|320000|
way|1417956646|0|320000|
way|1418037538|0|320000|
way|1418037539|0|320000|
way|1418037540|0|320000|
way|1418037541|0|320000|
way|1418322693|0|320000|
way|1418322694|0|320000|
way|1418322695|0|320000|
way|1418322696|0|320000|
way|1418322697|0|320000|
way|1418322698|0|320000|
way|1418322699|0|320000|
way|1418322700|0|320000|
way|1418322701|0|320000|
way|1418322702|0|320000|
way|1418322703|0|320000|
way|1418322704|0|320000|
way|1418322714|0|320000|
way|1418322715|0|320000|
way|1446872469|0|320000|
way|1446872470|0|320000|
relation|20164710|0|320000|
way|8031374|16.7|110000|DB Energie GmbH
way|19260538|16.7|110000|DB Energie
way|19260540|16.7|110000|DB Energie
way|19261090|16.7|110000|DB Energie
way|20930765|16.7|110000|DB Energie GmbH
way|23141659|16.7|110000|DB Energie GmbH
way|23544443|16.7|110000|DB Energie GmbH
way|23597731|16.7|110000|DB Energie GmbH
way|23598308|50;16.7|110000;15000|DB Energie
way|23744744|16.7|110000|DB Energie GmbH
way|23902392|50;16.7|110000|DB Energie GmbH
way|23947425|16.7|110000|DB Energie
way|23952811|16.7|110000|DB Energie GmbH
way|23953045|16.7|110000|DB Energie GmbH
way|23953118|16.7|110000|DB Energie GmbH
way|23953356|16.7|110000|DB Energie GmbH
way|24258870|16.7|110000|DB Energie GmbH
way|24268359|16.7|110000|DB Energie GmbH
way|24269734|16.7|110000|DB Energie
way|24318338|16.7|110000|DB Energie GmbH
way|24415184|16.7|110000|DB Energie GmbH
way|24450132|16.7|110000|DB Energie GmbH
way|24479457|16.7|110000|DB Energie
way|24493850|16.7|110000|DB Energie GmbH
way|24495994|16.7|110000|DB Energie
way|24595776|16.7|110000|DB Energie GmbH
way|24737448|16.7|110000|DB Energie
way|25091140|16.7|110000|DB Energie GmbH
way|25093262|16.7|110000|DB Energie
way|25341512|16.7|110000|DB Energie
way|25359156|16.7|110000|DB Energie
way|25788425|50;16.7|380000;220000;110000|Amprion;Westnetz;DB Energie GmbH
way|26332254|16.7|110000|DB Energie
way|26380777|16.7|110000|DB Energie GmbH
way|26380785|16.7|110000|DB Energie
way|26553599|16.7|110000|DB Energie GmbH
way|26847595|16.7|110000|DB Energie GmbH
way|27031634|16.7|110000|DB Energie GmbH
way|27132702|16.7|110000|DB Energie GmbH
way|27149340|16.7|110000|DB Energie GmbH
way|27156335|16.7|110000|DB Energie
way|27333615|16.7|110000|DB Energie
way|27490792|16.7|110000|DB Energie GmbH
way|27576407|16.7|110000|DB Energie
way|27692895|16.7|110000|DB Energie
way|27692899|16.7|110000|DB Energie
way|27734273|16.7|110000|DB Energie GmbH
way|27776739|16.7|15000|DB Energie
way|27776740|16.7|15000|DB Energie
way|27776778|16.7|15000|DB Energie
way|27776779|16.7|15000|DB Energie
way|27802357|16.7|110000|DB Energie
way|27916070|16.7|110000|DB Energie
way|28050441|16.7|110000|DB Energie
way|28069182|16.7|110000|DB Energie GmbH
way|28069299|16.7|15000|
way|28069351|16.7|110000|DB Energie GmbH
way|28071549|16.7|110000|DB Energie GmbH
way|28086765|16.7|110000|DB Energie GmbH
way|28086807|16.7|110000|DB Energie GmbH
way|28091619|16.7|110000|DB Energie
way|28111429|16.7|110000|DB Energie GmbH
way|28195848|16.7|110000;15000|DB Energie
way|28197130|16.7|110000|DB Energie GmbH
way|28206418|16.7|110000|DB Energie
way|28214205|16.7|110000|DB Energie
way|28243363|16.7|110000|DB Energie
way|28249307|16.7|110000|DB Energie GmbH
way|28265546|16.7|110000|DB Energie GmbH
way|28266647|16.7|110000|DB Energie
way|28280753|16.7|110000|DB Energie
way|28327855|16.7|110000|DB Energie
way|28343300|16.7|110000|DB Energie GmbH
way|28345869|16.7|110000|DB Energie GmbH
way|28360293|16.7|110000|DB Energie GmbH
way|28360526|16.7|110000|DB Energie GmbH
way|28360527|16.7|110000|DB Energie GmbH
way|28400287|16.7|110000|DB Energie GmbH
way|28426748|16.7|110000|DB Energie GmbH
way|28440617|16.7|110000|DB Energie GmbH
way|28442465|16.7|110000|DB Energie
way|28535759|16.7|110000|DB Energie
way|28535790|16.7|110000|DB Energie GmbH
way|28571108|16.7|110000|DB Energie GmbH
way|28594861|50;16.7|110000|Stadtwerke Düsseldorf
way|28594986|50;16.7|110000|Stadtwerke Düsseldorf
way|28595143|50;16.7|220000;110000|RWE
way|28632123|50;16.7|220000;110000|ENERVIE Vernetzt
way|28687877|16.7|110000|DB Energie GmbH
way|28688044|16.7|110000|DB Energie GmbH
way|28701511|16.7|110000|DB Energie
way|28701755|16.7|110000|DB Energie GmbH
way|28774957|16.7|110000|DB Energie
way|28775976|16.7|110000|DB Energie GmbH
way|28776320|16.7|110000|DB Energie
way|28776846|16.7|110000|DB Energie GmbH
way|28871828|50;16.7|220000;110000|RWE
way|28878186|16.7|110000|DB Energie GmbH
way|28878240|16.7|110000|DB Energie GmbH
way|28878241|16.7|110000|DB Energie
way|28906452|16.7|110000|DB Energie GmbH
way|28906453|16.7|110000|DB Energie
way|29024797|16.7|110000|DB Energie GmbH
way|29072395|16.7|110000|DB Energie GmbH
way|29072644|16.7|110000|DB Energie GmbH
way|29079001|16.7|110000|DB Energie GmbH
way|29079084|16.7|110000|DB Energie
way|29087037|16.7|110000|DB Energie
way|29183350|16.7|110000|DB Energie GmbH
way|29215132|16.7|110000|DB Energie
way|29215147|16.7|110000|DB Energie
way|29327021|16.7|110000|DB Energie
way|29331349|16.7|110000|DB Energie
way|29331905|16.7|110000|DB Energie
way|29374369|16.7|110000|DB Energie
way|29374746|16.7|110000|DB Energie
way|29461976|16.7|110000|DB Energie GmbH
way|29461977|16.7|110000|DB Energie GmbH
way|29461978|16.7|110000|DB Energie GmbH
way|29461979|16.7|110000|DB Energie GmbH
way|29461980|16.7|110000|DB Energie GmbH
way|29481725|16.7|110000|DB Energie GmbH
way|29487077|16.7|110000|DB Energie GmbH
way|29488426|16.7|110000|DB Energie GmbH
way|29892784|16.7|110000|DB Energie GmbH
way|29893922|16.7|110000|DB Energie GmbH
way|29994186|16.7|110000|DB Energie
way|30015649|16.7|15000|DB Energie GmbH
way|30060700|16.7|110000|DB Energie
way|30060701|16.7|110000|DB Energie
way|30116387|16.7|110000|DB Energie GmbH
way|30152176|16.7|110000|DB Energie GmbH
way|30152226|16.7|110000|DB Energie GmbH
way|30163004|16.7|110000|DB Energie GmbH
way|30180100|16.7|110000|DB Energie GmbH
way|30312375|50;16.7|380000;110000|TenneT TSO GmbH
way|30312388|50;16.7|380000;110000|50Hertz Transmission
way|30853218|16.7|110000|DB Energie GmbH
way|31024483|16.67|15000|DB Energie GmbH
way|31024484|16.67|15000|DB Energie GmbH
way|31024485|16.67|15000|DB Energie GmbH
way|31024942|16.7|15000|
way|31900565|16.7|110000|DB Energie GmbH
way|32467886|16.7|110000|DB Energie
way|32539584|16.7|110000|DB Energie GmbH
way|32904979|16.7|110000|DB Energie GmbH
way|32971602|16.7|15000|DB Energie
way|33268409|16.7|110000|DB Energie GmbH
way|33562578|16.7|110000|DB Energie
way|33562579|16.7|110000|DB Energie
way|33562605|16.7|110000|DB Energie
way|34694470|16.7|110000|DB Energie GmbH
way|34837565|16.7|110000|DB Energie GmbH
way|34848214|16.7|110000|DB Energie GmbH
way|34848215|16.7|110000|DB Energie
way|34848231|16.7|110000|DB Energie
way|35022420|16.7|110000|DB Energie GmbH
way|35022445|16.7|110000|DB Energie
way|35111160|16.7|110000|DB Energie GmbH
way|35138309|16.7|110000|DB Energie GmbH
way|35174613|16.7|110000|DB Energie GmbH
way|35201423|16.7|110000|DB Energie GmbH
way|35236478|50;16.7|220000;110000|RWE
way|35359350|16.7|110000|DB Energie GmbH
way|35359843|16.7|110000|DB Energie GmbH
way|35361133|16.7|110000|DB Energie
way|35375539|16.7|110000|DB Energie GmbH
way|35406352|16.7|110000|DB Energie GmbH
way|35406358|16.7|110000|DB Energie GmbH
way|35432269|16.7|110000|DB Energie GmbH
way|35710363|50;16.7|110000;110000|Avacon Netz GmbH
way|35710365|50;16.7|110000;110000|Avacon Netz GmbH
way|35710366|16.7|110000|DB Energie GmbH
way|36272198|16.7|110000|DB Energie
way|37047561|16.7|15000|DB Energie
way|37047563|16.7|15000|DB Energie
way|37213788|16.7|110000|DB Energie GmbH
way|37230043|16.7|110000|DB Energie
way|37448923|0|0|Avacon Netz
way|37623142|16.7|110000|DB Energie
way|37636685|16.7|110000|DB Energie GmbH
way|37636687|16.7|110000|DB Energie
way|37832750|16.7|110000|DB Energie
way|37917762|16.7;50|110000|DB Energie
way|37917764|16.7;50|110000|DB Energie
way|37917767|16.7;50|110000|DB Energie
way|37917768|16.7;50|110000|DB Energie
way|37957651|16.7;50|110000|DB Energie
way|38054346|16.7;50|110000|DB Energie
way|39947413|50;16.7|110000|DB Energie
way|40123591|16.7|110000|DB Energie
way|40152416|16.7|110000|DB Energie GmbH
way|40155282|16.7|110000|DB Energie GmbH
way|40550867|50;16.7|110000|E.DIS Netz GmbH
way|41201343|16.7|110000|DB Energie GmbH
way|41211828|16.7|110000|DB Energie
way|41234280|16.7|110000|DB Energie
way|41235623|16.7|110000|DB Energie GmbH
way|41235630|16.7|110000|DB Energie
way|41235633|50;16.7|110000;20000|DB Energie GmbH
way|41235634|16.7|110000|DB Energie
way|41235637|16.7|110000|DB Energie
way|41235638|16.7|15000|
way|41235639|16.7|110000|DB Energie
way|41235640|16.7|110000|DB Energie
way|41235642|16.7|110000|DB Energie GmbH
way|41235643|16.7|110000|DB Energie
way|41235644|16.7|110000|DB Energie
way|42669912|16.7|110000|DB Energie
way|42672713|50;16.7|110000|Avacon Netz
way|43903537|16.7|110000|DB Energie GmbH
way|43903582|16.7|110000|DB Energie GmbH
way|43915541|16.7|110000|DB Energie
way|43920709|16.7|110000|DB Energie GmbH
way|44052581|16.7|110000|DB Energie
way|44052622|16.7|110000|DB Energie GmbH
way|44178355|16.7|110000|DB Energie GmbH
way|44179543|16.7|110000|DB Energie GmbH
way|44321588|16.7|110000|DB Energie
way|44355248|16.7|110000|DB Energie GmbH
way|44956272|16.7|110000|DB Energie GmbH
way|45178826|16.7|110000|DB Energie GmbH
way|45492978|16.7;50|110000|DB Energie GmbH
way|45492983|16.7|110000|DB Energie
way|45494383|16.7|110000|DB Energie GmbH
way|45646374|16.7|110000|DB Energie GmbH
way|45646383|16.7|110000|DB Energie GmbH
way|46507160|16.7|15000|DB Energie
way|46832318|16.7|110000|DB Energie GmbH
way|46832319|16.7|110000|DB Energie GmbH
way|46832322|16.7|110000|DB Energie GmbH
way|46832323|50;16.7|110000|DB Energie GmbH
way|46946176|16.7|110000|DB Energie
way|47248249|50;16.7|380000;110000|Amprion
way|47248252|16.7|110000|DB Energie GmbH
way|47486246|16.7|110000|DB Energie GmbH
way|48167252|16.7|110000|Avacon Netz
way|48167253|50;16.7|110000|Avacon Netz
way|48167256|50;16.7|110000|Avacon Netz
way|48167258|16.7|110000|DB Energie
way|48167259|16.7|110000|DB Energie
way|48174409|50;16.7|110000|Stadtwerke Düsseldorf
way|48178951|16.7|110000|DB Energie
way|48178952|16.7|110000|DB Energie
way|48898080|16.7|110000|DB Energie
way|48898081|16.7|110000|DB Energie
way|49258898|16.7|110000|DB Energie GmbH
way|49260379|16.7|110000|DB Energie
way|49260380|16.7|110000|DB Energie
way|49275117|16.7|110000|DB Energie
way|49299113|16.7|110000|DB Energie GmbH
way|49299114|16.7|110000|DB Energie GmbH
way|49939359|16.7|110000|DB Energie GmbH
way|49939360|16.7|110000|DB Energie GmbH
way|49939361|16.7|110000|DB Energie GmbH
way|49939362|16.7|110000|DB Energie GmbH
way|49939363|16.7|110000|DB Energie GmbH
way|49939848|16.7|15000|DB Energie
way|49978581|16.7|110000|DB Energie GmbH
way|49978583|16.7|110000|DB Energie GmbH
way|49978584|16.7|110000|DB Energie GmbH
way|49978585|16.7|110000|DB Energie GmbH
way|50074149|16.7|15000|DB Energie GmbH
way|50074154|16.7|15000|DB Energie
way|51080965|16.7|110000|DB Energie GmbH
way|51080966|16.7|110000|DB Energie GmbH
way|51080967|16.7|110000|DB Energie GmbH
way|51080968|16.7|110000|DB Energie GmbH
way|51080969|16.7|110000|DB Energie GmbH
way|51080970|16.7|110000|DB Energie GmbH
way|51080971|16.7|110000|DB Energie GmbH
way|51370888|16.7|110000|DB Energie
way|51370894|16.7|110000|DB Energie
way|51510193|16.7|110000|DB Energie
way|51511625|16.7|110000|DB Energie GmbH
way|51537952|16.7|110000|DB Energie GmbH
way|51775758|16.7|110000|DB Energie
way|51775846|16.7|110000|DB Energie GmbH
way|51776531|16.7|110000|DB Energie GmbH
way|51998183|16.7|110000|DB Energie
way|52029152|16.7|110000|DB Energie GmbH
way|52068557|16.7|110000|DB Energie GmbH
way|52068558|16.7|110000|DB Energie GmbH
way|52068559|16.7|110000|DB Energie GmbH
way|52068560|16.7|110000|DB Energie GmbH
way|52068561|16.7|110000|DB Energie GmbH
way|52068562|16.7|110000|DB Energie GmbH
way|52068563|16.7|110000|DB Energie GmbH
way|52068564|16.7|110000|DB Energie GmbH
way|52068565|16.7|110000|DB Energie GmbH
way|52082732|16.7|110000|DB Energie
way|52082733|16.7|110000|DB Energie
way|52082735|16.7|110000|DB Energie GmbH
way|52082736|16.7|110000|DB Energie GmbH
way|52082737|16.7|110000|DB Energie
way|52082738|16.7|110000|DB Energie
way|52082739|16.7|110000|DB Energie
way|52119462|16.7|110000|DB Energie
way|52347729|16.7|110000|DB Energie GmbH
way|52442474|16.7|110000|DB Energie GmbH
way|52442476|16.7|110000|DB Energie GmbH
way|52442477|16.7|110000|DB Energie GmbH
way|52442479|16.7|110000|DB Energie GmbH
way|52452657|16.7|110000|DB Energie GmbH
way|52452658|16.7|110000|DB Energie GmbH
way|52452659|16.7|110000|DB Energie GmbH
way|52452660|16.7|110000|DB Energie GmbH
way|52454306|16.7|110000|DB Energie GmbH
way|52454750|16.7|110000|DB Energie GmbH
way|52454751|16.7|110000|DB Energie GmbH
way|52454752|16.7|110000|DB Energie GmbH
way|52454753|16.7|110000|DB Energie GmbH
way|52454788|16.7|110000|DB Energie GmbH
way|52527279|16.7|110000|DB Energie GmbH
way|52527280|16.7|110000|DB Energie
way|52583660|16.7|110000|DB Energie GmbH
way|52583663|16.7|110000|DB Energie GmbH
way|52583664|16.7|110000|DB Energie GmbH
way|52583665|16.7|110000|DB Energie GmbH
way|52583670|16.7|110000|DB Energie GmbH
way|52583675|16.7|110000|DB Energie GmbH
way|52583719|16.7|110000|DB Energie GmbH
way|52704408|16.7|15000|DB Energie GmbH
way|52704413|16.7|15000|DB Energie GmbH
way|52704414|16.7|15000|DB Energie GmbH
way|52704415|16.7|15000|DB Energie GmbH
way|52836538|16.7|110000|DB Energie GmbH
way|52836561|16.7|110000|DB Energie GmbH
way|52836591|16.7|110000|DB Energie GmbH
way|52836595|16.7|110000|DB Energie GmbH
way|52836620|16.7|110000|DB Energie
way|52836650|16.7|110000|DB Energie GmbH
way|52838116|16.7;50|110000;30000|DB Energie
way|52838119|16.7|110000|DB Energie
way|53366221|16.7|110000|DB Energie GmbH
way|53373616|16.7|15000|DB Energie
way|53373647|16.7|15000|DB Energie
way|53373671|16.7|15000|DB Energie
way|53373681|16.7|15000|DB Energie
way|53373731|16.7|15000|DB Energie
way|53373733|16.7|15000|DB Energie
way|53373734|16.7|15000|DB Energie
way|53373735|16.7|15000|DB Energie
way|53373736|16.7|15000|DB Energie
way|53544325|16.7|110000|DB Energie
way|53544326|16.7|110000|DB Energie
way|53544327|16.7|110000|DB Energie
way|53580768|16.7|110000|DB Energie
way|53772558|16.7|110000|DB Energie GmbH
way|54002617|16.7|110000|DB Energie
way|54002618|16.7|110000|DB Energie
way|54002619|16.7|110000|DB Energie
way|54071647|16.7|110000|DB Energie GmbH
way|54278440|16.7|110000|DB Energie
way|55427030|16.7|110000|DB Energie
way|55427032|16.7|110000|DB Energie GmbH
way|55427034|16.7|110000|DB Energie
way|55427036|16.7|110000|DB Energie
way|55427053|16.7|110000|DB Energie GmbH
way|55443778|16.7|110000|DB Energie GmbH
way|55443779|16.7|110000|DB Energie GmbH
way|55443781|16.7|110000|DB Energie GmbH
way|55444293|16.7|110000|DB Energie GmbH
way|55444294|16.7|110000|DB Energie GmbH
way|55444295|16.7|110000|DB Energie GmbH
way|55444298|16.7|110000|DB Energie GmbH
way|55697039|16.7|110000|DB Energie GmbH
way|55697040|16.7|110000|DB Energie GmbH
way|55697041|16.7|110000|DB Energie GmbH
way|55697042|16.7|110000|DB Energie GmbH
way|55730019|50;16.7|110000;110000|Süwag Energie
way|55824750|16.7|110000|DB Energie
way|55944759|16.7|15000|DB Energie
way|55944761|16.7|15000|DB Energie
way|55944762|16.7|15000|DB Energie
way|55944769|16.7|15000|DB Energie
way|55944772|16.7|15000|DB Energie
way|55944773|16.7|15000|DB Energie
way|55944774|16.7|15000|DB Energie
way|55944775|16.7|15000|DB Energie
way|55944776|16.7|15000|DB Energie
way|55944778|16.7|15000|DB Energie
way|55944779|16.7|15000|DB Energie
way|55944826|16.7|110000|DB Energie
way|56048581|16.7|110000|DB Energie GmbH
way|56048583|16.7|15000|DB Energie GmbH
way|56048584|16.7|15000|DB Energie GmbH
way|56048585|16.7|15000|DB Energie GmbH
way|56675165|16.7|110000|DB Energie GmbH
way|56675167|16.7|110000|DB Energie GmbH
way|56675168|16.7|110000|DB Energie GmbH
way|56675169|16.7|110000|DB Energie GmbH
way|56754996|16.7|110000|DB Energie GmbH
way|56754998|16.7|110000|DB Energie GmbH
way|56754999|16.7|110000|DB Energie GmbH
way|56755001|16.7|110000|DB Energie GmbH
way|56755002|16.7|110000|DB Energie GmbH
way|56755004|16.7|110000|DB Energie GmbH
way|56755005|16.7|110000|DB Energie GmbH
way|56755006|16.7|110000|DB Energie GmbH
way|56755007|16.7|110000|DB Energie GmbH
way|56755008|16.7|110000|DB Energie GmbH
way|56755009|16.7|110000|DB Energie GmbH
way|56755011|16.7|110000|DB Energie GmbH
way|59167806|16.7|110000|DB Energie
way|59534796|16.7|110000|DB Energie
way|59534798|16.7|110000|DB Energie
way|59534800|16.7|110000|DB Energie
way|59535768|50;16.7|110000|DB Energie GmbH;EON_Netz
way|59535785|16.7|110000|DB Energie
way|59607181|16.7|110000|DB Energie
way|59607183|16.7|110000|DB Energie
way|59607184|16.7|110000|DB Energie GmbH
way|59607185|16.7|110000|DB Energie GmbH
way|59608126|16.7|110000|DB Energie GmbH
way|59608127|16.7|110000|DB Energie GmbH
way|59608131|16.7|110000|DB Energie GmbH
way|60043646|16.7|110000|DB Energie GmbH
way|60043648|16.7|110000|DB Energie GmbH
way|60043655|16.7|110000|DB Energie GmbH
way|60043659|16.7|110000|DB Energie GmbH
way|60043682|16.7|110000|DB Energie GmbH
way|60043689|16.7|110000|DB Energie GmbH
way|60043696|16.7|110000|DB Energie GmbH
way|60043699|16.7|110000|DB Energie GmbH
way|60210949|16.7|110000|DB Energie GmbH
way|60495997|16.7|110000|DB Energie GmbH
way|60725329|50;16.7|380000;220000;110000|Amprion;Westnetz
way|60793790|16.7|110000|DB Energie GmbH
way|60923001|50;16.7|110000|DB Energie GmbH
way|61575984|16.7|110000|DB Energie GmbH
way|61579145|16.7|110000|DB Energie GmbH
way|61734053|16.7|110000|DB Energie
way|61734054|16.7|110000|DB Energie
way|61734055|16.7|110000|DB Energie
way|61734056|16.7|110000|DB Energie
way|61734057|16.7|110000|DB Energie
way|61910373|16.7|110000;15000|DB Energie
way|61910374|16.7|110000|DB Energie
way|61910377|0|150000|Avacon Netz GmbH
way|62306706|16.7|110000|DB Energie GmbH
way|69844546|16.7|110000|DB Energie GmbH
way|71372460|16.7|110000|DB Energie GmbH
way|71372463|16.7|110000|DB Energie GmbH
way|71372464|16.7|110000|DB Energie GmbH
way|71372468|16.7|110000|DB Energie GmbH
way|71372471|16.7|110000|DB Energie GmbH
way|71856928|16.7|110000|DB Energie GmbH
way|79092545|0|450000|
way|85170297|16.7|110000|DB Energie
way|85202892|16.7|110000|DB Energie GmbH
way|87322403|16.7|110000|DB Energie
way|87322404|16.7|110000|DB Energie
way|87322407|16.7|110000|DB Energie
way|87322408|16.7|110000|DB Energie
way|87493551|16.7|110000|DB Energie GmbH
way|87600931|16.7|110000|DB Energie
way|87752735|16.7|110000|DB Energie GmbH
way|87840914|16.7|110000|DB Energie GmbH
way|87840929|16.7|110000|DB Energie
way|87852798|16.7|110000|DB Energie
way|87893375|16.7|110000|DB Energie
way|88143778|16.7|110000|DB Energie
way|89063904|16.7|110000|DB Energie GmbH
way|89063906|16.7|110000|DB Energie GmbH
way|89063909|16.7|110000|DB Energie GmbH
way|89063912|16.7|110000|DB Energie GmbH
way|89287156|16.7|110000|DB Energie
way|89766685|16.7|110000|DB Energie GmbH
way|89766692|16.7|110000|DB Energie
way|89766695|16.7|110000|DB Energie
way|89766703|16.7|110000|DB Energie GmbH
way|89766706|16.7|110000|DB Energie GmbH
way|89766710|16.7|110000|DB Energie
way|89766714|16.7|110000|DB Energie
way|89766717|16.7|110000|DB Energie GmbH
way|89766718|16.7|110000|DB Energie GmbH
way|89766723|16.7|110000|DB Energie GmbH
way|89766726|16.7|110000|DB Energie GmbH
way|89766730|16.7|110000|DB Energie GmbH
way|89766733|16.7|110000|DB Energie GmbH
way|89766740|16.7|110000|DB Energie GmbH
way|89766742|16.7|110000|DB Energie GmbH
way|89774173|16.7|110000|DB Energie GmbH
way|91225547|16.7|110000|DB Energie GmbH
way|97354285|16.7|110000|DB Energie
way|97375684|16.7|110000|DB Energie
way|97441715|50;16.7|110000|
way|97946663|16.7|110000|DB Energie
way|104448814|50;16.7|380000;110000|TenneT TSO
way|104448816|16.7|110000|DB Energie
way|104448821|16.7|110000|DB Energie
way|104449164|16.7|110000|DB Energie GmbH
way|104548175|16.7|110000|DB Energie GmbH
way|104548179|16.7|110000|DB Energie GmbH
way|104548187|16.7|110000|DB Energie
way|104720680|16.7|110000|DB Energie GmbH
way|104720681|16.7|110000|DB Energie
way|104720683|16.7|110000|DB Energie GmbH
way|105662952|16.7|110000|DB Energie
way|106562027|16.7|110000|DB Energie GmbH
way|106562032|16.7|110000|DB Energie GmbH
way|108481353|16.7|110000|DB Energie GmbH
way|109563297|16.7|110000|DB Energie
way|110470852|16.7|110000|DB Energie
way|113047574|16.7|110000|DB Energie GmbH
way|113047578|16.7|110000|DB Energie GmbH
way|113047579|16.7|110000|DB Energie GmbH
way|113047580|16.7|110000|DB Energie GmbH
way|113047582|16.7|110000|DB Energie GmbH
way|113047584|16.7|110000|DB Energie GmbH
way|115613721|16.7|110000|DB Energie
way|116495635|16.7|15000|DB Energie GmbH
way|116495636|16.7|15000|DB Energie
way|116495650|16.7|15000|DB Energie GmbH
way|116495657|16.7|15000|DB Energie GmbH
way|116495665|16.7|15000|DB Energie
way|116496249|16.7|15000|DB Energie GmbH
way|116496252|16.7|15000|DB Energie GmbH
way|116579956|16.7|110000|DB Energie
way|116581690|16.7|110000|DB Energie
way|117202239|0|3000|
way|117202250|0|3000|
way|118899762|16.7|15000|DB Energie GmbH
way|118905777|16.7|110000|DB Energie GmbH
way|119017798|16.7|110000|DB Energie
way|119017800|16.7|110000|DB Energie GmbH
way|119017802|16.7|110000|DB Energie GmbH
way|119017804|16.7|110000|DB Energie GmbH
way|119017805|16.7|110000|DB Energie GmbH
way|119017808|16.7|110000|DB Energie GmbH
way|119018945|16.7|110000|DB Energie GmbH
way|119018946|16.7|110000|DB Energie GmbH
way|119132527|16.7|110000|DB Energie GmbH
way|119132528|16.7|110000|DB Energie GmbH
way|119132531|16.7|110000|DB Energie GmbH
way|119132532|16.7|110000|DB Energie GmbH
way|119132535|16.7|110000|DB Energie GmbH
way|119132540|16.7|110000|DB Energie GmbH
way|119132541|16.7|110000|DB Energie GmbH
way|119206827|16.7|110000|DB Energie GmbH
way|119210458|16.7|110000|DB Energie
way|119210459|16.7|110000|DB Energie
way|119216473|16.7|110000|DB Energie GmbH
way|119216475|16.7|110000|DB Energie GmbH
way|119216478|16.7|110000|DB Energie GmbH
way|119216480|16.7|110000|DB Energie GmbH
way|119216483|16.7|110000|DB Energie GmbH
way|119377193|16.7|110000|DB Energie
way|119377194|16.7|110000|DB Energie
way|119377200|16.7|110000|DB Energie
way|119377204|16.7|110000|DB Energie
way|119377206|16.7|110000|DB Energie
way|119377207|16.7|110000|DB Energie
way|119443382|16.7|110000|DB Energie GmbH
way|119443385|16.7|110000|DB Energie GmbH
way|119443387|16.7|110000|DB Energie GmbH
way|119443394|16.7|110000|DB Energie GmbH
way|119445839|16.7|110000|DB Energie GmbH
way|119445840|16.7|110000|DB Energie GmbH
way|119445841|16.7|110000|DB Energie GmbH
way|119445842|16.7|110000|DB Energie GmbH
way|119445843|16.7|110000|DB Energie GmbH
way|119445844|16.7|110000|DB Energie GmbH
way|119445845|16.7|110000|DB Energie GmbH
way|119447706|16.7|110000|DB Energie
way|119456604|16.7|110000|DB Energie GmbH
way|119456605|16.7|110000|DB Energie
way|119456606|16.7|110000|DB Energie
way|119456607|16.7|110000|DB Energie GmbH
way|119456608|16.7|110000|DB Energie
way|119465656|16.7|110000|DB Energie GmbH
way|119465660|16.7|110000|DB Energie GmbH
way|119465661|16.7|110000|DB Energie GmbH
way|119465666|16.7|110000|DB Energie GmbH
way|119465668|16.7|110000|DB Energie GmbH
way|119495716|16.7|110000|DB Energie GmbH
way|119495717|16.7|110000|DB Energie GmbH
way|119495721|16.7|110000|DB Energie GmbH
way|119495723|16.7|110000|DB Energie GmbH
way|119556525|16.7|110000|DB Energie GmbH
way|119556529|16.7|110000|DB Energie GmbH
way|126752807|16.7|110000|DB Energie
way|126881376|16.7|110000|DB Energie
way|127605901|16.7|110000|DB Energie GmbH
way|131279413|16.7|110000|DB Energie GmbH
way|131986844|16.7|110000|DB Energie
way|133432186|16.7|110000|DB Energie GmbH
way|133432187|16.7|110000|DB Energie GmbH
way|133432192|16.7|110000|DB Energie GmbH
way|141571377|16.7|110000|DB Energie
way|141571391|16.7|110000|DB Energie
way|142352658|16.7|110000|DB Energie GmbH
way|142956535|16.7|110000|DB Energie GmbH
way|142956544|16.7|110000|DB Energie
way|142956576|16.7|110000|DB Energie GmbH
way|142956598|16.7|110000|DB Energie GmbH
way|144832051|16.7|110000|DB Energie
way|144832053|16.7|110000|DB Energie GmbH
way|145033656|16.7|110000|DB Energie
way|145313760|16.7|110000|DB Energie GmbH
way|145424009|16.7|110000|DB Energie
way|145424010|16.7|110000|DB Energie
way|145424021|16.7|110000|DB Energie
way|145640138|16.7|110000|DB Energie
way|146155041|16.7|110000|DB Energie GmbH
way|146155048|16.7|110000|DB Energie
way|146670555|16.7|110000|DB Energie
way|146670558|16.7|110000|DB Energie
way|146882899|16.7|110000|DB Energie
way|146882901|16.7|110000|DB Energie
way|146882914|16.7|110000|DB Energie
way|146882920|16.7|110000|DB Energie
way|146882926|16.7|110000|DB Energie
way|147478381|16.7|110000|DB Energie
way|148446253|16.7|110000|DB Energie
way|148523403|16.7|110000|DB Energie
way|148523405|50;16.7|110000|
way|148523407|16.7|110000|DB Energie
way|149260321|16.7|110000|DB Energie GmbH
way|149815372|16.7|110000|DB Energie GmbH
way|149815389|50;16.7|110000|Westnetz
way|150888543|16.7|110000|DB Energie
way|150888544|16.7|110000|DB Energie
way|152403680|50;16.7|110000|DB Energie
way|154070457|16.7|110000|DB Energie GmbH
way|154070459|16.7|110000|DB Energie GmbH
way|154078302|16.7|110000|DB Energie
way|154327377|16.7|110000|DB Energie
way|154327383|16.7|110000|DB Energie
way|154342917|16.7|110000|DB Energie
way|154368925|16.7|110000|DB Energie GmbH
way|154368926|16.7|110000|DB Energie GmbH
way|154418449|16.7|110000|DB Energie GmbH
way|154420940|16.7|110000|DB Energie
way|154420941|16.7|110000|DB Energie
way|154420942|16.7|110000|DB Energie
way|154420943|16.7|110000|DB Energie GmbH
way|154421736|16.7|110000|DB Energie
way|154421739|16.7|110000|DB Energie GmbH
way|154513914|16.7|110000|DB Energie GmbH
way|154513915|16.7|110000|DB Energie GmbH
way|154513920|16.7|110000|DB Energie GmbH
way|154513930|16.7|110000|DB Energie GmbH
way|154513941|16.7|110000|DB Energie GmbH
way|154513945|16.7|110000|DB Energie GmbH
way|154513949|16.7|110000|DB Energie
way|154513952|16.7|110000|DB Energie
way|154513954|16.7|110000|DB Energie
way|154513955|16.7|110000|DB Energie GmbH
way|154513958|16.7|110000|DB Energie GmbH
way|154513959|16.7|110000|DB Energie
way|154513961|16.7|110000|DB Energie
way|154723177|16.7|110000|DB Energie GmbH
way|154723179|16.7|110000|DB Energie GmbH
way|154723181|16.7|110000|DB Energie GmbH
way|154723183|16.7|110000|DB Energie GmbH
way|154862903|16.7|110000|DB Energie
way|154945792|16.7|110000|DB Energie
way|154945793|16.7|110000|DB Energie
way|156354804|16.7|15000|DB Energie GmbH
way|156354805|16.7|15000|DB Energie GmbH
way|156354806|16.7|15000|DB Energie GmbH
way|156354807|50;16.7|110000;15000|DB Energie
way|156508061|16.7|110000;15000|DB Energie
way|156512726|16.7|110000|DB Energie
way|156559301|16.7|110000|DB Energie GmbH
way|158055542|16.7|110000|DB Energie GmbH
way|159089622|0|400000|
way|159089626|0|400000|
way|160252913|16.7|110000|DB Energie GmbH
way|160252917|16.7|110000|DB Energie GmbH
way|160252918|16.7|110000|DB Energie GmbH
way|160263802|16.7|110000|DB Energie
way|161362649|16.7|110000|DB Energie GmbH
way|161362654|16.7|110000|DB Energie GmbH
way|161362658|16.7|110000|DB Energie GmbH
way|161363331|0|450000|Statnett;TenneT
way|161365671|16.7|110000|DB Energie GmbH
way|161365675|16.7|110000|DB Energie GmbH
way|163826831|16.7|110000|DB Energie GmbH
way|163826832|16.7|110000|DB Energie GmbH
way|164935295|50;16.7|110000;110000|Westnetz
way|167528201|16.7|110000|DB Energie GmbH
way|167528202|16.7|110000|DB Energie GmbH
way|167528203|16.7|110000|DB Energie GmbH
way|167528204|16.7|110000|DB Energie GmbH
way|167528205|16.7|110000|DB Energie GmbH
way|167528206|16.7|110000|DB Energie GmbH
way|168446947|16.7|110000|DB Energie GmbH
way|168446953|16.7|110000|DB Energie GmbH
way|168918761|0|150000|Avacon Netz GmbH
way|169004952|16.7|110000|DB Energie
way|169004956|16.7|110000|DB Energie GmbH
way|169004958|50;16.7|110000|DB Energie
way|170350103|50;16.7|110000|Stadtwerke Düsseldorf
way|172524946|16.7|15000|
way|172959981|0|0|Avacon Netz
way|173634919|16.7|110000|DB Energie GmbH
way|173634934|16.7|110000|DB Energie GmbH
way|174080463|16.7|110000|DB Energie GmbH
way|174080464|16.7|110000|DB Energie GmbH
way|174080467|16.7|110000|DB Energie GmbH
way|174080468|16.7|110000|DB Energie GmbH
way|174080471|16.7|110000|DB Energie GmbH
way|174080475|16.7|110000|DB Energie GmbH
way|174080476|16.7|110000|DB Energie GmbH
way|174080479|16.7|110000|DB Energie GmbH
way|174080482|16.7|110000|DB Energie GmbH
way|174080483|16.7|110000|DB Energie GmbH
way|174080484|16.7|110000|DB Energie GmbH
way|174082379|16.7|110000|DB Energie GmbH
way|174082380|16.7|110000|DB Energie GmbH
way|174082877|16.7|110000|DB Energie GmbH
way|174082878|16.7|110000|DB Energie GmbH
way|174082879|16.7|110000|DB Energie GmbH
way|174082880|16.7|110000|DB Energie GmbH
way|174082881|16.7|110000|DB Energie GmbH
way|174138904|16.7|110000|DB Energie GmbH
way|174209350|16.7|110000|DB Energie
way|174265976|16.7|110000|DB Energie GmbH
way|174265977|16.7|110000|DB Energie
way|174265978|16.7|110000|DB Energie GmbH
way|174265979|16.7|110000|DB Energie GmbH
way|174265980|16.7|110000|DB Energie
way|174265981|16.7|110000|DB Energie
way|174265982|16.7|110000|DB Energie
way|174265984|16.7|110000|DB Energie GmbH
way|174265985|16.7|110000|DB Energie GmbH
way|174265986|16.7|110000|DB Energie GmbH
way|174265987|16.7|110000|DB Energie GmbH
way|174265988|16.7|110000|DB Energie GmbH
way|174268241|16.7|110000|DB Energie
way|174268860|16.7|110000|DB Energie
way|174270443|16.7|110000|DB Energie GmbH
way|174270444|16.7|110000|DB Energie GmbH
way|174273559|16.7|110000|DB Energie GmbH
way|174273560|16.7|110000|DB Energie
way|174273561|16.7|110000|DB Energie
way|174273562|16.7|110000|DB Energie
way|174273563|16.7|110000|DB Energie
way|174273567|16.7|110000|DB Energie
way|174273568|16.7|110000|DB Energie GmbH
way|174273569|16.7|110000|DB Energie
way|174273571|16.7|110000|DB Energie GmbH
way|174273572|16.7|110000|DB Energie GmbH
way|174273573|16.7|110000|DB Energie GmbH
way|174273574|16.7|110000|DB Energie GmbH
way|174280283|16.7|110000|DB Energie GmbH
way|174280284|16.7|110000|DB Energie GmbH
way|174280293|16.7|110000|DB Energie GmbH
way|174292535|16.7|110000|DB Energie GmbH
way|174292537|16.7|110000|DB Energie GmbH
way|174292539|16.7|110000|DB Energie GmbH
way|174292544|16.7|110000|DB Energie
way|174292552|16.7|110000|DB Energie GmbH
way|174292554|16.7|110000|DB Energie GmbH
way|174292555|16.7|110000|DB Energie GmbH
way|174292557|16.7|110000|DB Energie GmbH
way|174371105|16.7|110000|DB Energie GmbH
way|174371106|16.7|110000|DB Energie GmbH
way|174448535|16.7|110000|DB Energie GmbH
way|174450368|16.7|110000|DB Energie GmbH
way|174450369|16.7|110000|DB Energie GmbH
way|174450370|16.7|110000|DB Energie GmbH
way|174450371|16.7|110000|DB Energie GmbH
way|174450372|16.7|110000|DB Energie GmbH
way|174451464|16.7|110000|DB Energie GmbH
way|174451465|16.7|110000|DB Energie
way|174451467|16.7|110000|DB Energie GmbH
way|174547057|16.7|110000|DB Energie GmbH
way|174547062|16.7|110000|DB Energie GmbH
way|174681523|16.7|110000|DB Energie
way|174681529|16.7|110000|DB Energie
way|174681532|16.7|110000|DB Energie
way|174681536|16.7|110000|DB Energie
way|174697639|16.7|110000|DB Energie GmbH
way|174791786|16.7|110000;15000|DB Energie GmbH
way|174929804|16.7|110000|DB Energie
way|174929805|16.7|110000|DB Energie
way|175996528|16.7|110000|DB Energie
way|175996529|16.7|110000|DB Energie GmbH
way|175996530|16.7|110000|DB Energie GmbH
way|176051005|16.7|110000|DB Energie GmbH
way|176051006|16.7|110000|DB Energie GmbH
way|176161378|16.7|110000|DB Energie
way|176292765|16.7|110000|DB Energie
way|176292766|16.7|110000|DB Energie
way|176292767|16.7|110000|DB Energie
way|176292769|16.7|110000|DB Energie
way|176292770|16.7|110000|DB Energie
way|176292771|16.7|110000|DB Energie
way|176292772|16.7|110000|DB Energie
way|176292773|16.7|110000|DB Energie
way|176292775|16.7|110000|DB Energie
way|176292776|16.7|110000|DB Energie
way|176292778|16.7|110000|DB Energie
way|176292779|16.7|110000|DB Energie
way|176292780|16.7|110000|DB Energie
way|176341536|16.7|110000|DB Energie GmbH
way|176341537|16.7|110000|DB Energie GmbH
way|176341538|16.7|110000|DB Energie GmbH
way|176341539|16.7|110000|DB Energie GmbH
way|176356261|16.7|110000|DB Energie
way|176356262|16.7|110000|DB Energie
way|176414948|16.7|110000|DB Energie GmbH
way|176414958|16.7|110000|DB Energie
way|176414959|16.7|110000|DB Energie GmbH
way|176414960|16.7|110000|DB Energie GmbH
way|176416749|16.7|110000|DB Energie
way|177010488|16.7|110000|DB Energie
way|177187865|16.7|110000|DB Energie
way|177187880|16.7|110000|DB Energie
way|177187881|16.7|110000|DB Energie
way|177187882|16.7|110000|DB Energie
way|177187883|16.7|110000|DB Energie
way|177187884|16.7|110000|DB Energie
way|177187885|16.7|110000|DB Energie
way|177187886|16.7|110000|DB Energie
way|177187887|16.7|110000|DB Energie
way|177187888|16.7|110000|DB Energie
way|177187889|16.7|110000|DB Energie
way|177256702|16.7|110000|DB Energie GmbH
way|177258162|16.7|110000|DB Energie
way|177258164|16.7|110000|DB Energie
way|177258167|16.7|110000|DB Energie
way|178708509|0|0|TenneT TSO
way|179185086|16.7|110000|DB Energie GmbH
way|185597050|16.7|110000|DB Energie GmbH
way|185597051|16.7|110000|DB Energie GmbH
way|185597052|16.7|110000|DB Energie GmbH
way|185597053|16.7|110000|DB Energie GmbH
way|187941038|0|3000|
way|188694016|639000||
way|188694019|639000||
way|188694020|639000||
way|188694021|639000||
way|188694024|639000||
way|191346806|16.7|110000|DB Energie GmbH
way|193383114|0|150000|Avacon Netz GmbH
way|197795450|16.7|15000|
way|198869243|16.7|110000|DB Energie
way|198869247|16.7|15000|DB Energie
way|198869248|16.7|110000|DB Energie
way|198902997|16.7|110000|DB Energie
way|198902998|16.7|110000|DB Energie
way|198902999|16.7|110000|DB Energie
way|198903000|16.7|110000|DB Energie
way|198903001|16.7|110000|DB Energie
way|198903002|16.7|110000|DB Energie
way|198903003|16.7|110000|DB Energie
way|198903004|16.7|110000|DB Energie
way|198959814|16.7|110000|DB Energie
way|199145302|16.7|15000|DB Energie GmbH
way|199145303|16.7|110000|DB Energie
way|199145304|16.7|15000|DB Energie
way|199145305|16.7|110000;15000|DB Energie
way|199274020|16.7|110000|DB Energie GmbH
way|199274021|16.7|110000|DB Energie GmbH
way|199274022|16.7|110000|DB Energie GmbH
way|199274494|16.7|110000|DB Energie GmbH
way|199453322|16.7|110000|DB Energie
way|199453323|16.7|110000|DB Energie
way|199468133|16.7|110000|DB Energie GmbH
way|199468136|16.7|110000|DB Energie GmbH
way|199468139|16.7|110000|DB Energie GmbH
way|199468142|16.7|110000|DB Energie GmbH
way|199472745|16.7|110000|DB Energie GmbH
way|199472746|16.7|110000|DB Energie GmbH
way|199472747|16.7|110000|DB Energie GmbH
way|199472748|16.7|110000|DB Energie GmbH
way|199477049|16.7|110000|DB Energie GmbH
way|199477050|16.7|110000|DB Energie GmbH
way|199477051|16.7|110000|DB Energie GmbH
way|199477052|16.7|110000|DB Energie GmbH
way|199477595|16.7|110000|DB Energie GmbH
way|199477596|16.7|110000|DB Energie GmbH
way|199478954|16.7|110000|DB Energie GmbH
way|199478955|16.7|110000|DB Energie GmbH
way|199478956|16.7|110000|DB Energie GmbH
way|199478957|16.7|110000|DB Energie GmbH
way|199581804|16.7|110000|DB Energie GmbH
way|202526110|16.7|15000|
way|203657876|0|150000|Avacon Netz GmbH
way|203672472|0|300000|TenneT
way|203672478|0|300000|TenneT TSO GmbH
way|214544098|16.7|110000|DB Energie
way|214544141|16.7|110000|DB Energie GmbH
way|214544144|16.7|15000|DB Energie GmbH
way|214544145|16.7|15000|DB Energie GmbH
way|214544153|16.7|15000|DB Energie GmbH
way|214817416|0|750|Berliner Verkehrsbetriebe
way|215669426|16.7|110000;15000|DB Energie
way|215669427|16.7|15000|
way|215669428|16.7|15000|
way|215669429|16.7|15000|
way|215669430|16.7|15000|
way|216669966|16.7|110000|DB Energie
way|216681683|16.7|110000|DB Energie GmbH
way|216681684|16.7|110000|DB Energie GmbH
way|217974209|0|450000|
way|223535387|0|250000;320000;320000|
way|233999540|16.7|110000|DB Energie GmbH
way|233999541|16.7|110000|DB Energie GmbH
way|241699560|16.7|15000|
way|242343110|16.7|110000|DB Energie
way|242343111|16.7|110000|DB Energie
way|242344335|16.7|110000|DB Energie
way|242344338|16.7|110000|DB Energie
way|242344341|16.7|110000|DB Energie
way|242344344|16.7|110000|DB Energie
way|242344347|16.7|110000|DB Energie
way|242344349|16.7|110000|DB Energie
way|242344353|16.7|110000|DB Energie
way|242344356|16.7|110000|DB Energie
way|242344359|16.7|110000|DB Energie
way|242346899|16.7|110000|DB Energie
way|243965721|16.7|110000|DB Energie GmbH
way|244253314|16.7|15000|
way|245495171|16.7|15000|DB Energie GmbH
way|245550203|16.7|15000|
way|245550204|16.7|15000|
way|253231430|16.7|110000;15000|DB Energie
way|253707772|0|400000|
way|265590932|16.7|110000|DB Energie GmbH
way|265590933|16.7|110000|DB Energie GmbH
way|265591544|16.7|110000|DB Energie GmbH
way|265591546|16.7|110000|DB Energie GmbH
way|265591547|16.7|110000|DB Energie GmbH
way|265591548|16.7|110000|DB Energie
way|270278291|16.7|110000|DB Energie
way|271989804|0|0|Amprion
way|273702900|16.7|110000|DB Energie GmbH
way|273702901|16.7|110000|DB Energie GmbH
way|275138480|16.7|110000|DB Energie GmbH
way|275138481|16.7|110000|DB Energie
way|275138500|16.7|110000|DB Energie GmbH
way|275138501|16.7|110000|DB Energie GmbH
way|275138502|16.7|55000|DB Energie GmbH
way|275138503|16.7|110000|DB Energie GmbH
way|275138504|16.7|55000|DB Energie GmbH
way|275138505|16.7|110000|DB Energie GmbH
way|275138506|16.7|110000|DB Energie GmbH
way|275138507|16.7|55000|DB Energie GmbH
way|275138508|16.7|110000|DB Energie GmbH
way|275138509|16.7|55000|DB Energie GmbH
way|275138510|16.7|110000|DB Energie GmbH
way|275138517|16.7|110000|DB Energie GmbH
way|277794545|16.7|110000|DB Energie
way|284695899|16.7|110000|DB Energie
way|284695903|16.7|110000|DB Energie
way|284697986|16.7|110000|DB Energie
way|284701564|50;16.7|220000;110000|ENERVIE Vernetzt
way|284701565|50;16.7|220000;110000|ENERVIE Vernetzt
way|284713612|16.7|110000|DB Energie GmbH
way|284713613|16.7|110000|DB Energie GmbH
way|284865899|16.7|110000|DB Energie GmbH
way|284865900|16.7|110000|DB Energie
way|284926979|16.7|110000|DB Energie
way|284927138|16.7|110000|DB Energie
way|284965425|16.7|110000|DB Energie
way|284965426|16.7|110000|DB Energie
way|285581529|16.7|15000|DB Energie GmbH
way|285977051|0|320000|Tennet TSO GmbH
way|286130583|16.7|110000|DB Energie
way|286130584|16.7|110000|DB Energie
way|286130585|16.7|110000|DB Energie
way|286130587|16.7|110000|DB Energie GmbH
way|286130588|16.7|110000|DB Energie
way|286130597|16.7|110000|DB Energie
way|286130598|16.7|110000|DB Energie
way|286130602|16.7|110000|DB Energie
way|286130603|16.7|110000|DB Energie
way|289604505|16.7|110000|DB Energie GmbH
way|289604506|16.7|110000|DB Energie GmbH
way|289604508|16.7|110000|DB Energie GmbH
way|289604509|16.7|110000|DB Energie GmbH
way|289604510|16.7|110000|DB Energie GmbH
way|290812072|16.7|110000|DB Energie
way|290812073|16.7|110000|DB Energie
way|290812074|16.7|110000|DB Energie
way|298616054|16.7|110000|DB Energie GmbH
way|301791031|16.7|110000|DB Energie GmbH
way|301791032|16.7|110000|DB Energie GmbH
way|301791033|16.7|110000|DB Energie GmbH
way|301791034|16.7|110000|DB Energie GmbH
way|303583019|16.7|110000|DB Energie
way|303801592|16.7|110000|DB Energie
way|303801604|16.7|110000|DB Energie
way|303801606|16.7|110000|DB Energie
way|303801608|16.7|110000|DB Energie
way|303801609|16.7|110000|DB Energie
way|303801615|16.7|110000|DB Energie
way|303801623|16.7|110000|DB Energie
way|303926450|16.7|110000|DB Energie
way|303926451|16.7|110000|DB Energie
way|303926452|16.7|110000|DB Energie
way|304116205|16.7|110000|DB Energie GmbH
way|304116206|16.7|110000|DB Energie
way|304402418|16.7|15000|
way|304849988|16.7|15000|
way|304849989|16.7|15000|
way|304849990|16.7|15000|
way|304849991|16.7|15000|
way|305274805|16.7|15000|DB Energie GmbH
way|305274807|16.7|15000|DB Energie GmbH
way|305294241|16.7|15000|DB Energie GmbH
way|305294242|16.7|15000|DB Energie GmbH
way|307006193|16.7|15000|DB Energie GmbH
way|307006194|16.7|15000|DB Energie GmbH
way|307006195|16.7|15000|DB Energie GmbH
way|310364461|16.7|110000|DB Energie GmbH
way|310364467|16.7|110000|DB Energie GmbH
way|310364468|16.7|110000|DB Energie GmbH
way|311980720|16.7|110000|DB Energie
way|311980721|16.7|110000|DB Energie
way|311980722|16.7|110000|DB Energie
way|311980723|16.7|110000|DB Energie GmbH
way|311980724|16.7|110000|DB Energie
way|311980725|16.7|110000|DB Energie
way|311980726|16.7|110000|DB Energie
way|311980728|16.7|110000|DB Energie
way|311980729|16.7|110000|DB Energie
way|311980730|16.7|110000|DB Energie
way|311980732|16.7|110000|DB Energie GmbH
way|311980733|16.7|110000|DB Energie
way|311980734|16.7|110000|DB Energie
way|311980735|16.7|110000|DB Energie
way|311980736|16.7|110000|DB Energie
way|312002304|16.7|110000|DB Energie
way|312002305|16.7|110000|DB Energie
way|314767923|16.7|110000|DB Energie GmbH
way|315821919|16.7|110000|DB Energie
way|320451195|16.7|15000|DB Energie
way|320451196|16.7|110000|DB Energie GmbH
way|320517124|0|750|DB Energie
way|320517126|0|750|DB Energie
way|320870801|16.7|15000|
way|320870802|16.7|15000|
way|320870803|16.7|15000|
way|320870805|16.7|15000|
way|320870806|16.7|15000|
way|320870807|16.7|15000|
way|320870808|16.7|15000|
way|320870809|16.7|15000|
way|320870811|16.7|15000|
way|320870812|16.7|15000|
way|320870814|16.7|15000|
way|321007045|0|750|S-Bahn Berlin GmbH
way|321007871|0|750|DB Energie GmbH
way|321007873|0|750|DB Energie GmbH
way|321007874|0|750|DB Energie GmbH
way|321007876|0|750|DB Energie
way|321007877|0|750|DB Energie GmbH
way|321008307|0|750|DB Energie GmbH
way|321012311|0|750|DB Energie GmbH
way|321012312|0|750|DB Energie GmbH
way|321012314|0|750|DB Energie GmbH
way|321012315|0|750|S-Bahn Berlin GmbH
way|321012316|0|750|DB Energie GmbH
way|321012318|0|750|DB Energie
way|321012319|0|750|DB Energie
way|321012321|0|750|DB Energie
way|321022796|0|750|DB Energie GmbH
way|321022797|0|750|DB Energie GmbH
way|321092586|16.7|15000|DB Energie
way|321092589|16.7|15000|DB Energie
way|321092590|16.7|15000|DB Energie
way|321092591|16.7|15000|DB Energie
way|321092595|16.7|15000|DB Energie
way|323341328|16.7|15000|DB Energie
way|324081763|16.7|15000|DB Energie
way|324081764|16.7|15000|DB Energie
way|324081775|16.7|15000|DB Energie
way|324091280|16.7|15000|DB Energie GmbH
way|324102403|16.7|15000|DB Energie
way|324102404|16.7|15000|DB Energie
way|324102405|16.7|15000|DB Energie
way|324107937|16.7|15000|DB Energie GmbH
way|325157925|0|320000|
way|327073385|16.7|110000|DB Energie GmbH
way|327073389|16.7|110000|DB Energie GmbH
way|327073407|16.7|110000|DB Energie
way|327073410|16.7|110000|DB Energie
way|328148289|16.7|110000|DB Energie
way|329764757|16.7|110000|DB Energie GmbH
way|329764758|16.7|110000|DB Energie GmbH
way|329764759|16.7|110000|DB Energie GmbH
way|329764761|16.7|110000|DB Energie GmbH
way|333768252|16.7|15000|
way|340264133|0|320000|Tennet TSO GmbH
way|348372420|16.7|110000|DB Energie GmbH
way|348372422|16.7|110000|DB Energie GmbH
way|348376395|16.7|110000|DB Energie
way|348376397|16.7|110000|DB Energie
way|352143200|16.7|110000|DB Energie
way|352143201|16.7|110000|DB Energie
way|352143205|16.7|110000|DB Energie
way|353915682|50;16.7|380000;110000|50Hertz Transmission
way|353915684|50;16.7|380000;110000|50Hertz Transmission;DB Energie GmbH
way|353915692|16.7|110000|DB Energie
way|353915699|16.7|110000|DB Energie GmbH
way|362059619|16.7|110000|DB Energie GmbH
way|362059620|16.7|110000|DB Energie GmbH
way|362332800|16.7|15000|DB Energie
way|362332801|16.7|15000|DB Energie
way|362332802|50;16.7;16.7|380000;110000;15000|TenneT TSO
way|362340937|16.7|15000|DB Energie GmbH
way|362340938|16.7|110000|DB Energie
way|363180815|0|3000|
way|363362014|16.7|15000|DB Netz AG
way|365344175|16.7|110000|DB Energie GmbH
way|365344176|16.7|15000|DB Energie GmbH
way|365344181|16.7|110000|DB Energie GmbH
way|365344184|16.7|110000|DB Energie GmbH
way|369542763|50;16.7|110000|E.DIS Netz GmbH
way|369542764|16.7|110000|DB Energie GmbH
way|370147304|0|525000|Statnett; TenneT
way|375747497|16.7|110000|DB Energie GmbH
way|375747499|16.7|110000|DB Energie GmbH
way|375987122|16.7|15000|DB Energie
way|375987123|16.7|15000|DB Energie
way|375987124|16.7|15000|DB Energie
way|377436466|16.7|15000|
way|377588262|16.7|15000|
way|377588263|16.7|15000|
way|379326018|16.7|15000|
way|379326022|16.7|15000|
way|379326023|16.7|15000|
way|380051736|50;16.7|110000;110000|DB Energie
way|392598011|16.7|110000|DB Energie GmbH
way|395239764|16.7|15000|
way|399446407|16.7|110000|DB Energie GmbH
way|399813323|0|3000|
way|402362692|16.7|15000|
way|412862533|16.7|110000|DB Energie
way|412862534|16.7|110000|DB Energie
way|412862535|16.7|15000|
way|412862536|16.7|15000|
way|412862537|16.7|15000|
way|412862538|16.7|15000|
way|412862539|16.7|15000|
way|412862540|16.7|15000|
way|416851866|16.7|110000|DB Energie
way|416851895|16.7|110000|DB Energie
way|416851918|16.7|110000|DB Energie
way|427113519|0|600|
way|435714947|16.7|110000|DB Energie GmbH
way|435714948|16.7|110000|DB Energie
way|441494158|16.7|110000|DB Energie GmbH
way|449928712|16.7|110000|DB Energie GmbH
way|449928713|16.7|110000|DB Energie GmbH
way|450028166|5||
way|454390401|16.7|110000|DB Energie
way|454390402|16.7|110000|DB Energie
way|455313449|16.7|110000|DB Energie
way|455313451|16.7|110000|DB Energie
way|455403097|16.7|110000|DB Energie GmbH
way|455884442|16.7|110000|DB Energie GmbH
way|455884443|16.7|110000|DB Energie GmbH
way|455884444|16.7|110000|DB Energie GmbH
way|455884445|16.7|110000|DB Energie GmbH
way|455884446|16.7|110000|DB Energie GmbH
way|455884447|16.7|110000|DB Energie GmbH
way|458388014|16.7||
way|458388015|16.7||
way|458388055|16.7||
way|458388056|16.7||
way|458388064|16.7||
way|459241976|16.7|15000|
way|459241977|16.7|15000|
way|459241978|16.7|15000|
way|459241999|16.7||
way|459242000|16.7||
way|459242001|16.7||
way|459242002|16.7||
way|460125930|406500||
way|461759775|16.7|110000|DB Energie GmbH
way|461759776|16.7|110000|DB Energie GmbH
way|461759777|16.7|110000|DB Energie GmbH
way|467834291|16.7|110000|DB Energie GmbH
way|467834292|16.7|110000|DB Energie GmbH
way|467834293|16.7|110000|DB Energie GmbH
way|467834294|16.7|110000|DB Energie GmbH
way|467834567|16.7|110000|DB Energie GmbH
way|467834568|16.7|110000|DB Energie GmbH
way|467834569|16.7|110000|DB Energie GmbH
way|467835405|16.7|110000|DB Energie
way|467837239|16.7|110000|DB Energie GmbH
way|474096895|16.7|15000|DB Energie GmbH
way|474096896|16.7|15000|DB Energie GmbH
way|498869303|16.7|110000|DB Energie
way|498869310|16.7|110000|DB Energie
way|499168755|16.7|110000|DB Energie
way|499168756|16.7|110000|DB Energie
way|499168757|16.7|110000|DB Energie
way|499168760|16.7|110000|DB Energie
way|499170316|16.7|110000|DB Energie
way|499503583|16.7|110000|DB Energie
way|499503585|16.7|110000|DB Energie
way|499503586|16.7|110000|DB Energie GmbH
way|499503587|16.7|110000|DB Energie
way|500214514|16.7|110000|DB Energie GmbH
way|500214515|16.7|110000|DB Energie
way|500214516|16.7|110000|DB Energie
way|500214517|16.7|110000|DB Energie
way|500214518|16.7|110000|DB Energie GmbH
way|500214519|16.7|110000|DB Energie
way|500214520|16.7|110000|DB Energie GmbH
way|500214521|16.7|110000|DB Energie GmbH
way|500214522|16.7|110000|DB Energie GmbH
way|500214523|16.7|110000|DB Energie GmbH
way|500214524|16.7|110000|DB Energie GmbH
way|500214525|16.7|110000|DB Energie GmbH
way|500214526|16.7|110000|DB Energie GmbH
way|500214527|16.7|110000|DB Energie GmbH
way|500230250|16.7|110000|DB Energie
way|500230258|16.7|110000|DB Energie
way|500239787|16.7|110000|DB Energie
way|500239788|16.7|110000|DB Energie
way|500239789|16.7|110000|DB Energie
way|500239790|16.7|110000|DB Energie
way|500239791|16.7|110000|DB Energie
way|500519271|16.7|110000|DB Energie GmbH
way|500519272|16.7|110000|DB Energie GmbH
way|500519273|16.7|110000|DB Energie GmbH
way|500519275|16.7|110000|DB Energie GmbH
way|500519280|16.7|110000|DB Energie GmbH
way|500519286|16.7|110000|DB Energie GmbH
way|500519291|16.7|110000|DB Energie GmbH
way|500519296|16.7|110000|DB Energie GmbH
way|500519301|16.7|110000|DB Energie GmbH
way|500519307|16.7|110000|DB Energie GmbH
way|501211414|16.7|110000|DB Energie
way|501211418|16.7|110000|DB Energie
way|501899331|16.7|110000|DB Energie
way|501899332|16.7|110000|DB Energie
way|501899333|16.7|110000|DB Energie
way|501899334|16.7|110000|DB Energie
way|501899335|16.7|110000|DB Energie
way|501899580|16.7|110000|DB Energie
way|501902864|16.7|110000|DB Energie GmbH
way|501902865|16.7|110000|DB Energie GmbH
way|501902866|16.7|110000|DB Energie GmbH
way|504110628|16.7|110000|DB Energie
way|504110629|16.7|110000|DB Energie
way|504256147|16.7|110000|DB Energie GmbH
way|504256148|16.7|110000|DB Energie GmbH
way|504256149|16.7|110000|DB Energie GmbH
way|505395541|16.7|110000|DB Energie
way|505395542|16.7|110000|DB Energie
way|505395543|16.7|110000|DB Energie
way|505402440|16.7|110000|DB Energie GmbH
way|505402441|16.7|110000|DB Energie GmbH
way|505402442|16.7|110000|DB Energie GmbH
way|505402443|16.7|110000|DB Energie
way|505402444|16.7|110000|DB Energie
way|505402445|16.7|110000|DB Energie GmbH
way|505406150|16.7|110000|DB Energie
way|506134099|16.7|110000|DB Energie GmbH
way|506134100|16.7|110000|DB Energie GmbH
way|506134101|16.7|110000|DB Energie GmbH
way|506134102|16.7|110000|DB Energie GmbH
way|506134415|16.7|110000|DB Energie
way|506134416|16.7|110000|DB Energie
way|506134417|16.7|110000|DB Energie
way|506243903|16.7|110000|DB Energie GmbH
way|506298024|16.7|110000|DB Energie GmbH
way|506298025|16.7|110000|DB Energie GmbH
way|506299044|16.7|110000|DB Energie
way|506299045|16.7|110000|DB Energie
way|513600868|16.7|15000|
way|516115504|16.7|15000|DB Energie
way|527144959|0|3000|
way|527144962|0|3000|
way|534680379|0|48|
way|548206951|16.7|110000|DB Energie GmbH
way|548516538|16.7|110000|DB Energie GmbH
way|548516539|16.7|110000|DB Energie GmbH
way|548516845|16.7|110000|DB Energie GmbH
way|548516846|16.7|110000|DB Energie GmbH
way|548516847|16.7|110000|DB Energie GmbH
way|552466454|16.7|110000|DB Energie GmbH
way|552466456|16.7|110000|DB Energie GmbH
way|552466459|16.7|110000|DB Energie GmbH
way|558915025|0|3000|
way|559725696|0|320000|TenneT TSO GmbH
way|559730321|0|320000|TenneT TSO GmbH
way|559751662|0|320000|TenneT TSO GmbH
way|559751674|0|320000|
way|574577669|50;16.7|380000;110000|TenneT TSO GmbH;DB Energie GmbH
way|577032053|0|320000|TenneT;Energinet
way|578137663|0|320000|
way|578137667|0|320000|
way|586102250|0||
way|586102251|0||
way|586102252|0||
way|586102253|0||
way|586102254|0||
way|586102255|0||
way|586102256|0|400000|
way|586102257|0|400000|
way|617553005|16.7|15000|DB Energie GmbH
way|617553006|16.7|15000|DB Energie GmbH
way|617553007|16.7|15000|DB Energie GmbH
way|617553009|16.7|15000|DB Energie GmbH
way|630224738|50;16.7|110000|Westnetz;DB Energie GmbH
way|667267039|0|525000|
way|673506104|0|3000|
way|673506105|0|3000|
way|673506112|0|3000|
way|686404105|0|0|
way|692423967|0|3000|
way|697003434|16.7|110000|DB Energie
way|697003435|16.7|110000|DB Energie
way|706201043|16.7|110000|DB Energie GmbH
way|718462045|16.7|110000|DB Energie GmbH
way|718462046|16.7|110000|DB Energie
way|754691562|0|362000|
way|754696580|0|320000|TenneT TSO GmbH
way|754696581|0|600000|TenneT TSO GmbH
way|754696582|0|320000|TenneT TSO GmbH
way|754698865|0|600000|TenneT TSO GmbH
way|754698866|0|600000|TenneT TSO GmbH
way|754700944|0|320000|TenneT TSO GmbH
way|754703198|0|320000|TenneT TSO GmbH
way|755339214|0|3000|
way|755339221|0|3000|
way|755339222|0|3000|
way|758328315|16.7|110000|DB Energie GmbH
way|758328316|16.7|110000|DB Energie GmbH
way|758328317|16.7|110000|DB Energie GmbH
way|758328318|16.7|110000|DB Energie GmbH
way|758328319|16.7|110000|DB Energie GmbH
way|758328320|16.7|110000|DB Energie GmbH
way|758328321|16.7|110000|DB Energie GmbH
way|759466756|0|3000|
way|759466757|0|3000|
way|759466758|0|3000|
way|759466759|0|3000|
way|766727718|16.7|110000|DB Energie GmbH
way|766727719|16.7|110000|DB Energie
way|766727724|16.7|110000|DB Energie GmbH
way|766727725|16.7|110000|DB Energie GmbH
way|766727726|16.7|110000|DB Energie
way|766727727|16.7|110000|DB Energie
way|766727728|16.7|110000|DB Energie GmbH
way|766727729|16.7|110000|DB Energie GmbH
way|766727730|16.7|110000|DB Energie GmbH
way|766727731|16.7|110000|DB Energie GmbH
way|766727732|16.7|110000|DB Energie GmbH
way|766752044|16.7|110000|DB Energie
way|766752045|16.7|110000|DB Energie
way|781297672|16.7|110000|DB Energie
way|786325324|0|3000|
way|786325325|0|3000|
way|786325326|0|3000|
way|786325327|0|3000|
way|786325328|0|3000|
way|786361119|16.7|110000|DB Energie GmbH
way|786361120|16.7|110000|DB Energie GmbH
way|786361121|16.7|110000|DB Energie GmbH
way|787950974|16.7|15000|DB Energie
way|787952606|16.7|15000|DB Energie
way|806238478|50;16.7|380000;110000|RWE
way|810410262|0|320000|TenneT TSO GmbH
way|810410377|0|320000|TenneT;Energinet
way|810437979|16.7|110000|DB Energie GmbH
way|810437980|16.7|110000|DB Energie GmbH
way|810437981|16.7|110000|DB Energie GmbH
way|810437982|16.7|110000|DB Energie GmbH
way|810437983|16.7|110000|DB Energie GmbH
way|810437984|16.7|110000|DB Energie GmbH
way|810437985|16.7|110000|DB Energie GmbH
way|810437986|16.7|110000|DB Energie GmbH
way|810437987|16.7|110000|DB Energie GmbH
way|810437988|16.7|110000|DB Energie GmbH
way|810437989|16.7|110000|DB Energie GmbH
way|810437990|16.7|110000|DB Energie GmbH
way|810471399|16.7|3600|Uniper Kraftwerke GmbH
way|810471400|16.7|3600|Uniper Kraftwerke GmbH
way|810471401|16.7|3600|Uniper Kraftwerke GmbH
way|810471402|16.7|3600|Uniper Kraftwerke GmbH
way|810471403|16.7|3600|Uniper Kraftwerke GmbH
way|810471404|16.7|3600|Uniper Kraftwerke GmbH
way|810471406|16.7|3600|Uniper Kraftwerke GmbH
way|810471407|16.7|3600|Uniper Kraftwerke GmbH
way|810471408|16.7|3600|Uniper Kraftwerke GmbH
way|810471409|16.7|3600|Uniper Kraftwerke GmbH
way|810471410|16.7|3600|Uniper Kraftwerke GmbH
way|810471411|16.7|3600|Uniper Kraftwerke GmbH
way|810471412|16.7|55000|DB Energie GmbH
way|810474595|16.7|55000|DB Energie GmbH
way|810474596|16.7|55000|DB Energie GmbH
way|810474597|16.7|3600|Uniper Kraftwerke GmbH
way|810474599|16.7|3600|Uniper Kraftwerke GmbH
way|810474600|16.7|3600|Uniper Kraftwerke GmbH
way|810474601|16.7|3600|Uniper Kraftwerke GmbH
way|810474613|16.7|3600|Uniper Kraftwerke GmbH
way|810474615|16.7|3600|Uniper Kraftwerke GmbH
way|810474618|16.7|3600|Uniper Kraftwerke GmbH
way|810474619|16.7|3600|Uniper Kraftwerke GmbH
way|810474620|16.7|3600|Uniper Kraftwerke GmbH
way|810474621|16.7|3600|Uniper Kraftwerke GmbH
way|810474622|16.7|3600|Uniper Kraftwerke GmbH
way|810474623|16.7|3600|Uniper Kraftwerke GmbH
way|810474624|16.7|3600|Uniper Kraftwerke GmbH
way|810474626|16.7|3600|Uniper Kraftwerke GmbH
way|810474627|16.7|3600|Uniper Kraftwerke GmbH
way|810474628|16.7|3600|Uniper Kraftwerke GmbH
way|810474640|16.7|3600|Uniper Kraftwerke GmbH
way|810474642|16.7|3600|Uniper Kraftwerke GmbH
way|810474645|16.7|3600|Uniper Kraftwerke GmbH
way|810474646|16.7|3600|Uniper Kraftwerke GmbH
way|810474647|16.7|3600|Uniper Kraftwerke GmbH
way|810474648|16.7|3600|Uniper Kraftwerke GmbH
way|810474649|16.7|3600|Uniper Kraftwerke GmbH
way|810474650|16.7|3600|Uniper Kraftwerke GmbH
way|810474651|16.7|55000|DB Energie GmbH
way|810474652|16.7|3600|Uniper Kraftwerke GmbH
way|810474653|16.7|3600|Uniper Kraftwerke GmbH
way|810474654|16.7|3600|Uniper Kraftwerke GmbH
way|810474655|16.7|3600|Uniper Kraftwerke GmbH
way|810474669|16.7|3600|Uniper Kraftwerke GmbH
way|810474671|16.7|3600|Uniper Kraftwerke GmbH
way|810474672|16.7|3600|Uniper Kraftwerke GmbH
way|810474673|16.7|3600|Uniper Kraftwerke GmbH
way|810474674|16.7|3600|Uniper Kraftwerke GmbH
way|810474676|16.7|3600|Uniper Kraftwerke GmbH
way|810474677|16.7|3600|Uniper Kraftwerke GmbH
way|810474678|16.7|3600|Uniper Kraftwerke GmbH
way|810494220|16.7|110000|DB Energie GmbH
way|810494221|16.7|110000|DB Energie GmbH
way|810866423|16.7|110000|DB Energie GmbH
way|818573388|16.7|110000|DB Energie GmbH
way|818573389|16.7|110000|DB Energie GmbH
way|818573390|16.7|110000|DB Energie GmbH
way|818573391|16.7|110000|DB Energie GmbH
way|818573392|16.7|110000|DB Energie GmbH
way|818573393|16.7|110000|DB Energie GmbH
way|821276126|16.7|110000|DB Energie
way|821276127|16.7|110000|DB Energie
way|821276128|16.7|110000|DB Energie
way|821276129|16.7|110000|DB Energie
way|821276130|16.7|110000|DB Energie
way|821651690|16.7|110000|DB Energie
way|821651703|16.7||DB Energie
way|821682686|16.7|110000|
way|821682687|16.7|medium|
way|821682688|16.7|110000|DB Energie
way|821682689|16.7|medium|DB Energie
way|821682690|16.7|110000|DB Energie
way|821682691|16.7|110000|DB Energie
way|821682692|16.7|110000|DB Energie
way|821682693|16.7|110000|DB Energie
way|821682694|16.7|110000|DB Energie
way|821682695|16.7|110000|DB Energie
way|821682696|16.7|110000|DB Energie
way|821705738|16.7|110000|DB Energie
way|821705739|16.7|110000|DB Energie
way|821705740|16.7|15000|
way|821705741|16.7|15000|
way|821705742|16.7|15000|
way|821705743|16.7|15000|
way|821705744|16.7|15000|
way|821705745|16.7|15000|
way|821714119|16.7|110000|DB Energie GmbH
way|821714120|16.7|110000|DB Energie GmbH
way|821714121|16.7|110000|DB Energie GmbH
way|821714122|16.7|110000|DB Energie GmbH
way|821714123|16.7|110000|DB Energie GmbH
way|821714124|16.7|110000|DB Energie GmbH
way|821999770|16.7|110000|DB Energie GmbH
way|821999773|16.7|110000|DB Energie GmbH
way|821999775|16.7|110000|DB Energie GmbH
way|822062639|16.7|110000|DB Energie
way|822062640|16.7|110000|DB Energie
way|822062642|16.7|110000|DB Energie
way|822062643|16.7|15000|DB Energie GmbH
way|822062644|16.7|15000|DB Energie GmbH
way|827848139|16.7|110000|DB Energie GmbH
way|827848140|16.7|110000|DB Energie GmbH
way|827848141|16.7|110000|DB Energie GmbH
way|827848142|16.7|110000|DB Energie GmbH
way|827848143|16.7|110000|DB Energie GmbH
way|827848144|16.7|110000|DB Energie GmbH
way|827848145|16.7|110000|DB Energie GmbH
way|828256037|16.7|medium|
way|828256042|16.7|medium|
way|828438446|16.7|110000|DB Energie
way|828438447|16.7|110000|DB Energie
way|828438448|16.7|110000|DB Energie
way|828438449|16.7|110000|DB Energie
way|828438450|16.7|110000|DB Energie
way|828438451|16.7|110000|DB Energie
way|828438452|16.7|110000|
way|828438453|16.7|15000|DB Energie GmbH
way|828438455|16.7|110000|DB Energie
way|828438456|16.7|110000|DB Energie
way|828438457|16.7|110000|DB Energie
way|828438458|16.7|110000|DB Energie
way|828755954|16.7|15000|DB Energie GmbH
way|828755956|16.7|15000|DB Energie GmbH
way|833020328|16.7|15000|
way|833020329|16.7|15000|
way|833020330|16.7|15000|
way|833020331|16.7|15000|
way|833020332|16.7|110000|DB Energie
way|833020333|16.7|110000|DB Energie
way|833020334|16.7|110000|DB Energie
way|833020335|16.7|110000|DB Energie
way|833020346|16.7|110000|DB Energie
way|833020347|16.7|110000|DB Energie
way|833020348|16.7|110000|DB Energie
way|833020349|16.7|110000|
way|833020350|16.7|110000|DB Energie
way|833020351|16.7|110000|DB Energie
way|833020352|16.7|medium|DB Energie GmbH
way|833020353|16.7|medium|DB Energie GmbH
way|833020354|16.7|15000|DB Energie GmbH
way|833020355|16.7|15000|DB Energie GmbH
way|833020356|16.7|15000|DB Energie GmbH
way|833044109|16.7|110000|DB Energie
way|833044110|16.7|110000|DB Energie
way|833064434|16.7|110000|DB Energie
way|833064435|16.7|110000|DB Energie
way|833064437|16.7|110000|DB Energie
way|833064438|16.7|110000|DB Energie
way|833064439|16.7|15000|
way|833064440|16.7|15000|
way|834035548|60||
way|834346777|16.7|110000|DB Energie
way|834346778|16.7|110000|DB Energie GmbH
way|834346779|16.7|110000|DB Energie GmbH
way|834346781|16.7|15000|DB Energie GmbH
way|834346782|16.7|15000|
way|836641085|16.7|110000|DB Energie GmbH
way|836641086|16.7|110000|DB Energie GmbH
way|836641087|16.7|110000|DB Energie GmbH
way|836641088|16.7|110000|DB Energie GmbH
way|837268442|16.7|110000|DB Energie GmbH
way|837268443|16.7|110000|DB Energie GmbH
way|837268444|16.7|110000|DB Energie GmbH
way|837268445|16.7|medium|DB Energie GmbH
way|838001343|16.7|110000|DB Energie
way|838001344|16.7|110000|DB Energie
way|838001345|16.7|110000|DB Energie
way|838001346|16.7|110000|DB Energie
way|838001347|16.7|110000|DB Energie
way|838001348|16.7|15000|
way|838001349|16.7|15000|
way|838001350|16.7|110000|DB Energie
way|838001351|16.7|110000|DB Energie
way|838012535|16.7|110000|DB Energie GmbH
way|838012536|16.7|110000|DB Energie GmbH
way|838012537|16.7|110000|DB Energie GmbH
way|838012538|16.7|110000|DB Energie GmbH
way|838012539|16.7|110000|DB Energie GmbH
way|838012540|16.7|110000|
way|838012541|16.7|110000|DB Energie GmbH
way|838012542|16.7|10500|
way|838481865|16.67|15000|DB Netz AG
way|839949610|16.7|110000|DB Energie GmbH
way|839949611|16.7|110000|DB Energie GmbH
way|878409793|0|320000|TenneT;Energinet
way|878409794|0|320000|TenneT;Energinet
way|881120628|0|450000|Statnett;TenneT
way|881120629|0|450000|Statnett;TenneT
way|881120630|0|450000|Statnett;TenneT
way|890800591|16.7|110000|DB Energie GmbH
way|891214665|16.7|110000|DB Energie
way|891214666|16.7|110000|DB Energie
way|891214667|16.7|110000|DB Energie
way|902789429|16.7|15000|
way|902789430|16.7|15000|
way|902789431|16.7|15000|
way|905135548|16.7|110000|DB Energie
way|905135549|16.7|110000|DB Energie
way|905172890|16.7|110000|DB Energie GmbH
way|905172891|16.7|110000|DB Energie GmbH
way|905172892|16.7|110000|DB Energie GmbH
way|905172893|16.7|110000|DB Energie GmbH
way|905172894|16.7|110000|DB Energie
way|905172895|16.7|110000|DB Energie GmbH
way|905172896|16.7|110000|DB Energie GmbH
way|905603391|16.7|110000|DB Energie GmbH
way|905603392|16.7|110000|DB Energie GmbH
way|905868128|16.7|110000|DB Energie GmbH
way|905871990|16.7|110000|DB Energie GmbH
way|905871991|16.7|110000|DB Energie GmbH
way|906689897|16.7|110000|DB Energie
way|906689898|16.7|110000|DB Energie
way|906689899|16.7|110000|DB Energie GmbH
way|906689900|16.7|110000|DB Energie GmbH
way|906689902|16.7|110000|DB Energie
way|906695807|16.7|110000|DB Energie GmbH
way|906695808|16.7|110000|DB Energie GmbH
way|906695809|16.7|110000|DB Energie GmbH
way|906695810|16.7|110000|DB Energie GmbH
way|906695811|16.7|110000|DB Energie GmbH
way|906695812|16.7|110000|DB Energie
way|906695813|16.7|110000|DB Energie
way|906695814|16.7|110000|DB Energie
way|906759787|16.7|110000|DB Energie
way|906759788|16.7|110000|DB Energie
way|906759789|16.7|110000|DB Energie
way|906767399|16.7|110000|DB Energie GmbH
way|906767400|16.7|110000|DB Energie GmbH
way|906775215|16.7|110000|DB Energie
way|906775216|16.7|110000|DB Energie
way|906775217|16.7|110000|DB Energie
way|906775218|16.7|110000|DB Energie
way|906816904|16.7|110000|DB Energie
way|906855915|16.7|110000|DB Energie GmbH
way|906855916|16.7|110000|DB Energie GmbH
way|906855917|16.7|110000|DB Energie GmbH
way|906855918|16.7|110000|DB Energie GmbH
way|906855919|16.7|110000|DB Energie GmbH
way|906855920|16.7|110000|DB Energie
way|906855921|16.7|110000|DB Energie
way|906855922|16.7|110000|DB Energie
way|906855923|16.7|110000|DB Energie
way|906855924|16.7|110000|DB Energie
way|906855925|16.7|110000|DB Energie GmbH
way|906870472|16.7|110000|DB Energie GmbH
way|906870473|16.7|110000|DB Energie GmbH
way|906894699|16.7|110000|
way|906894700|16.7|110000|
way|906896971|16.7|110000|DB Energie
way|906896972|16.7|110000|DB Energie
way|906896973|16.7|110000|DB Energie
way|906896974|16.7|110000|DB Energie
way|906896975|16.7|110000|DB Energie
way|906896976|16.7|110000|DB Energie
way|906896977|16.7|110000|DB Energie
way|906896978|16.7|110000|DB Energie
way|907023811|50;16.7|380000;110000|TenneT TSO
way|907802873|50;16.7|380000;110000|Amprion;Westnetz;DB Energie GmbH
way|908231196|16.7|110000|DB Energie
way|908231197|16.7|110000|DB Energie
way|910926429|16.7|15000|
way|921116366|16.7|15000|DB
way|921116367|16.7|15000|DB
way|921116368|16.7|15000|DB
way|921633884|16.7|110000|DB Energie GmbH
way|921633885|16.7|110000|DB Energie GmbH
way|921633886|16.7|15000|
way|921633887|16.7|15000|
way|921633888|16.7|110000|DB Energie GmbH
way|921633889|16.7|110000|DB Energie GmbH
way|921633890|16.7|110000|DB Energie GmbH
way|921633891|16.7|110000|DB Energie GmbH
way|921633892|16.7|110000|DB Energie GmbH
way|921633893|16.7|110000|DB Energie GmbH
way|921633894|16.7|110000|DB Energie GmbH
way|921633895|16.7|110000|DB Energie GmbH
way|921633896|16.7|110000|DB Energie GmbH
way|921633897|16.7|110000|DB Energie GmbH
way|926834769|50;16.7|380000;110000|TenneT TSO GmbH;DB Energie GmbH
way|926834771|50;16.7|380000;110000|TenneT TSO GmbH;DB Energie GmbH
way|926834775|50;16.67|380000;110000|TenneT TSO
way|926834777|50;16.7|380000;110000|TenneT TSO GmbH;DB Energie GmbH
way|953738997|50;16.7|380000;110000|TenneT TSO GmbH
way|953757598|16.7|110000|DB Energie
way|953757600|16.7|110000|DB Energie GmbH
way|953807538|16.7|110000|DB Energie
way|955411855|16.7|110000|DB Energie
way|955411856|16.7|110000|DB Energie
way|955411858|16.7|110000|DB Energie GmbH
way|955411859|16.7|110000|DB Energie GmbH
way|955411860|16.7|110000|DB Energie GmbH
way|955411861|16.7|110000|DB Energie GmbH
way|955411862|16.7|110000|DB Energie GmbH
way|955411863|16.7|110000|DB Energie GmbH
way|955411864|16.7|110000|DB Energie GmbH
way|955411865|16.7|110000|DB Energie GmbH
way|955411866|16.7|110000|DB Energie GmbH
way|955411867|16.7|110000|DB Energie GmbH
way|955411868|16.7|110000|DB Energie GmbH
way|955411869|16.7|110000|DB Energie GmbH
way|955411870|16.7|110000|DB Energie GmbH
way|955411871|16.7|110000|DB Energie GmbH
way|955411872|16.7|110000|DB Energie GmbH
way|955411873|16.7|110000|DB Energie GmbH
way|955411874|16.7|110000|DB Energie GmbH
way|955411875|16.7|110000|DB Energie GmbH
way|958884992|16.7|110000|DB Energie
way|958884993|16.7|110000|DB Energie
way|970735446|16.7|110000|
way|970735447|16.7|110000|
way|970735448|16.7|110000|
way|970735449|16.7|110000|
way|970735450|16.7|110000|
way|970782190|16.7|110000|
way|970782191|16.7|110000|DB Energie
way|970782192|16.7|110000|
way|970782193|16.7|110000|
way|970782195|16.7|110000|DB Energie GmbH
way|970782196|16.7|110000|DB Energie
way|970782197|16.7|110000|
way|970782199|16.7|110000|
way|971211631|16.7|110000|
way|971211632|16.7|110000|
way|971474707|16.7|110000|DB Energie
way|971479465|16.7|110000|DB Energie
way|985526046|16.7|110000|DB Energie
way|989041807|50;16.7|380000;220000;110000|Amprion;Westnetz
way|989159349|16.7|110000|DB Energie GmbH
way|991451438|0|0|Amprion
way|993479096|16.7|110000|DB Energie GmbH
way|993479098|16.7|110000|DB Energie GmbH
way|993479100|16.7|110000|DB Energie GmbH
way|996358508|16.7|110000|DB Energie
way|1011514628|502|22000|ČEZ Distribuce
way|1071939590|16.7|110000|
way|1071969894|16.7|110000|DB Energie GmbH
way|1071969895|16.7|110000|DB Energie GmbH
way|1071969896|16.7|110000|DB Energie GmbH
way|1073873484|50;16.7|110000;110000|DB Energie
way|1073873490|50;16.7|110000;110000|DB Energie
way|1073873491|16.7|110000|DB Energie
way|1076062999|16.7|15000|
way|1091484696|16.67|15000|DB Energie GmbH
way|1091484697|16.67|15000|DB Energie GmbH
way|1096519243|16.7|110000|DB Energie
way|1096519244|16.7|110000|DB Energie
way|1096519245|16.7|110000|DB Energie
way|1096519246|16.7|110000|DB Energie
way|1096519247|16.7|110000|DB Energie
way|1096519248|16.7|110000|DB Energie
way|1096519249|16.7|110000|DB Energie
way|1096519250|16.7|110000|DB Energie
way|1096519251|16.7|110000|DB Energie
way|1096519252|16.7|110000|DB Energie
way|1096519253|16.7|110000|DB Energie
way|1096519254|16.7|110000|DB Energie
way|1096519255|16.7|110000|DB Energie
way|1096519256|16.7|110000|DB Energie
way|1096519257|16.7|110000|DB Energie
way|1096519258|16.7|110000|DB Energie
way|1096519259|16.7|110000|DB Energie
way|1104739159|0|0|Amprion
way|1104739160|0|0|Amprion
way|1116886299|16.7|110000|DB Energie GmbH
way|1116886300|16.7|110000|DB Energie
way|1116894524|50;16.7|380000;110000|TenneT TSO
way|1128104542|16.7|110000|DB Energie GmbH
way|1128104544|16.7|110000|
way|1128104545|16.7|110000|DB Energie GmbH
way|1128104546|16.7|110000|DB Energie GmbH
way|1128448729|16.7|110000|DB Energie
way|1128448730|16.7|110000|DB Energie
way|1128448731|16.7|110000|DB Energie
way|1136563540|16.7|110000|DB Energie
way|1136563541|16.7|110000|DB Energie
way|1155628738|16.7|110000|DB Energie GmbH
way|1155628739|16.7|110000|DB Energie GmbH
way|1155628740|16.7|110000|DB Energie GmbH
way|1155628741|16.7|110000|DB Energie GmbH
way|1155628742|16.7|110000|
way|1155640182|16.7|110000|DB Energie GmbH
way|1155640183|16.7|110000|DB Energie GmbH
way|1164962589|16.7|110000|DB Energie GmbH
way|1164962590|16.7|110000|DB Energie GmbH
way|1164962591|16.7|110000|DB Energie GmbH
way|1164962592|16.7|110000|DB Energie GmbH
way|1164962593|16.7|15000|
way|1164962594|16.7|15000|
way|1164962595|16.7|15000|
way|1192109960|50;16.7|380000;110000|TenneT TSO
way|1192109961|50;16.7|380000;110000|TenneT TSO
way|1192109963|50;16.7|380000;110000|TenneT TSO GmbH
way|1208700647|16.7|110000|DB Energie
way|1215640765|50;16.7|380000;110000|TenneT TSO GmbH;DB Energie GmbH
way|1215640766|16.7|110000|DB Energie
way|1215842008|16.7|110000|DB Energie GmbH
way|1217879704|16.7|15000|DB Energie GmbH
way|1217879705|16.7|15000|DB Energie GmbH
way|1217879706|16.7|15000|DB Energie GmbH
way|1220642509|16.7|110000|
way|1220642510|16.7|110000|DB Energie GmbH
way|1220642511|16.7|110000|DB Energie GmbH
way|1229274624|16.7|110000|DB Energie
way|1230573954|16.7|110000|
way|1230573955|16.7|110000|DB Energie
way|1230573956|16.7|110000|DB Energie
way|1230573957|16.7|110000|DB Energie
way|1230573958|16.7|110000|DB Energie
way|1230884976|16.7|110000|
way|1230884977|16.7|110000|
way|1237615721|16.7|110000|DB Energie GmbH
way|1237615722|16.7|110000|DB Energie GmbH
way|1237821779|16.7|110000|DB Energie
way|1237868539|0|320000|TenneT TSO GmbH
way|1237868540|0|250000|TenneT TSO GmbH
way|1237935181|16.7|110000|DB Energie GmbH
way|1237939686|16.7|110000|DB Energie
way|1238156683|16.7|110000|DB Energie GmbH
way|1238156684|16.7|110000|DB Energie GmbH
way|1238156685|16.7|110000|DB Energie GmbH
way|1238156686|16.7|110000|DB Energie GmbH
way|1238156687|16.7|110000|DB Energie GmbH
way|1242084464|0|600|
way|1243843547|16.7|110000|DB Energie
way|1244629380|0|5000|RWTH Aachen University; Forschungscampus Flexible Elektrische Netze
way|1244629381|0|5000|RWTH Aachen University; Forschungscampus Flexible Elektrische Netze
way|1249940496|16.7|110000|DB Energie
way|1256842508|50;16.7|220000;110000|50Hertz;DB Energie GmbH
way|1264218130|50;16.7|220000;110000|50Hertz;DB Energie GmbH
way|1268982513|16.7|15000|
way|1268982514|16.7|15000|
way|1280364399|0|320000|TenneT TSO GmbH
way|1280364400|0|320000|TenneT TSO GmbH
way|1280840213|0|300000|TenneT
way|1280840214|0|300000|TenneT
way|1280840215|0|300000|TenneT
way|1280840216|0|300000|TenneT
way|1285088605|50;16.7|380000;110000|TenneT TSO GmbH
way|1286663597|16.7|110000|DB Energie GmbH
way|1286663599|16.7|110000|DB Energie GmbH
way|1286797757|16.7|110000|DB Energie
way|1286797758|16.7|110000|DB Energie
way|1287124619|16.7|110000|DB Energie GmbH
way|1287124620|16.7|110000|DB Energie GmbH
way|1287124621|16.7|110000|DB Energie GmbH
way|1287124622|16.7|110000|DB Energie GmbH
way|1287124623|16.7|110000|DB Energie GmbH
way|1287124624|16.7|110000|DB Energie GmbH
way|1287124625|16.7|110000|DB Energie GmbH
way|1287124626|16.7|110000|DB Energie GmbH
way|1287124627|16.7|110000|DB Energie GmbH
way|1287124628|16.7|110000|DB Energie GmbH
way|1287124629|16.7|110000|DB Energie GmbH
way|1290489009|16.7|110000|DB Energie GmbH
way|1290593304|16.7|110000|DB Energie GmbH
way|1290593305|16.7|110000|DB Energie GmbH
way|1290593306|16.7|110000|DB Energie GmbH
way|1295258505|0|150000|Avacon Netz GmbH
way|1298053228|16.7|110000|DB Energie GmbH
way|1298053229|16.7|110000|DB Energie GmbH
way|1298053230|16.7|110000|DB Energie GmbH
way|1298053231|16.7|110000|DB Energie GmbH
way|1298053232|16.7|110000|DB Energie GmbH
way|1298053233|16.7|110000|DB Energie GmbH
way|1311198904|16.7|110000|DB Energie
way|1311198905|16.7|110000|
way|1311198906|16.7|110000|
way|1311198907|16.7|110000|
way|1311198908|16.7|110000|DB Energie
way|1311198909|16.7|110000|DB Energie
way|1311198910|16.7|110000|DB Energie
way|1311198911|16.7|110000|DB Energie
way|1311198912|16.7|110000|DB Energie
way|1311198913|16.7|110000|DB Energie
way|1311198914|16.7|110000|DB Energie GmbH
way|1311198915|16.7|110000|DB Energie GmbH
way|1311198916|16.7|110000|DB Energie GmbH
way|1313385034|16.7|15000|DB Energie
way|1313385035|16.7|15000|DB Energie GmbH
way|1327250093|0|525000|TenneT TSO
way|1329310634|16.7|110000|DB Energie GmbH
way|1329310635|16.7|110000|DB Energie
way|1329310636|16.7|110000|DB Energie GmbH
way|1329310637|16.7|110000|DB Energie
way|1329310638|16.7|110000|DB Energie
way|1329310639|16.7|110000|DB Energie
way|1329310640|16.7|110000|DB Energie
way|1329310641|16.7|110000|DB Energie GmbH
way|1335995164|0|450000|TenneT (BritNed)
way|1335995169|0|450000|TenneT (BritNed)
way|1335995170|0|450000|TenneT (BritNed)
way|1347739922|16.7|110000|DB Energie
way|1347739923|16.7|110000|DB Energie
way|1347739924|16.7|110000|DB Energie
way|1347739925|16.7|110000|DB Energie
way|1347739926|16.7|110000|DB Energie
way|1351580601|16.7|15000|
way|1351580602|16.7|15000|
way|1351580603|16.7|15000|
way|1351580604|16.7|15000|
way|1351580605|16.7|15000|
way|1351580606|16.7|15000|
way|1351974657|16.7|15000|
way|1351974658|16.7|15000|
way|1351974659|16.7|15000|
way|1351974660|16.7|15000|
way|1351974661|16.7|15000|
way|1351974663|16.7|15000|
way|1351974665|16.7|15000|
way|1351974666|16.7|15000|
way|1351974667|16.7|15000|
way|1351974669|16.7|15000|
way|1351974670|16.7|15000|
way|1351974671|16.7|15000|
way|1351974673|16.7|15000|
way|1351974674|16.7|15000|
way|1351974675|16.7|15000|
way|1351974676|16.7|15000|
way|1351974677|16.7|15000|
way|1351974678|16.7|15000|
way|1351974679|16.7|15000|
way|1351974680|16.7|15000|
way|1351974681|16.7|15000|
way|1366790832|0|3000|
way|1369647413|16.7|110000|DB Energie
way|1369647416|16.7|110000|DB Energie GmbH
way|1369647417|16.7|110000|DB Energie GmbH
way|1372018142|16.7|110000|DB Energie
way|1372018143|16.7|110000|DB Energie
way|1372018144|16.7|110000|DB Energie
way|1372018145|16.7|110000|DB Energie
way|1372018146|16.7|110000|
way|1372018147|16.7|110000|DB Energie
way|1372018148|16.7|110000|DB Energie
way|1372018149|16.7|110000|DB Energie
way|1372018150|16.7|110000|DB Energie GmbH
way|1372018151|16.7|110000|
way|1372018152|16.7|110000|
way|1372018153|16.7|110000|
way|1372018154|16.7|110000|
way|1372018155|16.7|110000|
way|1372018156|16.7|110000|
way|1372018157|16.7|110000|DB Energie
way|1372018158|16.7|110000|DB Energie GmbH
way|1375594761|16.67|15000|DB Netz AG
way|1376081316|16.67|15000|DB Netz AG
way|1376081317|16.67|15000|DB Netz AG
way|1376472585|16.67|15000|DB Netz AG
way|1376490815|16.67|15000|DB Netz AG
way|1376490816|16.67|15000|DB Netz AG
way|1376495846|16.67|15000|DB Netz AG
way|1376495847|16.67|15000|DB Netz AG
way|1389118873|16.7|110000|DB Energie
way|1389118875|16.7|110000|DB Energie
way|1390126216|16.7|15000|
way|1395890368|0|400000|
way|1413048719|16.7|15000|DB Energie
way|1413048720|16.7|15000|DB Energie
way|1413048721|16.7|15000|DB Energie
way|1415849481|0||Mainzer Stadtwerke
way|1425639073|0|0|Avacon Netz
way|1430805098|16.7|110000|DB Energie
way|1430893931|354000||
way|1432087620|0|525000|50Hertz Transmission
way|1432645616|16.7|110000|DB Energie
way|1432645617|16.7|110000|DB Energie
way|1434553263|16.7|110000|DB Energie GmbH
way|1434553264|16.7|110000|DB Energie GmbH
way|1434553265|16.7|110000|DB Energie GmbH
way|1434553266|16.7|110000|DB Energie GmbH
way|1434553928|16.7|110000|DB Energie GmbH
way|1442854130|0|750|Mainzer Verkehrsgesellschaft
way|1442860025|0|750|Mainzer Verkehrsgesellschaft
way|1443423896|16.7|110000|DB Energie
way|1443423897|16.7|110000|DB Energie
way|1447555277|60||Antennengemeinschaft
way|1451205166|16.7|110000|DB Energie
way|1451337853|16.7|110000|DB Energie GmbH
way|1451342731|16.7|110000|DB Energie GmbH
way|1451342732|16.7|110000|DB Energie GmbH
way|1451342733|16.7|110000|DB Energie GmbH
way|1451342734|16.7|110000|DB Energie GmbH
way|1451342735|16.7|110000|DB Energie GmbH
way|1451342736|16.7|110000|DB Energie GmbH
way|1451342737|16.7|110000|DB Energie GmbH
way|1451342738|16.7|110000|DB Energie GmbH
way|1451342739|16.7|110000|DB Energie GmbH
way|1454027067|16.7|15000|DB Energie
way|1454027070|16.7|110000;15000|DB Energie
way|1454027071|16.7|110000|DB Energie
way|1454027072|16.7|110000|DB Energie
way|1454027077|16.7|15000|DB Energie
way|1454027078|16.7|15000|DB Energie
way|1454027079|16.7|15000|DB Energie
way|1454027080|16.7|15000|DB Energie
way|1454530755|16.7|15000|DB InfraGO
way|1454996732|16.7|15000|DB InfraGO
way|1454996733|16.7|15000|DB InfraGO
way|1455518733|16.7|15000|DB InfraGO
way|1455518734|16.7|15000|DB InfraGO
way|1455518735|16.7|15000|DB InfraGO
way|1456091002|16.7|15000|DB InfraGO
way|1459406581|16.7|15000|
way|1459406582|16.7|15000|
way|1459406583|16.7|15000|
way|1459760860|16.7|110000|DB Energie
way|1459760861|16.7|110000|DB Energie
way|1459760862|16.7|110000|DB Energie
way|1459760863|16.7|110000|DB Energie
way|1459760864|16.7|110000|DB Energie
way|1459760865|16.7|110000|DB Energie
way|1459760866|16.7|110000|DB Energie
way|1463640051|16.7|110000|DB Energie GmbH
way|1463640052|16.7|110000|DB Energie GmbH
way|1463640053|16.7|110000|DB Energie GmbH
way|1463640054|16.7|110000|DB Energie GmbH
way|1463640055|16.7|110000|DB Energie GmbH
way|1463640056|16.7|110000|DB Energie GmbH
way|1463640057|16.7|110000|DB Energie GmbH
way|1463640058|16.7|110000|DB Energie GmbH
way|1464085920|16.7|110000|DB Energie GmbH
way|1464085921|16.7|110000|DB Energie GmbH
way|1464085922|16.7|110000|DB Energie GmbH
way|1464085923|16.7|110000|DB Energie GmbH
way|1464086199|16.7|110000|DB Energie GmbH
way|1464086200|16.7|110000|DB Energie GmbH
way|1464086201|16.7|110000|DB Energie GmbH
way|1464086202|16.7|110000|DB Energie GmbH
way|1464086203|16.7|110000|DB Energie GmbH
way|1464086204|16.7|110000|DB Energie GmbH
way|1464133529|16.7|110000|DB Energie GmbH
way|1464133530|16.7|110000|DB Energie GmbH
way|1464133531|16.7|110000|DB Energie GmbH
way|1464133532|16.7|110000|DB Energie GmbH
way|1464228111|16.7|15000|DB InfraGO
way|1464343518|16.7|15000|
way|1464343519|16.7|15000|
way|1464343520|16.7|15000|
way|1464362905|16.7|110000|DB Energie GmbH
way|1464362906|16.7|110000|DB Energie GmbH
way|1464539906|16.7|110000|DB Energie GmbH
way|1464539907|16.7|110000|DB Energie GmbH
way|1464539908|16.7|110000|DB Energie GmbH
way|1464539909|16.7|110000|DB Energie GmbH
way|1464539910|16.7|110000|DB Energie GmbH
way|1464539911|16.7|110000|DB Energie GmbH
way|1464540938|16.7|110000|DB Energie
way|1464540939|16.7|110000|DB Energie
way|1464540940|16.7|110000|DB Energie
way|1464540941|16.7|110000|DB Energie
way|1464540942|16.7|110000|DB Energie
way|1464540943|16.7|110000|DB Energie
way|1464540944|16.7|110000|DB Energie
way|1464540945|16.7|110000|DB Energie
way|1464564724|16.7|110000|DB Energie GmbH
way|1464564725|16.7|110000|DB Energie GmbH
way|1464565837|16.7|110000|DB Energie GmbH
way|1464565838|16.7|110000|DB Energie GmbH
way|1464565839|16.7|110000|DB Energie GmbH
way|1464565840|16.7|110000|DB Energie GmbH
way|1464565841|16.7|110000|DB Energie GmbH
way|1464565842|16.7|110000|DB Energie GmbH
way|1464565843|16.7|110000|DB Energie GmbH
way|1465014928|16.7|110000|DB Energie GmbH
way|1465014929|16.7|110000|DB Energie GmbH
way|1465014930|16.7|110000|DB Energie GmbH
way|1465014931|16.7|110000|DB Energie GmbH
way|1465014932|16.7|110000|DB Energie GmbH
way|1465014933|16.7|110000|DB Energie GmbH
way|1465251618|16.7|110000|DB Energie GmbH
way|1465251619|16.7|110000|DB Energie GmbH
way|1465251620|16.7|110000|DB Energie GmbH
way|1465251621|16.7|110000|DB Energie GmbH
way|1465251622|16.7|110000|DB Energie GmbH
way|1465251623|16.7|110000|DB Energie GmbH
way|1465252269|16.7|110000|DB Energie GmbH
way|1465252271|16.7|110000|DB Energie GmbH
way|1465252272|16.7|110000|DB Energie GmbH
way|1465252273|16.7|110000|DB Energie GmbH
way|1465252274|16.7|110000|DB Energie GmbH
way|1465252275|16.7|110000|DB Energie GmbH
way|1465252276|16.7|110000|DB Energie GmbH
way|1465339260|16.7|110000|DB Energie
way|1465339261|16.7|110000|DB Energie
way|1465515529|16.7|110000|DB Energie
way|1465515530|16.7|110000|DB Energie
way|1465515531|16.7|110000|DB Energie
way|1465515532|16.7|110000|DB Energie
way|1465515533|16.7|110000|DB Energie
way|1465515534|16.7|110000|DB Energie
way|1465624788|16.7|110000|DB Energie GmbH
way|1465624789|16.7|110000|DB Energie GmbH
way|1465624790|16.7|110000|DB Energie GmbH
way|1465624791|16.7|110000|DB Energie GmbH
way|1465624792|16.7|110000|DB Energie GmbH
way|1465624793|16.7|110000|DB Energie GmbH
way|1465624794|16.7|110000|DB Energie GmbH
way|1465624795|16.7|110000|DB Energie GmbH
way|1465787188|16.7|110000|DB Energie
way|1465787189|16.7|110000|DB Energie
way|1465787190|16.7|110000|DB Energie
way|1465787191|16.7|110000|DB Energie
way|1465787192|16.7|110000|DB Energie
way|1465787743|16.7|110000|DB Energie GmbH
way|1465787744|16.7|110000|DB Energie GmbH
way|1465787745|16.7|110000|DB Energie GmbH
way|1465787746|16.7|110000|DB Energie GmbH
way|1465801743|16.7|110000|DB Energie GmbH
way|1465801744|16.7|110000|DB Energie GmbH
way|1465801745|16.7|110000|DB Energie GmbH
way|1465801746|16.7|110000|DB Energie GmbH
way|1466012490|16.7|110000|DB Energie GmbH
way|1466012491|16.7|110000|DB Energie GmbH
way|1466012492|16.7|110000|DB Energie GmbH
way|1466012493|16.7|110000|DB Energie GmbH
way|1466161484|16.7|110000|DB Energie GmbH
way|1466161485|16.7|110000|DB Energie GmbH
way|1466161486|16.7|110000|DB Energie GmbH
way|1466161487|16.7|110000|DB Energie GmbH
way|1466230697|16.7|110000|DB Energie
way|1466230698|16.7|110000|DB Energie
way|1466230699|16.7|110000|DB Energie
way|1466230700|16.7|110000|DB Energie
way|1466230701|16.7|110000|DB Energie
way|1466230702|16.7|110000|DB Energie
way|1466231017|16.7|110000|DB Energie
way|1466231018|16.7|110000|DB Energie
way|1466231019|16.7|110000|DB Energie
way|1466231020|16.7|110000|DB Energie
way|1466510123|16.7|110000|DB Energie GmbH
way|1466510124|16.7|110000|DB Energie GmbH
way|1466510125|16.7|110000|DB Energie GmbH
way|1466510126|16.7|110000|DB Energie GmbH
way|1466674003|16.7|110000|DB Energie GmbH
way|1466674004|16.7|110000|DB Energie GmbH
way|1466674005|16.7|110000|DB Energie GmbH
way|1466674006|16.7|110000|DB Energie GmbH
way|1466674007|16.7|110000|DB Energie GmbH
way|1466674008|16.7|110000|DB Energie GmbH
way|1466674009|16.7|110000|DB Energie GmbH
way|1466674010|16.7|110000|DB Energie GmbH
way|1466989388|16.7|110000|DB Energie
way|1466989389|16.7|110000|DB Energie GmbH
way|1475048001|16.7|15000|DB Energie
way|1479184867|16.7|110000|DB Energie
way|1479184868|16.7|110000|DB Energie
way|1479184869|16.7|110000|DB Energie
way|1479237580|16.7|110000|DB Energie
way|1479239902|16.7|110000|DB Energie
way|1479239903|16.7|110000|DB Energie
way|1479239904|16.7|110000|DB Energie
way|1479246804|16.7|110000|DB Energie
way|1479246805|16.7|110000|DB Energie GmbH
way|1479246806|16.7|110000|DB Energie GmbH
way|1479249828|16.7|110000|DB Energie
way|1479249829|16.7|110000|DB Energie
way|1479249830|16.7|110000|DB Energie
way|1479249831|16.7|110000|DB Energie
way|1479249832|16.7|110000|DB Energie
way|1479249833|16.7|110000|DB Energie
way|1479249834|16.7|110000|DB Energie
way|1479515574|16.7|110000|DB Energie
way|1479515575|16.7|110000|DB Energie
way|1479516499|16.7|110000|DB Energie GmbH
way|1479516500|16.7|110000|DB Energie GmbH
way|1479516501|16.7|110000|DB Energie GmbH
way|1479516502|16.7|110000|DB Energie GmbH
way|1479516503|16.7|110000|DB Energie
way|1479516504|16.7|110000|DB Energie GmbH
way|1479588975|16.7|110000|DB Energie GmbH
way|1479588976|16.7|110000|DB Energie GmbH
way|1479818116|50;16.67|380000;110000|TenneT TSO
way|1494527391|0|525000|
way|1494563595|0|525000|TenneT TSO
way|1494563596|0|525000|TenneT TSO
way|1494563597|0|525000|TenneT TSO
way|1494563598|0|525000|TenneT TSO
way|1494563599|0|525000|TenneT TSO
way|1494563600|0|525000|TenneT TSO
way|1494563601|0|525000|TenneT TSO
way|1494563602|0|525000|TenneT TSO
way|1494567974|0|525000|TenneT TSO
way|1494567975|0|525000|TenneT TSO
way|1494567976|0|525000|TenneT TSO
way|1494567977|0|525000|TenneT TSO
way|1494619603|0|525000|TenneT TSO
way|1494619606|0|525000|TenneT TSO
way|1494619607|0|525000|TenneT TSO
way|1494619608|0|525000|TenneT TSO
way|1494619609|0|525000|TenneT TSO
way|1494619610|0|525000|TenneT TSO
way|1494619611|0|525000|TenneT TSO
way|1494619612|0|525000|TenneT TSO
way|1494619613|0|525000|TenneT TSO
way|1494619614|0|525000|TenneT TSO
way|1494619615|0|525000|TenneT TSO
way|1494619616|0|525000|TenneT TSO
way|1494619621|0|525000|TenneT TSO
way|1494619622|0|525000|TenneT TSO
way|1494619623|0|525000|TenneT TSO
way|1494619625|0|525000|TenneT TSO
way|1494619626|0|525000|TenneT TSO
way|1494619627|0|525000|TenneT TSO
way|1494619628|0|525000|TenneT TSO
way|1494619629|0|525000|TenneT TSO
way|1494622485|0|525000|TenneT TSO
way|1494622486|0|525000|TenneT TSO
way|1494622487|0|525000|TenneT TSO
way|1494622490|0|525000|TenneT TSO
way|1494632496|0|525000|TransnetBW
way|1494632497|0|525000|TransnetBW
way|1494632498|0|525000|TransnetBW
way|1494632499|0|525000|TransnetBW
way|1494636268|0|525000|TransnetBW
way|1494636269|0|525000|TransnetBW
way|1494636270|0|525000|TransnetBW
way|1494636271|0|525000|TransnetBW
way|1494642897|0|525000|TransnetBW
way|1494642898|0|525000|TransnetBW
way|1494642899|0|525000|TransnetBW
way|1494642900|0|525000|TransnetBW
way|1494642901|0|525000|TransnetBW
way|1494642902|0|525000|TransnetBW
way|1494642903|0|525000|TransnetBW
way|1494642904|0|525000|TransnetBW
way|1500213965|16.7|110000|DB Energie
way|1504915289|16.7|110000|DB Energie
way|1504915290|16.7|110000|DB Energie
way|1504915291|16.7|110000|DB Energie
way|1504915292|16.7|110000|DB Energie
way|1504915293|16.7|110000|DB Energie
way|1511188291|16.7|110000|DB Energie
way|1511188292|16.7|110000|DB Energie
way|1511188293|16.7|110000|DB Energie
way|1511188294|16.7|110000|DB Energie
way|1511934570|16.7|110000|DB Energie
way|1511934571|16.7|110000|DB Energie
way|22538675|16.7|132000|
way|24158397|16.7|110000|DB Energie
way|25348704|16.7|110000|DB Energie
way|25400387|16.7|110000|DB Energie
way|25400388|16.7|110000|DB Energie
way|25539232|16.7|110000|ÖBB-Infrastruktur AG
way|25610423|16.7|132000|SBB
way|26275485|16.7|110000|ÖBB-Infrastruktur AG
way|26275488|16.7|110000|ÖBB-Infrastruktur AG
way|26545932|16.7|110000|DB Energie GmbH
way|26662032|50;16.7|110000;110000|DB Energie GmbH;EnBW
way|27039517|16.7|110000|DB Energie
way|27052127|16.7|110000|DB Energie GmbH
way|27196145|16.7|110000|DB Energie GmbH
way|27397345|16.7|110000|DB Energie
way|27397346|16.7|110000|DB Energie
way|27397347|16.7|110000|DB Energie
way|27590781|50;16.7|110000;110000|Neckarwerke
way|27624649|16.7|110000|DB Energie GmbH
way|27704693|16.7|110000|DB Energie
way|27759863|16.7|110000|DB Energie
way|27892534|16.7|110000|DB Energie GmbH
way|28202783|16.7|110000|DB Energie
way|28202784|50;16.7|110000;110000|Neckarwerke
way|28219237|16.7|110000|DB Energie GmbH
way|28292698|16.7|110000|DB Energie
way|28430275|16.7|110000|DB Energie GmbH
way|28449123|16.7|110000|ÖBB-Infrastruktur AG
way|28526729|16.7|15000|DB Energie
way|28526798|16.7|110000|DB Energie
way|28527530|16.7|110000|DB Energie GmbH
way|28657604|50;16.7|110000;132000|Axpo AG; SBB
way|28861605|50;16.7|380000;110000|Amprion GmbH;TransnetBW GmbH
way|28861607|16.7|110000|DB Energie
way|28881823|16.7|110000|DB Energie GmbH
way|28881824|16.7|110000|DB Energie GmbH
way|28964210|16.7|110000|DB Energie GmbH
way|29204726|16.7|110000|DB Energie
way|29893668|16.7|110000|DB Energie
way|29995656|16.7|110000|DB Energie GmbH
way|29998261|16.7|110000|DB Energie GmbH
way|30022928|50;16.7|110000|DB Energie GmbH;Thüga_Freilassing
way|30023079|16.7|110000|DB Energie
way|30023131|16.7|110000|DB Energie
way|30023326|16.7|110000|DB Energie
way|30029120|16.7|110000|DB Energie
way|30029683|16.7|110000|DB Energie
way|30095649|16.7|110000|DB Energie GmbH
way|30095652|16.7|110000|DB Energie GmbH
way|30095657|50;16.7|110000;20000|DB Energie GmbH
way|30101504|16.7|110000|ÖBB-Infrastruktur AG
way|30137077|16.7|110000|DB Energie
way|30137248|16.7|110000|DB Energie GmbH
way|30156277|16.7|110000|DB Energie
way|30156278|16.7|110000|DB Energie GmbH
way|30157335|16.7|110000|DB Energie
way|30453092|50;16.7|110000;110000|DB Energie
way|30472276|16.7|110000|DB Energie GmbH
way|30712473|16.7|110000|DB Energie
way|30891440|16.7|110000|ÖBB-Infrastruktur AG
way|30896826|16.7|110000|ÖBB-Infrastruktur AG
way|30905266|16.7|110000|DB Energie
way|31762932|16.7|110000|DB Energie GmbH
way|32466061|16.7|110000|ÖBB-Infrastruktur AG
way|32466078|16.7|110000|ÖBB-Infrastruktur AG
way|32489383|16.7|110000|ÖBB-Infrastruktur AG
way|32489528|16.7|110000|ÖBB-Infrastruktur AG
way|32493449|16.7|110000|ÖBB-Infrastruktur AG
way|32496475|16.7|110000|ÖBB-Infrastruktur AG
way|32560061|16.7|110000|ÖBB-Infrastruktur AG
way|32729770|16.7|110000|DB Energie
way|32734323|16.7|66000|
way|32966637|16.7|110000|DB Energie
way|33040721|16.7|110000|ÖBB-Infrastruktur AG
way|33112294|16.7|110000|DB Energie GmbH
way|33378402|16.7|110000|DB Energie
way|33678853|16.7|110000|ÖBB-Infrastruktur AG
way|33733180|16.7|110000|DB Energie
way|33898604|16.7|110000|DB Energie GmbH
way|33898605|16.7|110000|DB Energie GmbH
way|34141097|16.7|110000|DB Energie GmbH
way|34141099|16.7|110000|DB Energie GmbH
way|34141101|16.7|110000|DB Energie GmbH
way|34155940|16.7|110000|DB Energie
way|34155974|16.7|110000|DB Energie GmbH
way|34330403|16.7|55000|ÖBB-Infrastruktur AG
way|34712313|16.7|110000|DB Energie GmbH
way|35050927|16.7|110000|DB Energie GmbH
way|35150671|16.7|110000|DB Energie
way|35773027|16.7|110000|DB Energie
way|35773030|16.7|110000|DB Energie GmbH
way|35773031|16.7|110000|DB Energie GmbH
way|35773035|16.7|110000|DB Energie
way|35773039|16.7|110000|DB Energie
way|35773040|16.7|110000|DB Energie GmbH
way|35796598|16.7|110000|DB Energie GmbH
way|35796694|16.7|110000|DB Energie
way|36106089|16.7|110000|DB Energie
way|36106090|16.7|110000|DB Energie
way|36972378|16.7|0;0;132000|Swissgrid;SBB
way|37015375|16.7|110000|DB Energie
way|37228446|16.7|110000|DB Energie GmbH
way|37578771|16.7|110000|DB Energie GmbH
way|37715609|16.7|110000|DB Energie
way|37715610|16.7|110000|DB Energie
way|37785543|16.7|110000|DB Energie
way|38123424|16.7|110000|DB Energie GmbH
way|38124326|16.7|110000|DB Energie GmbH
way|38124327|16.7|110000|DB Energie GmbH
way|38167224|16.7|110000|DB Energie GmbH
way|38388945|16.7|110000|DB Energie GmbH
way|38485610|16.7|110000|DB Energie GmbH
way|38698684|16.7|110000|DB Energie
way|38772686|16.7|110000|DB Energie GmbH
way|38879148|16.7|110000|ÖBB-Infrastruktur AG
way|39131228|16.7|110000|DB Energie
way|39188804|16.7|110000|DB Energie GmbH
way|39188808|16.7|110000|DB Energie GmbH
way|39188809|16.7|110000|DB Energie GmbH
way|39428178|50;16.7|125000;132000|Romande Energie;SBB
way|39517245|16.7|110000|DB Energie
way|40315322|50;16.7|132000|
way|40631741|16.7|110000|DB Energie
way|40795378|16.7|110000|DB Energie
way|40804113|16.7|110000|DB Energie GmbH
way|40804115|16.7|110000|DB Energie GmbH
way|40811220|16.7|110000|DB Energie GmbH
way|40854142|16.7;50|110000;110000|DB Energie;Netze BW
way|40904306|16.7|110000|DB Energie
way|40904309|16.7|110000|DB Energie
way|40904314|16.7|110000|DB Energie
way|40904321|16.7|110000|DB Energie
way|40904327|50;16.7|110000|DB Energie;Netze BW
way|40906260|16.7|110000|DB Energie
way|40906263|16.7|110000|DB Energie
way|41173002|16.7|110000|DB Energie
way|41234277|16.7|110000|DB Energie
way|41234278|16.7|110000|DB Energie
way|41234279|16.7|110000|DB Energie
way|41252347|16.7|110000|DB Energie GmbH
way|41252348|16.7|110000|DB Energie GmbH
way|41252349|16.7|110000|DB Energie GmbH
way|41252352|16.7|110000|DB Energie GmbH
way|41258583|16.7|110000|DB Energie GmbH
way|41258584|16.7|110000|DB Energie GmbH
way|41258585|16.7|110000|DB Energie GmbH
way|41258586|16.7|110000|DB Energie GmbH
way|41258587|16.7|110000|DB Energie GmbH
way|41258588|16.7|110000|DB Energie GmbH
way|41312418|50;16.7|110000;110000|Netze BW;DB Energie
way|41334804|16.7|110000|DB Energie GmbH
way|41334810|50;16.7|110000|DB Energie GmbH;RWE
way|41334813|16.7|110000|DB Energie GmbH
way|41334823|16.7|110000|DB Energie GmbH
way|41454268|16.7|110000|DB Energie
way|41454812|16.7|110000|DB Energie
way|41460654|50;16.7|380000;110000|DB Energie GmbH;TransnetBW GmbH
way|41474194|16.7|132000|SBB
way|41845195|16.7|15000|DB Energie GmbH
way|41845318|16.7|15000|DB Energie GmbH
way|41845503|16.7|15000|DB Energie
way|41845553|16.7|15000|DB Energie GmbH
way|41845555|16.7|15000|DB Energie GmbH
way|42007949|16.7|110000|ÖBB-Infrastruktur AG
way|42299173|16.7|110000|DB Energie GmbH
way|43134095|16.7|110000|DB Energie GmbH
way|43367490|16.7;50|110000;110000|DB Energie;Netze BW
way|43367494|16.7|110000|DB Energie
way|44288748|16.7|110000|DB Energie
way|44288749|16.7|110000|DB Energie
way|44288750|16.7|110000|DB Energie
way|44288754|16.7|110000|DB Energie
way|44288755|16.7|110000|DB Energie
way|44289610|0|0|
way|44691595|16.7|110000|DB Energie GmbH
way|44691598|16.7|110000|DB Energie GmbH
way|44691601|16.7|110000|DB Energie GmbH
way|46579159|16.7|110000|DB Energie
way|46579171|16.7|110000|DB Energie
way|46579172|16.7|110000|DB Energie
way|46579173|16.7|110000|DB Energie
way|46579174|16.7|110000|DB Energie
way|46579176|16.7|110000|DB Energie
way|46579178|16.7|110000|DB Energie
way|46579179|16.7|110000|DB Energie
way|46584358|16.7|110000|DB Energie
way|46611144|16.7|110000|DB Energie
way|46611145|16.7|110000|DB Energie
way|46657498|16.7|110000|DB Energie GmbH
way|46657499|16.7|110000|DB Energie
way|46657500|16.7|110000|DB Energie
way|46672267|16.7|110000|DB Energie
way|46832818|16.7|110000|DB Energie
way|46832819|16.7|110000|DB Energie GmbH
way|46832820|16.7|110000|DB Energie
way|46832823|16.7|110000|DB Energie GmbH
way|47056992|16.7|132000|DB Energie
way|47056994|16.7|110000|DB Energie GmbH
way|47056995|16.7|110000|DB Energie GmbH
way|47056997|16.7|110000|DB Energie
way|47056999|16.7|110000|DB Energie
way|47057000|16.7|110000|DB Energie
way|47057002|16.7|110000|DB Energie GmbH
way|47076498|16.7|110000|DB Energie
way|47077784|16.7|110000|DB Energie
way|47077786|16.7|110000|DB Energie GmbH
way|47077787|16.7|110000|DB Energie GmbH
way|47077789|16.7|110000|DB Energie
way|47077986|16.7|110000|DB Energie GmbH
way|47083622|16.7|110000|DB Energie
way|47083623|16.7|110000|DB Energie
way|47086827|16.7|110000|DB Energie GmbH
way|47086828|16.7|110000|DB Energie GmbH
way|47094507|16.7|110000|DB Energie GmbH
way|47096762|16.7|110000|DB Energie
way|47215551|50;16.7|110000|E.ON Netz GmbH
way|47440609|16.7|110000|DB Energie
way|47440610|16.7|110000|DB Energie GmbH
way|48046378|16.7|110000|DB Energie GmbH
way|48174975|16.7|110000|DB Energie GmbH
way|48416830|16.7|110000|DB Energie
way|48416831|16.7|110000|DB Energie
way|48416832|16.7|110000|DB Energie GmbH
way|51062052|16.7|110000|ÖBB-Infrastruktur AG
way|52004207|16.7|110000|DB Energie GmbH
way|52004208|16.7|110000|DB Energie GmbH
way|52004209|16.7|110000|DB Energie GmbH
way|52004210|16.7|110000|DB Energie GmbH
way|52004212|16.7|110000|DB Energie GmbH
way|52834992|16.7|110000|DB Energie GmbH
way|52834993|16.7|110000|DB Energie GmbH
way|52891552|16.7|110000|DB Energie GmbH
way|53024979|16.7|110000|DB Energie
way|53051652|16.7|132000|SBB
way|53247381|16.7|110000|DB Energie GmbH
way|53841831|50;16.7|132000|
way|53841836|50;16.7|132000|
way|55019937|16.7|110000|DB Energie GmbH
way|55019938|16.7|110000|DB Energie GmbH
way|55019939|16.7|110000|DB Energie GmbH
way|55019940|16.7|110000|DB Energie GmbH
way|58727213|16.7|110000|ÖBB-Infrastruktur AG
way|58879845|16.7|132000|
way|59076340|16.7|110000|DB Energie GmbH
way|59923864|16.7|110000|ÖBB-Infrastruktur AG
way|60143760|16.7|110000|DB Energie GmbH
way|60710913|16.7|132000|SBB
way|60785487|16.7|110000|DB Energie GmbH
way|62053944|16.7|110000|DB Energie
way|63528482|16.7|110000|DB Energie
way|63528488|16.7|110000|DB Energie
way|63564483|16.7|110000|DB Energie GmbH
way|63803752|50;16.7|220000;132000|NOK
way|65057393|50;16.7|132000|??;SBB
way|65057412|16.7|132000|SBB
way|71400903|50;50;16.7|220000;220000;132000|SBB
way|74038451|16.7|110000|DB Energie
way|74038452|16.7|110000|DB Energie
way|74679815|16.7|110000|DB Energie
way|74681386|16.7|110000|DB Energie
way|74681389|16.7|110000|DB Energie
way|74681392|16.7|110000|DB Energie
way|74681396|16.7|110000|DB Energie
way|74681399|16.7|110000|DB Energie
way|76706345|50;16.7|220000;66000;60000|
way|76706443|50;16.7|110000;66000|
way|76824929|16.7|110000|ÖBB-Infrastruktur AG
way|77708764|16.7|110000|DB Energie
way|78441548|16.7|110000|DB Energie
way|78441551|16.7|110000|DB Energie
way|80390630|16.7|132000|
way|81043652|16.7|132000|SBB
way|81654424|16.7|110000|ÖBB-Infrastruktur AG
way|82451482|16.7|110000|ÖBB-Infrastruktur AG
way|82662466|16.7|110000|ÖBB-Infrastruktur AG
way|82778013|16.7|132000|SBB
way|82778024|16.7|132000|SBB
way|82810568|16.7|110000|ÖBB-Infrastruktur AG
way|83272865|16.7|110000|ÖBB-Infrastruktur AG
way|83806135|16.7|132000|SBB
way|83819340|16.7|110000|
way|83823668|16.7|110000|
way|84014725|16.7|110000|ÖBB-Infrastruktur AG
way|84100314|16.7|110000|ÖBB-Infrastruktur AG
way|84385862|16.7|110000|ÖBB-Infrastruktur AG
way|84573496|16.7|110000|ÖBB-Infrastruktur AG
way|84960079|16.7|110000|DB Energie GmbH
way|85146976|16.7|110000|ÖBB-Infrastruktur AG
way|85314404|16.7|110000|ÖBB-Infrastruktur AG
way|86251203|16.7|110000|ÖBB-Infrastruktur AG
way|87281516|16.7|132000|SBB
way|87287436|16.7|132000|DB Energie GmbH
way|88387186|16.7|110000|ÖBB-Infrastruktur AG
way|88542065|16.7|110000|DB Energie
way|88542066|16.7|110000|DB Energie
way|88695053|16.7|110000|DB Energie GmbH
way|89025030|16.7|110000|DB Energie GmbH
way|89072007|16.7|110000|DB Energie GmbH
way|89072008|16.7|110000|DB Energie GmbH
way|89072011|16.7|110000|DB Energie GmbH
way|89118978|16.7|110000|DB Energie
way|89194816|16.7|110000|DB Energie GmbH
way|89766712|16.7|110000|DB Energie GmbH
way|89766721|16.7|110000|DB Energie GmbH
way|89796804|50;16.7|110000;132000|Axpo AG; SBB
way|89903611|16.7|110000|ÖBB-Infrastruktur AG
way|90056517|16.7|110000|ÖBB-Infrastruktur AG
way|90064347|16.7|110000|ÖBB-Infrastruktur AG
way|90067483|16.7|110000|ÖBB-Infrastruktur AG
way|90421578|16.7|132000|SBB
way|90421580|16.7|132000|SBB
way|91134502|16.7|110000|ÖBB-Infrastruktur AG
way|91236118|16.7|110000|ÖBB-Infrastruktur AG
way|91250731|16.7|110000|ÖBB-Infrastruktur AG
way|92220392|16.7|110000|ÖBB-Infrastruktur AG
way|92220410|16.7|110000|ÖBB-Infrastruktur AG
way|92915113|16.7|110000|ÖBB-Infrastruktur AG
way|92938742|16.7|110000|ÖBB-Infrastruktur AG
way|92938768|16.7|110000|ÖBB-Infrastruktur AG
way|93187005|16.7|110000|ÖBB-Infrastruktur AG
way|93213369|16.7|132000|
way|93310686|16.7|110000|ÖBB-Infrastruktur AG
way|93396658|16.7|110000|ÖBB-Infrastruktur AG
way|93396660|16.7|110000|ÖBB-Infrastruktur AG
way|93396661|16.7|110000|ÖBB-Infrastruktur AG
way|93396663|16.7|110000|ÖBB-Infrastruktur AG
way|93396664|16.7|110000|ÖBB-Infrastruktur AG
way|93396668|16.7|110000|ÖBB-Infrastruktur AG
way|93396669|16.7|110000|ÖBB-Infrastruktur AG
way|93396673|16.7|110000|ÖBB-Infrastruktur AG
way|93396680|16.7|110000|ÖBB-Infrastruktur AG
way|93540715|16.7|110000|ÖBB-Infrastruktur AG
way|93731761|16.7|132000|
way|94149172|16.7|110000|ÖBB-Infrastruktur AG
way|94149179|16.7|110000|ÖBB-Infrastruktur AG
way|94149197|16.7|110000|ÖBB-Infrastruktur AG
way|94149199|16.7|110000|ÖBB-Infrastruktur AG
way|94149204|16.7|110000|ÖBB-Infrastruktur AG
way|94149220|16.7|110000|ÖBB-Infrastruktur AG
way|94149227|16.7|110000|ÖBB-Infrastruktur AG
way|94452464|16.7|110000|ÖBB-Infrastruktur AG
way|94515098|16.7|110000|ÖBB-Infrastruktur AG
way|95120047|16.7|110000|ÖBB-Infrastruktur AG
way|95124820|16.7|110000|ÖBB-Infrastruktur AG
way|95211291|16.7|110000|ÖBB-Infrastruktur AG
way|95837659|16.7|110000|ÖBB-Infrastruktur AG
way|95851750|16.7|110000|ÖBB-Infrastruktur AG
way|96168193|16.7|110000|ÖBB-Infrastruktur AG
way|96837485|16.7|110000|ÖBB-Infrastruktur AG
way|97009345|16.7|110000|ÖBB-Infrastruktur AG
way|97009346|16.7|110000|ÖBB-Infrastruktur AG
way|97286365|16.7|110000|ÖBB-Infrastruktur AG
way|97385544|16.7|110000|DB Energie GmbH
way|97762332|16.7|110000|ÖBB-Infrastruktur AG
way|97992978|16.7|110000|ÖBB-Infrastruktur AG
way|98309769|16.7|110000|ÖBB-Infrastruktur AG
way|98309770|16.7|110000|ÖBB-Infrastruktur AG
way|98441720|16.7|110000|ÖBB-Infrastruktur AG
way|99841011|16.7|110000|ÖBB-Infrastruktur AG
way|99845212|16.7|110000|ÖBB-Infrastruktur AG
way|99877185|16.7|110000|ÖBB-Infrastruktur AG
way|99877188|16.7|110000|ÖBB-Infrastruktur AG
way|100337294|16.7|110000|ÖBB-Infrastruktur AG
way|100574859|16.7|110000|ÖBB-Infrastruktur AG
way|100595575|50;16.7;16.7|220000;132000;132000|
way|100595577|16.7|132000|
way|100619807|16.7|110000|ÖBB-Infrastruktur AG
way|101684155|16.7|110000|ÖBB-Infrastruktur AG
way|101688686|16.7|110000|ÖBB-Infrastruktur AG
way|101976740|16.7|110000|ÖBB-Infrastruktur AG
way|101976744|16.7|110000|ÖBB-Infrastruktur AG
way|102345574|16.7|132000|
way|103393131|16.7|110000|ÖBB-Infrastruktur AG
way|103393132|16.7|110000|ÖBB-Infrastruktur AG
way|103393133|16.7|110000|ÖBB-Infrastruktur AG
way|103393134|16.7|110000|ÖBB-Infrastruktur AG
way|103926796|16.7|132000|SBB
way|104548155|16.7|110000|DB Energie GmbH
way|104548165|16.7|110000|DB Energie
way|105068414|16.7|110000|DB Energie GmbH
way|105759871|16.7|110000|ÖBB-Infrastruktur AG
way|106078666|16.7|110000|ÖBB-Infrastruktur AG
way|106078669|16.7|110000|ÖBB-Infrastruktur AG
way|106078672|16.7|110000|ÖBB-Infrastruktur AG
way|106078676|16.7|110000|ÖBB-Infrastruktur AG
way|106078685|16.7|110000|
way|106078688|16.7|110000|ÖBB-Infrastruktur AG
way|106310489|16.7|110000|ÖBB-Infrastruktur AG
way|106311553|16.7|110000|ÖBB-Infrastruktur AG
way|107127161|50;16.7?|66000|
way|107127167|50;16.7|66000|
way|107134229|16.7|132000|SBB
way|107357095|16.7|110000|ÖBB-Infrastruktur AG
way|107680872|16.7|66000|SBB
way|112402663|16.7|110000|ÖBB-Infrastruktur AG
way|114220930|16.7|15000|DB Energie GmbH
way|116354551|16.7|132000|SBB
way|116637270|16.7|132000|
way|116650940|16.7|132000|SBB
way|118111556|16.7|132000|SBB
way|118111579|50;16.7|132000;110000;16000|SBB
way|119761163|16.7|132000|SBB
way|120920969|50;16.7|132000;110000|"SBB, Axpo"
way|122416872|16.7|110000|DB Energie GmbH
way|122416873|16.7|110000|DB Energie GmbH
way|122419491|16.7|110000|DB Energie
way|122419493|16.7|110000|DB Energie
way|122494142|16.7|110000|ÖBB-Infrastruktur AG
way|122494145|16.7|110000|ÖBB-Infrastruktur AG
way|122494147|16.7|110000|ÖBB-Infrastruktur AG
way|122494148|16.7|110000|ÖBB-Infrastruktur AG
way|122494149|16.7|110000|ÖBB-Infrastruktur AG
way|122494150|16.7|110000|ÖBB-Infrastruktur AG
way|122494151|16.7|110000|ÖBB-Infrastruktur AG
way|122494153|16.7|110000|ÖBB-Infrastruktur AG
way|122494154|16.7|110000|ÖBB-Infrastruktur AG
way|122541009|16.7|110000|ÖBB-Infrastruktur AG
way|123105805|16.7|110000|
way|123151950|16.7|110000|ÖBB-Infrastruktur AG
way|123151951|16.7|110000|ÖBB-Infrastruktur AG
way|123880173|16.7|66000|SBB
way|123880182|16.7|132000|SBB
way|124416691|16.7|132000|SBB
way|125963902|16.7|110000|DB Energie GmbH
way|128167444|16.7|110000|ÖBB-Infrastruktur AG
way|128167878|16.7|110000|ÖBB-Infrastruktur AG
way|128185693|16.7|110000|ÖBB-Infrastruktur AG
way|128185696|16.7|110000|ÖBB-Infrastruktur AG
way|128185697|16.7|110000|ÖBB-Infrastruktur AG
way|128503724|16.7|55000|ÖBB-Infrastruktur AG
way|128503725|16.7|55000|ÖBB-Infrastruktur AG
way|128804313|16.7|110000|ÖBB-Infrastruktur AG
way|128805163|16.7|110000|ÖBB-Infrastruktur AG
way|128963180|16.7|110000|ÖBB-Infrastruktur AG
way|129690166|16.7|110000|ÖBB-Infrastruktur AG
way|129976996|16.7|132000|SBB
way|129977014|50;16.7;16.7|220000;132000;132000|Swissgrid;SBB
way|131115492|16.7|110000|ÖBB-Infrastruktur AG
way|131115494|16.7|110000|ÖBB-Infrastruktur AG
way|131115496|16.7|110000|ÖBB-Infrastruktur AG
way|131115498|16.7|110000|ÖBB-Infrastruktur AG
way|131115499|16.7|110000|ÖBB-Infrastruktur AG
way|131220691|16.7|15000|
way|131881089|16.7|132000;?|SBB
way|132532768|16.7|110000|ÖBB-Infrastruktur AG
way|132532769|16.7|110000|ÖBB-Infrastruktur AG
way|132532770|16.7|110000|ÖBB-Infrastruktur AG
way|132532773|16.7|110000|ÖBB-Infrastruktur AG
way|133321719|16.7|110000|DB Energie
way|134193728|16.7|110000|ÖBB-Infrastruktur AG
way|134193731|16.7|110000|ÖBB-Infrastruktur AG
way|135306108|16.7|132000|
way|136553877|16.7|110000|DB Energie GmbH
way|137262051|50;16.7|132000|SBB
way|137271895|16.7|132000|SBB
way|138564956|16.7|110000|ÖBB-Infrastruktur AG
way|138564957|16.7|110000|ÖBB-Infrastruktur AG
way|138564958|16.7|110000|ÖBB-Infrastruktur AG
way|138564960|16.7|110000|ÖBB-Infrastruktur AG
way|138564967|16.7|110000|ÖBB-Infrastruktur AG
way|139596673|50;16.7|110000|E.ON Netz GmbH
way|140244105|16.7|132000|SBB
way|140300521|16.7|132000|SBB
way|140585834|16.7|110000|DB Energie GmbH
way|141333190|16.7|132000|SBB
way|141333191|16.7|132000|SBB
way|141333194|16.7|132000|SBB
way|141862906|16.7|110000|ÖBB-Infrastruktur AG
way|141862907|16.7|110000|ÖBB-Infrastruktur AG
way|142170056|16.7|110000|DB Energie GmbH
way|142182210|50;16.7|110000|EnBW
way|142182271|16.7|110000|DB Energie
way|142264442|16.7|110000|ÖBB-Infrastruktur AG
way|142264443|16.7|110000|ÖBB-Infrastruktur AG
way|142410824|16.7|110000|DB Energie
way|142410830|16.7|110000|DB Energie GmbH
way|143076855|50;16.7|132000;110000|DB Energie GmbH
way|143575227|16.7|110000|DB Energie
way|143658752|16.7|110000|DB Energie
way|143668591|16.7|110000|DB Energie
way|143862195|16.7|110000|DB Energie
way|144175570|16.7|110000|DB Energie GmbH
way|145130399|16.7|110000|DB Energie
way|145130400|16.7|110000|DB Energie
way|145130401|16.7|110000|DB Energie
way|145420387|16.7|110000|DB Energie
way|145424012|16.7|110000|DB Energie
way|146155045|16.7|110000|DB Energie GmbH
way|146155046|16.7|110000|DB Energie
way|146155049|16.7|110000|DB Energie GmbH
way|146341200|16.7|110000|ÖBB-Infrastruktur AG
way|146385911|16.7|110000|DB Energie
way|146385913|16.7|110000|DB Energie
way|146388333|16.7|110000|DB Energie
way|147078804|16.7|110000|DB Energie
way|147477847|50;16.7|132000|ATEL;SBB
way|147477849|16.7|132000|SBB
way|147563006|16.7|110000|ÖBB-Infrastruktur AG
way|148015403|16.7|132000|SBB
way|149981421|16.7|110000|DB Energie
way|151682757|16.7|110000|ÖBB-Infrastruktur AG
way|151682758|16.7|110000|ÖBB-Infrastruktur AG
way|152261877|16.7|132000|SBB
way|152325988|16.7|110000|ÖBB-Infrastruktur AG
way|152325989|16.7|110000|
way|152325990|16.7|110000|ÖBB-Infrastruktur AG
way|152384683|16.7|132000|
way|152389305|50;16.7|125000;132000|Romande Energie;SBB
way|152723580|50;16.7|125000;132000|Romande Energie;SBB
way|153089327|16.7|110000|DB Energie
way|153325682|50;16.7|380000;110000|DB Energie GmbH;EnBW
way|153325684|16.7|110000|DB Energie
way|153325686|16.7|110000|DB Energie
way|153332481|16.7|0|DB Energie
way|153332486|16.7|0|DB Energie
way|153332487|16.7|0|DB Energie
way|153431831|50;50;16.7;16.7|110000|DB Energie;MVV Netze
way|153918995|16.7|110000|DB Energie
way|153919002|16.7|110000|DB Energie
way|154070451|16.7|110000|DB Energie
way|154070458|16.7|110000|DB Energie
way|154266000|16.7|110000|ÖBB-Infrastruktur AG
way|154266001|16.7|110000|ÖBB-Infrastruktur AG
way|154266002|16.7|110000|ÖBB-Infrastruktur AG
way|154343248|16.7|110000|DB Energie
way|154368928|16.7|110000|DB Energie GmbH
way|154368929|16.7|110000|DB Energie GmbH
way|155078237|16.7|110000|DB Energie
way|155389299|16.7|110000|ÖBB-Infrastruktur AG
way|155389302|16.7|110000|ÖBB-Infrastruktur AG
way|156559286|16.7|110000|DB Energie
way|156559296|16.7|110000|DB Energie
way|156559297|16.7|110000|DB Energie
way|156559299|16.7|110000|DB Energie
way|156559303|16.7|110000|DB Energie GmbH
way|156559307|16.7|110000|DB Energie
way|156559311|16.7|110000|DB Energie
way|156559315|16.7|110000|DB Energie
way|156644893|16.7|110000|ÖBB-Infrastruktur AG
way|156816476|16.7|110000|DB Energie GmbH
way|156816478|16.7|110000|DB Energie GmbH
way|157319802|16.7|132000|SBB
way|157319803|16.7|132000|
way|157319804|16.7|132000|
way|157319814|16.7|132000|
way|157319820|16.7|132000|
way|157319822|16.7|132000|
way|157319828|16.7|132000|
way|157319834|16.7|132000|
way|157319842|16.7|132000|
way|157374314|16.7|132000|SBB
way|157385574|16.7|110000|DB Energie GmbH
way|158228418|16.7|132000|
way|158740391|16.7|110000|ÖBB-Infrastruktur AG
way|161196294|16.7|110000|DB Energie
way|161844755|16.7|110000|DB Energie
way|161844758|16.7|110000|DB Energie
way|161844762|16.7|110000|DB Energie
way|162118791|16.7|132000|SBB
way|162124900|50;16.7|unknown;132000|EWW;SBB
way|164095387|50;16.7|220000;132000|
way|165513390|16.7|132000|SBB
way|165513391|16.7|132000|SBB
way|165513392|16.7|132000|SBB
way|165513393|16.7|132000|SBB
way|165513394|16.7|132000|SBB
way|165513395|16.7|132000|SBB
way|166162998|50;16.7|132000;unknown|oen;SBB
way|166162999|16.7|132000|SBB
way|166982201|16.7|110000|DB Energie
way|167386107|50;16.7|50000; 132000|Atel; SBB
way|169349330|16.7|110000|DB Energie GmbH
way|169349331|16.7|110000|DB Energie
way|169349333|16.7|110000|DB Energie
way|169349334|16.7|132000|DB Energie GmbH
way|169349335|16.7|110000|DB Energie
way|169349336|16.7|110000|DB Energie GmbH
way|169349338|16.7|110000|DB Energie GmbH
way|169349342|16.7|110000|DB Energie
way|169349343|16.7|132000|DB Energie GmbH
way|169349345|16.7|110000|DB Energie GmbH
way|169349348|16.7|110000|DB Energie GmbH
way|169349349|16.7|132000|DB Energie GmbH
way|169349350|16.7|110000|DB Energie
way|169349354|16.7|132000|DB Energie GmbH
way|169349355|16.7|132000|DB Energie GmbH
way|169351808|16.7|132000|SBB
way|169351809|16.7|66000|SBB
way|169351811|16.7|132000|SBB
way|169371001|16.7|66000|SBB
way|169371002|16.7|132000|SBB
way|169474869|16.7|66000|
way|169537737|16.7|110000|DB Energie GmbH
way|169537738|16.7|110000|DB Energie GmbH
way|169538653|16.7|110000|DB Energie GmbH
way|169538654|16.7|110000|DB Energie GmbH
way|169538655|16.7|110000|DB Energie GmbH
way|169538658|16.7|110000|DB Energie GmbH
way|169538659|16.7|110000|DB Energie GmbH
way|170982747|16.7|110000|DB Energie GmbH
way|170982777|16.7|132000|SBB
way|170993623|50;16.7|132000;110000|DB Energie GmbH
way|170993624|16.7|132000|
way|171147384|16.7|110000|DB Energie
way|171147386|16.7|110000|DB Energie
way|171147437|16.7|110000|DB Energie
way|171147441|16.7|110000|DB Energie GmbH
way|171147442|16.7|110000|DB Energie GmbH
way|171147443|16.7|110000|DB Energie GmbH
way|171147444|16.7|110000|DB Energie
way|171147445|16.7|110000|DB Energie GmbH
way|171147446|16.7|110000|DB Energie GmbH
way|171147447|16.7|110000|DB Energie GmbH
way|171147448|16.7|110000|DB Energie GmbH
way|171147452|16.7|110000|DB Energie
way|171271258|16.7|110000|DB Energie
way|171271259|16.7|110000|DB Energie
way|171273586|16.7|110000|DB Energie GmbH
way|171442979|16.7|110000|ÖBB-Infrastruktur AG
way|171458111|16.7|110000|DB Energie
way|171463140|16.7|110000|ÖBB-Infrastruktur AG
way|171467418|16.7|110000|DB Energie GmbH
way|171525992|16.7|110000|DB Energie
way|171525993|16.7|110000|DB Energie
way|171525994|16.7|110000|DB Energie
way|171525995|16.7|110000|DB Energie
way|171525996|16.7|110000|DB Energie
way|172160684|16.7|110000|DB Energie GmbH
way|172210578|16.7|110000|DB Energie GmbH
way|172946563|50;16.7|66000|
way|173202724|16.7|132000;66000|SBB
way|173220575|50;16.7|132000|"SBB, Axpo"
way|173220578|16.7|132000|SBB
way|174548763|50;16.7|110000;132000|Axpo AG;SBB
way|175558881|16.7|132000|SBB
way|175820866|16.7|132000|
way|175820869|50;16.7|132000|
way|176953025|16.7|132000|SBB
way|178239683|50;16.7|132000|
way|179300157|16.7|110000|ÖBB-Infrastruktur AG
way|179358212|16.7|110000|ÖBB-Infrastruktur AG
way|181476508|16.7|66000|SBB
way|181483582|16.7|66000|SBB
way|182239863|16.7|110000|DB Energie GmbH
way|182240323|16.7|15000|SBB
way|183196187|16.7|110000|ÖBB-Infrastruktur AG
way|183196188|16.7|110000|ÖBB-Infrastruktur AG
way|183196189|16.7|110000|ÖBB-Infrastruktur AG
way|184476133|16.7|110000|DB Energie GmbH
way|184977579|16.7|15000|DB Netz AG
way|186790610|16.7|132000|SBB
way|186790611|16.7|132000|
way|187641728|16.7|66000|SBB
way|189574885|50;16.7|380000;110000|DB Energie GmbH;EnBW
way|191374286|16.7|132000|
way|191374289|16.7|132000|
way|191383303|16.7|132000|SBB
way|191558225|16.7|110000|
way|191558226|16.7|110000|
way|191972787|16.7|110000|DB Energie GmbH
way|191978601|16.7|110000|DB Energie GmbH
way|191987522|16.7|110000|DB Energie GmbH
way|191987523|16.7|110000|DB Energie GmbH
way|191987524|16.7|110000|DB Energie GmbH
way|191987729|16.7|15000|
way|191987730|16.7|110000|DB Energie GmbH
way|191987734|16.7|110000|DB Energie GmbH
way|191990739|16.7|0|
way|192514855|16.7|110000|DB Energie
way|192514856|16.7|110000|DB Energie GmbH
way|193080568|16.7|132000|
way|194681858|16.7|132000|SBB
way|194681859|16.7|132000|
way|194681860|16.7|132000|
way|194707124|50;16.7|132000|SBB
way|194709518|50;16.7|132000|SBB
way|194709519|16.7|132000|SBB
way|194712479|16.7|132000|SBB
way|194796827|16.7|132000|SBB
way|194799465|16.7|132000|SBB
way|194983925|16.7|110000|ÖBB-Infrastruktur AG
way|194983926|16.7|110000|ÖBB-Infrastruktur AG
way|195010206|16.7|110000|ÖBB-Infrastruktur AG
way|195117060|16.7|110000|ÖBB-Infrastruktur AG
way|195117061|16.7|110000|ÖBB-Infrastruktur AG
way|195125727|16.7|110000|ÖBB-Infrastruktur AG
way|195649582|16.7|132000|SBB
way|195655583|50;16.7|132000|
way|195666623|16.7|132000|
way|195666624|16.7|132000|SBB
way|195718429|16.7|132000|
way|195750078|50;16.7|220000;132000|
way|195750079|16.7|132000|
way|195750281|16.7|132000|SBB
way|195750352|16.7|132000|SBB
way|195821293|50;50;16.7;16.7|110000;110000;132000;132000|SBB
way|195822658|16.7|132000|
way|196891707|16.7|132000|
way|196893720|16.7|132000|SBB
way|197044253|16.7|132000|
way|198207022|16.7|132000|SBB
way|198210205|16.7|132000|SBB
way|198313854|16.7|16000|SBB
way|198388859|16.7|132000|
way|198389699|16.7|132000|SBB
way|199276604|16.7|110000|DB Energie GmbH
way|199291651|16.7|110000|DB Energie GmbH
way|199291652|16.7|110000|DB Energie
way|199291657|16.7|110000|DB Energie
way|199767405|16.7|15000|
way|202171164|16.7|110000|DB Energie
way|202815070|16.7|132000;15000|DB Energie GmbH
way|202816378|50;16.7|110000|
way|202816379|16.7|110000|DB Energie GmbH
way|202816382|50;16.7|110000|
way|204106026|16.7|132000|
way|204524677|16.7|110000|DB Energie
way|204524678|50;16.7|110000;110000|Netze BW;DB Energie
way|204688866|16.7|132000|SBB
way|205359801|16.7|66000|
way|205361529|16.7|66000|SBB
way|205367107|16.7|66000|
way|205369423|16.7|66000|
way|205376802|16.7|132000|SBB
way|205376804|16.7|132000|SBB
way|205377876|16.7|132000|
way|205378869|50;16.7|132000;16000|SBB; AEW
way|205385384|16.7|132000|SBB
way|205405886|16.7|132000|
way|205405887|16.7|132000|SBB
way|205407022|50;50;16.7;16.7|110000;110000;132000;132000|
way|205407023|16.7|132000|
way|205407024|16.7|132000|
way|205408290|50;50;16.7;16.7|110000;110000;132000;132000|
way|205408292|16.7|132000|
way|205409755|16.7|132000|SBB
way|205409756|50;16.7|132000;110000|"SBB, Axpo"
way|205410079|50;16.7|132000;110000|"SBB, Axpo"
way|205410349|50;16.7|;132000|Axpo;SBB
way|205410622|16.7|132000|SBB
way|205453325|50;16.7|110000;132000|Axpo AG; SBB
way|205458109|16.7|132000|SBB
way|205470714|16.7|132000|
way|205476194|16.7|132000|
way|205482911|16.7|132000|
way|205500184|16.7|132000|SBB
way|205500185|50;16.7|132000;110000|
way|205503744|50;16.7|132000;66000|
way|205504290|50;16.7|132000;110000|
way|205630029|16.7|132000|SBB
way|205630032|50;16.7|125000;132000|Romande Energie;SBB
way|205630035|50;16.7|125000;132000|
way|205630200|16.7|132000|SBB
way|205630990|16.7|132000|SBB
way|205630991|16.7|132000|SBB
way|205630993|16.7|132000|SBB
way|205700097|16.7|66000|
way|205701089|16.7|66000|
way|205702939|16.7|66000|
way|205798097|50;50;16.7;16.7|110000;110000;132000;132000|
way|205799610|50;16.7|132000|
way|205799616|16.7|132000|
way|205800616|50;16.7|132000|
way|205801768|16.7|132000|
way|205806240|16.7|132000|
way|205816854|50;16.7|132000|
way|205832974|16.7|66000|
way|205848761|50;16.7|132000|
way|205849342|50;16.7|132000;50000;17000|"SBB, Axpo, EKT"
way|205849896|16.7|132000|SBB
way|206011589|50;50;16.7;16.7|132000|
way|206015802|50;16.7|220000;132000|Swissgrid; SBB
way|206016100|50;16.7;16.7|220000;132000;132000|Swissgrid; SBB
way|206016281|50;16.7|220000;132000|
way|206016611|50;16.7|220000;132000|
way|206017074|50;16.7|220000;132000|NOK; SBB
way|206017880|50;16.7|220000;132000|SBB
way|206243771|16.7|66000|
way|206243776|50;50;16.7|380000;132000;66000|Swissgrid
way|206245026|50;16.7|132000;66000|
way|206245212|50;16.7|132000;66000|SBB
way|207763956|50;16.7|66000|
way|207927331|16.7|132000|SBB
way|207927333|16.7|132000|SBB
way|207949648|50;50;16.7|380000;220000;132000|Swissgrid;Swissgrid;SBB
way|207979736|16.7|132000|SBB
way|207990252|16.7|132000|SBB
way|207990734|16.7|132000|SBB
way|208149864|50;16.7|66000|
way|208215586|50;16.7|220000;132000|
way|208215588|16.7|132000|
way|208218231|50;16.7|132000|
way|208218232|16.7|132000|
way|208221717|50;16.7|220000;132000|Swissgrid
way|208238192|50;16.7|132000|
way|208246217|16.7|132000|
way|208249641|16.7|132000|SBB
way|208264646|16.7|132000|SBB
way|208265643|16.7|132000|SBB
way|208265646|16.7|132000|SBB
way|208439920|16.7|66000|
way|208467737|16.7|66000|
way|208477892|16.7|66000|
way|208755934|50;16.7|66000;60000|
way|208790792|16.7|132000|SBB
way|208868436|16.7|132000|SBB
way|208885086|50;16.7|66000;50000|
way|208885087|16.7|66000|
way|208904880|50;50;16.7|220000;220000;66000|Swissgrid;Swissgrid;SBB
way|208905931|16.7|66000|
way|208905932|16.7;50|66000;unknown|
way|208905933|16.7|66000|
way|208905934|16.7|66000|
way|208919498|16.7|66000|
way|208919510|16.7|66000|
way|208921118|16.7|132000|SBB
way|208921123|50;16.7|220000;132000|
way|209186044|50;16.7|66000;60000|
way|209329693|16.7|132000|SBB
way|209329695|50;50;16.7|220000;125000;132000|Swissgrid;Romande Énergie;SBB
way|209345331|16.7|132000|
way|209439749|16.7|66000|
way|209441559|16.7|66000|SBB
way|209441563|16.7|66000|
way|209441565|16.7|66000|
way|209556321|16.7|66000|
way|209561753|16.7|66000|Rhb
way|209561754|16.7|66000|
way|209561755|16.7|66000|
way|209562093|16.7|66000|
way|209687929|16.7|66000|
way|209855605|16.7|66000|
way|209867286|16.7|66000|
way|209876123|16.7|66000|
way|209876124|16.7|66000|
way|209876125|16.7|66000|RhB
way|209916906|16.7|15000|
way|210138199|50;16.7|66000|
way|210138200|16.7|66000|
way|210391678|50;16.7|66000|
way|210871521|16.7|66000|
way|210871522|16.7|66000|
way|210894779|16.7|110000|DB Energie GmbH
way|211032965|16.7|66000|RhB
way|211697921|16.7|66000|
way|211907011|16.7|66000|
way|211907013|16.7|66000|
way|211907016|16.7|66000|SBB
way|211907020|16.7|66000|
way|214447658|16.7|132000|SBB
way|214447659|16.7|132000|SBB
way|214544095|16.7|110000|DB Energie GmbH
way|214544101|16.7|110000|DB Energie GmbH
way|214544146|16.7|110000|DB Energie GmbH
way|214544147|16.7|110000|DB Energie GmbH
way|214544148|16.7|110000|DB Energie GmbH
way|214544149|16.7|110000|DB Energie GmbH
way|214544151|16.7|110000|DB Energie GmbH
way|214544152|16.7|110000|DB Energie GmbH
way|214544154|16.7|110000|DB Energie GmbH
way|214544156|16.7|110000|DB Energie GmbH
way|214544157|16.7|110000|DB Energie GmbH
way|214544159|16.7|110000|DB Energie GmbH
way|214544160|16.7|110000|DB Energie GmbH
way|214544161|16.7|110000|DB Energie GmbH
way|214554901|16.7;50|110000|DB Energie GmbH
way|214817311|16.7|110000|DB Energie GmbH
way|214835511|16.7|110000|DB Energie
way|217141625|16.7|15000|
way|220028247|16.7|110000|DB Energie GmbH
way|220028248|16.7|110000|DB Energie GmbH
way|220504763|50;16.7|;132000|SBB
way|220504765|50;16.7|;132000|Axpo;SBB
way|221961295|16.7|132000|SBB
way|224820435|16.7|15000|DB Energie GmbH
way|225327806|16.7|66000|RhB
way|225466646|16.7|132000|SBB
way|225817265|16.7|110000|DB Energie
way|225817266|50;16.7|110000|E.ON Netz GmbH
way|226554372|16.7|110000|DB Energie
way|227028915|16.7|110000|DB Energie GmbH
way|227028917|50;16.7|110000|DB Energie
way|232363659|16.7|15000|
way|232363660|16.7|15000|
way|232363662|16.7|15000|
way|232835888|16.7|110000|
way|232929311|16.7|110000|DB Energie
way|232929915|50;16.7|110000|DB Energie GmbH
way|232932194|50;16.7|110000|E.ON Netz GmbH
way|233098483|50;16.7|132000;110000|SBB
way|233706913|16.7|110000|ÖBB-Infrastruktur AG
way|233706914|16.7|110000|ÖBB-Infrastruktur AG
way|233706915|16.7|110000|ÖBB-Infrastruktur AG
way|233707819|16.7|110000|ÖBB-Infrastruktur AG
way|233707821|16.7|110000|ÖBB-Infrastruktur AG
way|233707823|16.7|110000|ÖBB-Infrastruktur AG
way|233711724|16.7|110000|ÖBB-Infrastruktur AG
way|233711725|16.7|110000|ÖBB-Infrastruktur AG
way|233711727|16.7|110000|ÖBB-Infrastruktur AG
way|233711728|16.7|110000|ÖBB-Infrastruktur AG
way|233714393|16.7|132000|ÖBB-Infrastruktur AG
way|233717065|16.7|110000|ÖBB-Infrastruktur AG
way|233717068|16.7|110000|ÖBB-Infrastruktur AG
way|233717073|16.7|110000|ÖBB-Infrastruktur AG
way|233718950|16.7|110000|ÖBB-Infrastruktur AG
way|235677554|16.7|55000|ÖBB-Infrastruktur AG
way|238817952|16.7|110000|DB Energie
way|239937063|16.7|132000|SBB
way|243708872|50;16.7|132000;66000|
way|243708874|50;16.7|132000|NOK ; SBB
way|251806924|16.7|110000|DB Energie GmbH
way|251806925|16.7|110000|DB Energie GmbH
way|253155402|16.7|110000|DB Energie
way|253167047|16.7|110000|DB Energie GmbH
way|253337618|16.7;50|132000;110000|
way|253349307|50;50;16.7|380000;220000;132000|Swissgrid;Swissgrid;SBB
way|253350051|16.7|132000|SBB
way|253357319|50;16.7|125000;132000|Romande Energie;SBB
way|253361584|50;16.7|220000;132000|ALPIQ;SBB
way|253385990|50;50;16.7|380000;220000;132000|Swissgrid
way|253386000|16.7|132000|SBB
way|253386122|16.7|132000|
way|253387955|16.7|132000|SBB
way|253390944|50;50;16.7|110000;110000;132000|
way|253411938|16.7|132000|
way|253411939|50;16.7|132000|
way|253471513|16.7|132000|SBB
way|254022482|16.7|110000|DB Energie GmbH
way|254022490|16.7|110000|DB Energie GmbH
way|254099924|16.7|110000|DB Energie
way|254099925|16.7|110000|DB Energie GmbH
way|254216896|16.7|132000;66000|SBB
way|254216899|16.7|132000|SBB
way|254216900|16.7|66000|SBB
way|254216901|16.7|66000|SBB
way|254216902|16.7|66000|
way|254216903|16.7|132000|SBB
way|254216905|16.7|132000|SBB
way|254216906|16.7|132000|SBB
way|254216907|16.7|66000|SBB
way|254216909|16.7|66000|SBB
way|254216910|16.7|66000|
way|254216911|16.7|66000|SBB
way|254216912|16.7|66000|
way|254266351|16.7|132000|SBB
way|254266358|16.7|132000|
way|254266360|16.7|132000|
way|254266362|16.7|132000|
way|254266363|16.7|132000|
way|254266365|16.7|132000|
way|254266366|50;50;16.7|220000;125000;132000|Swissgrid;Romande Énergie;SBB
way|254279984|16.7|132000|
way|254279987|16.7|132000|SBB
way|254282617|16.7|132000|SBB
way|254285932|16.7|132000|SBB
way|254442117|16.7|132000|SBB
way|254442118|16.7|132000|
way|254442119|16.7|132000|
way|254442120|50;16.7|132000;unknown|EWW;SBB
way|254442122|50;16.7|220000;132000|
way|254442123|16.7|132000|SBB
way|254442124|16.7|66000|SBB
way|254442125|16.7|132000|SBB
way|254442126|16.7|132000|SBB
way|254442127|16.7|132000|SBB
way|254442129|50;16.7|220000;132000|
way|254442130|16.7|132000|SBB
way|254442132|16.7|132000|SBB
way|254442133|16.7|132000|SBB
way|254442134|16.7|132000|SBB
way|254442136|16.7|132000|
way|254442138|16.7|132000|
way|254442140|16.7|132000|
way|254442141|16.7|132000|
way|254442142|16.7|132000|
way|254442143|16.7|132000|
way|254442144|16.7|132000|
way|254442145|50;16.7|132000;unknown|
way|254442148|16.7|132000|SBB
way|254444376|16.7|132000|
way|254444377|16.7|132000|SBB
way|254444378|16.7|132000|
way|254444379|16.7|132000|
way|254444380|16.7|66000|
way|254444381|16.7|132000|SBB
way|254444453|16.7|132000|
way|254444454|50;16.7|132000|
way|254444455|16.7|132000|
way|254446754|16.7|132000|
way|254446757|50;16.7|132000|
way|254446758|16.7|132000|
way|254446759|16.7|132000|
way|254446760|16.7|132000|
way|254448467|16.7|132000|
way|254448469|16.7|132000|SBB
way|254448470|16.7|132000|
way|254453310|16.7|132000|SBB
way|254453323|16.7|132000|
way|254453324|16.7|132000|
way|254453325|16.7|132000|
way|254453327|16.7|132000|
way|254453329|16.7|132000|
way|254454006|16.7|132000|
way|254549538|16.7|132000|
way|254554519|16.7|132000|SBB
way|254554520|16.7|132000|SBB
way|254607609|16.7|132000|SBB
way|254607610|16.7|132000|
way|254607611|16.7|132000|SBB
way|254607613|16.7|132000|SBB
way|254607614|16.7|132000|DB Energie GmbH
way|254607615|16.7|132000|
way|254607616|16.7|132000|SBB
way|254607617|16.7|132000|SBB
way|254607618|16.7|132000|SBB
way|254607619|16.7|132000|SBB
way|254607620|16.7|15000|
way|254607621|16.7|132000|SBB
way|254607622|16.7|132000|SBB
way|254607623|16.7|132000|SBB
way|254607624|16.7|132000|SBB
way|254607626|16.7|132000|SBB
way|254607628|16.7|132000|SBB
way|254607629|16.7|132000|SBB
way|254607630|16.7|132000|
way|254607631|16.7|132000|SBB
way|254607632|16.7|132000;15000|
way|254607633|16.7|132000;66000;15000|SBB
way|254607636|16.7|132000|SBB
way|254743022|16.7|132000|
way|254743023|16.7|132000|
way|254743024|16.7|132000|
way|254743025|16.7|132000|SBB
way|254743026|16.7|132000|
way|254743030|16.7|132000|SBB
way|254743035|16.7|132000|
way|254743036|16.7|132000|SBB
way|254743037|16.7|132000|SBB
way|254743038|16.7|132000|SBB
way|254743039|16.7|132000|
way|254743040|16.7|132000|SBB
way|254743041|16.7|132000|
way|254743043|16.7|132000|
way|254743045|16.7|132000|
way|254743047|16.7|132000|
way|254743050|16.7|132000|SBB
way|254743053|16.7|132000|
way|254743056|16.7|132000|
way|254743063|16.7|132000|SBB
way|254743064|16.7|132000|SBB
way|254746766|16.7|132000|SBB
way|254746769|16.7|132000|
way|254746770|16.7|132000|
way|254746771|16.7|132000|SBB
way|254746772|16.7|132000|
way|254746774|16.7|132000|
way|254746775|16.7|132000|
way|254746776|16.7|132000|
way|254746777|16.7|132000|
way|254748353|16.7|132000|SBB
way|254748354|16.7|132000|SBB
way|254750493|16.7|132000|
way|254750494|16.7|132000|
way|254750495|16.7|132000|
way|255353858|16.7|132000|
way|255353859|16.7|132000|SBB
way|255353867|16.7|132000;15000|SBB
way|255353870|16.7|66000|
way|255353871|50;16.7|66000|
way|255353874|16.7|132000|SBB
way|255353877|16.7|132000|
way|255353879|16.7|132000|
way|255353881|16.7|132000|SBB
way|255353883|16.7|132000|SBB
way|255353884|50;16.7|66000|
way|255353888|16.7|66000|
way|255353891|16.7|132000|SBB
way|255353894|16.7|132000|
way|255353895|16.7|132000|SBB
way|255353896|16.7|132000|SBB
way|255353897|16.7|132000|SBB
way|255353898|16.7|132000|SBB
way|255353899|16.7|132000|SBB
way|255353901|16.7|132000|SBB
way|255353906|16.7|132000|SBB
way|255353911|16.7|66000|
way|255353914|16.7|132000|SBB
way|255353924|16.7|132000|SBB
way|255353925|16.7|132000|SBB
way|255356766|16.7|66000|
way|255356768|16.7|66000|
way|255356769|16.7|66000|
way|255357307|16.7|66000|
way|255357308|16.7|medium|
way|255357309|16.7|medium|
way|255357311|16.7|66000|
way|255358730|16.7|66000|
way|255358732|16.7|66000|
way|255358733|16.7|66000|
way|255457999|16.7|132000|
way|255458002|16.7|132000|
way|255458004|16.7|66000|
way|256015231|16.7|15000|DB Energie GmbH
way|256015237|16.7|15000|DB Energie GmbH
way|260470276|16.7|110000|DB Energie
way|263950313|50;16.7;16.7|125000;132000;132000|EOS;SBB
way|263950314|16.7|132000|
way|263951069|50;16.7|65000;132000|
way|280199552|16.7|15000|SBB
way|285208468|16.7|132000|SBB
way|285208469|16.7|132000|SBB
way|285208470|16.7|132000|SBB
way|285208471|16.7|132000|SBB
way|287887128|729000||
way|288174053|16.7|110000|DB Energie
way|288174055|16.7|110000|DB Energie
way|288174056|16.7|110000|DB Energie
way|288174059|16.7|110000|DB Energie
way|288174060|16.7|110000|DB Energie
way|288278654|16.7|110000|DB Energie
way|288278655|16.7|110000|DB Energie
way|288278657|16.7|110000|DB Energie
way|288278665|16.7|110000|DB Energie
way|288278669|16.7|110000|DB Energie
way|288626980|16.7|110000|DB Energie
way|288626984|16.7|110000|DB Energie
way|288626986|16.7|110000|DB Energie
way|288626987|16.7|110000|DB Energie
way|288626988|16.7|110000|DB Energie
way|288626989|16.7|110000|DB Energie
way|288627575|16.7|110000|DB Energie GmbH
way|288627576|16.7|110000|DB Energie GmbH
way|288627577|16.7|110000|DB Energie GmbH
way|288632548|16.7|110000|DB Energie
way|288632549|16.7|110000|DB Energie
way|288632550|16.7|110000|DB Energie
way|288632551|16.7|110000|DB Energie
way|288632552|16.7|110000|DB Energie
way|288632553|16.7|110000|DB Energie
way|288636554|16.7|110000|DB Energie
way|288636555|16.7|110000|DB Energie
way|288637206|16.7|110000|DB Energie
way|288637207|16.7|110000|DB Energie
way|288637208|16.7|110000|DB Energie
way|288637209|16.7|110000|DB Energie
way|288637210|16.7|110000|DB Energie
way|288637211|16.7|110000|DB Energie
way|288637212|16.7|110000|DB Energie
way|288637213|16.7|110000|DB Energie
way|288645941|16.7|110000|DB Energie GmbH
way|288650724|16.7|110000|DB Energie
way|288652136|16.7|110000|DB Energie GmbH
way|295809999|16.7|110000|DB Energie
way|302365394|50;16.7|380000;110000|Stadtwerke München
way|305803637|16.7|110000|ÖBB-Infrastruktur AG
way|305803638|16.7|110000|ÖBB-Infrastruktur AG
way|305803639|16.7|110000|ÖBB-Infrastruktur AG
way|305803719|16.7|110000|ÖBB-Infrastruktur AG
way|317160010|16.7|15000|DB Energie
way|317160011|16.7|15000|DB Energie
way|317379834|16.7|15000|DB Energie
way|317379835|16.7|15000|DB Energie
way|317379836|16.7|15000|DB Energie
way|317379837|16.7|15000|DB Energie
way|317379838|16.7|15000|DB Energie
way|317379839|16.7|15000|DB Energie
way|317379840|16.7|15000|DB Energie
way|317379841|16.7|15000|DB Energie
way|317379851|16.7|15000|DB Energie
way|317379879|16.7|15000|DB Energie
way|317379894|16.7|15000|DB Energie
way|317550850|16.7|15000|DB Energie
way|317550851|16.7|15000|DB Energie
way|317550853|16.7|15000|DB Energie
way|317550854|16.7|15000|DB Energie
way|317550859|16.7|15000|DB Energie
way|317550860|16.7|15000|DB Energie
way|317550861|16.7|15000|DB Energie
way|317550862|16.7|15000|DB Energie
way|317550863|16.7|15000|DB Energie
way|317550878|16.7|15000|DB Energie
way|317716509|16.7|15000|DB Energie
way|317716511|16.7|15000|DB Energie
way|317813736|16.7|15000|DB Energie GmbH
way|317813747|16.7|15000|DB Energie GmbH
way|317813752|16.7|15000|DB Energie
way|317813759|16.7|15000|DB Energie GmbH
way|317813768|16.7|15000|DB Energie
way|317813772|16.7|15000|DB Energie
way|317813775|16.7|15000|DB Energie GmbH
way|317813779|16.7|15000|DB Energie
way|317813782|16.7|15000|DB Energie GmbH
way|317813785|16.7|15000|DB Energie
way|317813793|16.7|15000|DB Energie
way|317813804|16.7|15000|DB Energie
way|317917924|16.7|15000|DB Energie
way|317976851|16.7|15000|DB Energie GmbH
way|317976852|16.7|15000|DB Energie
way|317976856|16.7|15000|DB Energie
way|318069567|16.7|110000|DB Energie
way|318069568|16.7|110000|DB Energie
way|318069569|16.7|110000|DB Energie
way|318069570|16.7|110000|DB Energie
way|318069571|16.7|110000|DB Energie
way|318069572|16.7|110000|DB Energie
way|318069573|16.7|110000|DB Energie
way|318069574|16.7|110000|DB Energie
way|318097102|16.7|110000|DB Energie
way|318097104|16.7|110000|DB Energie
way|318097105|16.7|110000|DB Energie
way|318097106|16.7|110000|DB Energie
way|318097108|16.7|110000|DB Energie
way|318097109|16.7|110000|DB Energie
way|318097110|16.7|110000|DB Energie
way|318144965|16.7|110000|DB Energie
way|318144966|16.7|110000|DB Energie
way|318144967|16.7|110000|DB Energie
way|318144971|16.7|110000|DB Energie
way|318144972|16.7|110000|DB Energie
way|318144973|16.7|110000|DB Energie
way|318146904|16.7|110000|DB Energie GmbH
way|318146906|16.7|110000|DB Energie GmbH
way|318146907|16.7|110000|DB Energie GmbH
way|318146908|16.7|110000|DB Energie GmbH
way|318146909|16.7|110000|DB Energie GmbH
way|318146911|16.7|110000|DB Energie GmbH
way|318146912|16.7|110000|DB Energie GmbH
way|318146913|16.7|110000|DB Energie GmbH
way|318146915|16.7|110000|DB Energie
way|318146917|16.7|110000|DB Energie GmbH
way|318146921|16.7|110000|DB Energie GmbH
way|318146922|16.7|110000|DB Energie GmbH
way|318146923|16.7|110000|DB Energie GmbH
way|318146924|16.7|110000|DB Energie GmbH
way|318196202|16.7|15000|DB Energie
way|318196203|16.7|15000|DB Energie
way|318196204|16.7|15000|DB Energie
way|318196205|16.7|15000|DB Energie
way|318196206|16.7|15000|DB Energie
way|318196207|16.7|15000|DB Energie
way|318362571|16.7|15000|DB Energie
way|318362574|16.7|15000|DB InfraGO
way|318362575|16.7|15000|DB InfraGO
way|318362577|16.7|15000|DB InfraGO
way|318362578|16.7|15000|DB InfraGO
way|318362579|16.7|15000|DB InfraGO
way|318362580|16.7|15000|DB Energie
way|318362581|16.7|15000|DB Energie
way|318362583|16.7|15000|DB Energie
way|318627216|16.7|110000|ÖBB-Infrastruktur AG
way|318627217|16.7|110000|ÖBB-Infrastruktur AG
way|318627218|16.7|110000|ÖBB-Infrastruktur AG
way|318627219|16.7|110000|ÖBB-Infrastruktur AG
way|318627220|16.7|110000|ÖBB-Infrastruktur AG
way|319072430|16.7|15000|DB Energie GmbH
way|319072431|16.7|15000|DB Energie GmbH
way|319072434|16.7|15000|DB Energie GmbH
way|319072437|16.7|15000|DB Energie GmbH
way|319072439|16.7|15000|DB Energie GmbH
way|319072441|16.7|15000|DB Energie GmbH
way|320454319|16.7|15000|DB Energie
way|321016135|16.7|15000|DB InfraGO
way|321176745|16.7|15000|DB Energie
way|323053074|16.7|15000|DB Energie
way|323122795|16.7|15000|DB Energie GmbH
way|323122797|16.7|15000|DB Energie
way|323122798|16.7|15000|DB Energie GmbH
way|323122801|16.7|15000|DB Energie GmbH
way|323122810|16.7|15000|DB Energie
way|323122819|16.7|15000|DB Energie
way|323709023|16.7|15000|DB Energie
way|323850071|16.7|15000|DB Energie GmbH
way|323899141|183000||Europe 1
way|327101409|16.7|15000|DB Netz AG
way|327427716|0|750|Verkehrsbetriebe Karlsruhe GmbH
way|328518472|16.7|110000|ÖBB-Infrastruktur AG
way|329764752|16.7|110000|DB Energie GmbH
way|329764753|16.7|110000|DB Energie GmbH
way|329764755|16.7|110000|DB Energie GmbH
way|330811507|16.7|15000|DB Energie
way|333434357|16.7|15000|DB InfraGO
way|333434358|16.7|15000|DB Energie
way|333561738|16.7|110000|ÖBB-Infrastruktur AG
way|333561739|16.7|110000|ÖBB-Infrastruktur AG
way|335817997|50;50;16.7;16.7|380000;220000;132000;132000|Swissgrid;Swissgrid;SBB;SBB
way|339726995|16.7|110000|ÖBB-Infrastruktur AG
way|339726997|16.7|110000|ÖBB-Infrastruktur AG
way|339726998|16.7|110000|ÖBB-Infrastruktur AG
way|339727000|16.7|110000|ÖBB-Infrastruktur AG
way|339727001|16.7|110000|ÖBB-Infrastruktur AG
way|339727524|16.7|110000|ÖBB-Infrastruktur AG
way|339727525|16.7|110000|ÖBB-Infrastruktur AG
way|339727526|16.7|110000|ÖBB-Infrastruktur AG
way|339727527|16.7|110000|ÖBB-Infrastruktur AG
way|340602237|16.7|15000|DB Energie GmbH
way|343556462|16.7|110000|DB Energie
way|343556463|16.7|110000|DB Energie
way|343772614|16.7|15000|DB Energie GmbH
way|343772615|16.7|15000|DB Energie GmbH
way|343772616|16.7|15000|DB Energie GmbH
way|343772620|16.7|15000|DB Energie GmbH
way|343772621|16.7|15000|DB Energie GmbH
way|343772622|16.7|15000|DB Energie GmbH
way|343772623|16.7|15000|DB Energie GmbH
way|343772624|16.7|15000|DB Energie GmbH
way|345609773|0|750|Albtal-Verkehrs-Gesellschaft mbH
way|345609774|0|750|Albtal-Verkehrs-Gesellschaft mbH
way|345609776|0|750|Albtal-Verkehrs-Gesellschaft mbH
way|345609778|0|750|Albtal-Verkehrs-Gesellschaft mbH
way|345609779|0|750|Albtal-Verkehrs-Gesellschaft mbH
way|345609781|0|750|Albtal-Verkehrs-Gesellschaft mbH
way|345609782|0|750|Albtal-Verkehrs-Gesellschaft mbH
way|345609784|0|750|Albtal-Verkehrs-Gesellschaft mbH
way|347408778|16.7|15000|DB Netz AG
way|347408785|16.7|15000|DB Netz AG
way|348027212|16.7|15000|DB Energie
way|349491414|16.7|110000|DB Energie GmbH
way|349491423|16.7|110000|DB Energie GmbH
way|349491428|16.7|110000|DB Energie GmbH
way|349491435|16.7|110000|DB Energie
way|349547701|16.7|132000|SBB
way|349547703|50;16.7|125000;132000|Romande Energie;SBB
way|350057723|16.7|15000|DB Energie
way|350057725|16.7|15000|DB Energie GmbH
way|350057728|16.7|15000|DB Energie GmbH
way|350195937|16.7|15000|DB Energie
way|350195938|16.7|15000|DB Energie
way|350350619|16.7|132000|SBB
way|350350620|16.7|132000|SBB
way|350350621|16.7|132000|SBB
way|350684759|16.7|132000|SBB
way|352059445|0|750|Albtal-Verkehrs-Gesellschaft mbH
way|353062891|16.7|15000|DB Energie GmbH
way|353666303|0|750|
way|354941974|16.7|15000|DB Energie
way|354941976|16.7|15000|DB Energie GmbH
way|355361512|16.7|15000|DB Energie
way|356301252|16.7||SBB
way|356301256|16.7||SBB
way|356301258|16.7||SBB
way|356301261|16.7||SBB
way|356303189|16.7|132000|SBB
way|356303190|16.7|132000|SBB
way|356303191|16.7|132000|SBB
way|356303192|16.7|132000|SBB
way|356304604|16.7|132000|
way|356306606|16.7|132000|
way|356306610|16.7|132000|
way|356307027|16.7|132000|SBB
way|356307029|16.7|132000|SBB
way|357091921|16.7|132000|
way|357091922|16.7|132000|SBB
way|357091923|16.7|132000|
way|357091925|16.7|132000|SBB
way|357091926|16.7|132000|
way|357091927|16.7|132000|
way|357091928|16.7|132000|
way|357091929|16.7|132000|SBB
way|357091930|16.7|132000|
way|357091931|16.7|132000|SBB
way|359082104|16.7|66000|
way|359082110|16.7|66000|
way|359082111|16.7|66000|
way|359082112|16.7|66000|
way|359082114|16.7|66000|
way|362083055|16.7|110000|DB Energie
way|362083056|16.7|110000|Grosskraftwerk Mannheim Aktiengesellschaft
way|362083057|16.7|110000|DB Energie
way|362083059|16.7|110000|DB Energie
way|362340672|16.7|15000|DB Energie GmbH
way|362340673|16.7|15000|DB Energie GmbH
way|362340674|16.7|15000|DB Energie GmbH
way|362340675|16.7|15000|DB Energie GmbH
way|362340676|16.7|15000|DB Energie GmbH
way|362340677|16.7|15000|DB Energie GmbH
way|362340678|16.7|15000|DB Energie GmbH
way|362340679|16.7|15000|DB Energie GmbH
way|362340680|16.7|15000|DB Energie GmbH
way|362340681|16.7|15000|DB Energie GmbH
way|362340683|16.7|15000|DB Energie GmbH
way|362340684|16.7|15000|DB Energie GmbH
way|362340686|16.7|15000|DB Energie GmbH
way|362340687|16.7|15000|DB Energie GmbH
way|362660765|16.7|15000|DB Energie
way|362660766|16.7|15000|DB Energie
way|362660767|16.7|15000|DB Energie
way|362660768|16.7|15000|DB Energie
way|362660769|16.7|15000|DB Energie
way|362660770|16.7|15000|DB Energie
way|362660771|16.7|15000|DB Energie
way|362660772|16.7|15000|DB Energie
way|362660773|16.7|15000|DB Energie
way|362660774|16.7|15000|DB Energie
way|362842863|16.7|15000|DB Energie
way|362842866|16.7|15000|DB Energie
way|362842867|16.7|15000|DB Energie
way|362842868|16.7|15000|DB Energie
way|363029468|16.7|15000|DB Energie
way|363029470|16.7|15000|DB Energie
way|363161076|16.7|15000|DB Energie
way|363161080|16.7|15000|DB Energie
way|363161084|16.7|15000|DB Energie
way|363161087|16.7|15000|DB Energie
way|363229930|16.7|15000|DB Energie
way|363229931|16.7|15000|DB Energie
way|363229932|16.7|15000|DB Energie
way|363229933|16.7|15000|DB Energie
way|363229935|16.7|15000|DB Energie
way|363229936|16.7|15000|DB Energie
way|363229938|16.7|15000|DB Energie
way|363229939|16.7|15000|DB Energie
way|363644121|16.7|15000|DB Energie
way|363644124|16.7|15000|DB Energie
way|364252490|16.7|15000|DB Energie
way|364252491|16.7|15000|DB Energie
way|364252492|16.7|15000|DB Energie
way|364252493|16.7|15000|DB Energie
way|364582481|0|750|Verkehrsbetriebe Karlsruhe GmbH
way|364582482|0|750|Verkehrsbetriebe Karlsruhe GmbH
way|364582483|0|750|Verkehrsbetriebe Karlsruhe GmbH
way|364582484|0|750|Verkehrsbetriebe Karlsruhe GmbH
way|364582487|0|750|Verkehrsbetriebe Karlsruhe GmbH
way|364582488|0|750|Verkehrsbetriebe Karlsruhe GmbH
way|364582517|0|750|Verkehrsbetriebe Karlsruhe GmbH
way|364583934|16.7|15000|DB Energie
way|364583938|16.7|15000|DB Energie
way|364583940|16.7|15000|DB Energie
way|364583944|16.7|15000|DB Energie
way|364583947|16.7|15000|DB Energie
way|364583948|16.7|15000|DB Energie
way|364583949|16.7|15000|DB Energie
way|364583950|16.7|15000|DB Energie
way|364583952|16.7|15000|DB Energie
way|364583953|16.7|15000|DB Energie
way|364583954|16.7|15000|DB Energie
way|364583956|16.7|15000|DB Energie
way|364691983|16.7|15000|DB Energie
way|364691984|16.7|15000|DB Energie
way|364691985|16.7|15000|DB Energie
way|364704887|16.7|15000|DB Energie
way|364704888|16.7|15000|DB Energie
way|364704891|16.7|15000|DB Energie
way|364704892|16.7|15000|DB InfraGO
way|364704893|16.7|15000|DB Energie
way|364704894|16.7|15000|DB Energie
way|364741321|16.7|15000|DB Energie
way|364741322|16.7|15000|DB Energie
way|364782682|16.7|15000|DB Energie
way|364782685|16.7|15000|DB Energie
way|364782688|16.7|15000|DB Energie
way|364782691|16.7|15000|DB Energie
way|364782694|16.7|15000|DB Energie
way|364782697|16.7|15000|DB Energie
way|364782700|16.7|15000|DB Energie
way|364782703|16.7|15000|DB Energie
way|364782706|16.7|15000|DB Energie
way|364782709|16.7|15000|DB Energie
way|365563228|50;16.7|220000;132000|NOK
way|365566973|50;16.7|220000;132000|NOK
way|366012397|16.7|15000|DB InfraGO
way|367428310|50;50;16.7|380000;220000;132000|Swissgrid;Swissgrid;SBB
way|367429362|50;50;16.7|220000;125000;132000|Swissgrid;Romande Énergie;SBB
way|368158304|50;25|20000;30000|Netz NÖ
way|368546560|50;25|20000;30000|Netz NÖ
way|369420439|16.7|15000|DB Energie
way|369420442|16.7|15000|DB InfraGO
way|369420444|16.7|15000|DB Energie
way|369420446|16.7|15000|DB Energie
way|369420453|16.7|15000|DB InfraGO
way|369420472|16.7|15000|DB InfraGO
way|369596376|16.7|15000|DB InfraGO
way|369596378|16.7|15000|DB Energie
way|369596379|16.7|15000|DB Energie
way|370778312|16.7|15000|DB Energie
way|370778313|16.7|15000|DB Energie
way|370778314|16.7|15000|DB Energie
way|370968142|16.7|15000|DB Energie
way|370968143|16.7|15000|DB Energie
way|370968144|16.7|15000|DB Energie
way|370968145|16.7|15000|DB Energie
way|370968149|16.7|15000|DB Energie
way|371585292|16.7|15000|DB Energie
way|371585293|16.7|15000|DB Energie
way|371585294|16.7|15000|DB Energie
way|371585295|16.7|15000|DB Energie
way|371585296|16.7|15000|DB Energie
way|371585297|16.7|15000|DB Energie
way|371585298|16.7|15000|DB Energie
way|371585299|16.7|15000|DB Energie
way|371585300|16.7|15000|DB Energie
way|371635246|16.7|15000|DB Energie
way|371635247|16.7|15000|DB Energie
way|371635251|16.7|15000|DB Energie
way|371635254|16.7|15000|DB Energie
way|371635257|16.7|15000|DB Energie
way|371635262|16.7|15000|DB InfraGO
way|371635266|16.7|15000|DB Energie
way|371635267|16.7|15000|DB InfraGO
way|371635268|16.7|15000|DB Energie
way|371635270|16.7|15000|DB InfraGO
way|372455646|16.7|15000|DB Energie GmbH
way|372455667|16.7|15000|DB Energie GmbH
way|372455676|16.7|15000|DB Energie
way|373413955|16.7|132000|SBB
way|373413956|16.7|132000|SBB
way|373496246|50;16.7|132000|
way|374392592|16.7|15000|DB Netz AG
way|374740901|0|750|Verkehrsbetriebe Karlsruhe GmbH
way|374740902|0|750|Verkehrsbetriebe Karlsruhe GmbH
way|376865209|16.7|15000|DB Energie
way|376865210|16.7|15000|DB Energie
way|376865212|16.7|15000|DB Energie
way|376865216|16.7|15000|DB Energie GmbH
way|377006817|16.7|66000|
way|377006818|16.7|66000|
way|377006819|16.7||
way|377006820|16.7|66000|
way|377006821|16.7|66000|
way|377006822|16.7|66000|
way|377006823|16.7|66000|
way|377006824|16.7|66000|
way|377006825|16.7|66000|
way|379087177|16.7|15000|DB Energie GmbH
way|379366138|16.7|132000|
way|379366164|16.7|132000|
way|379366170|16.7|132000|
way|379420226|16.7|15000|
way|379420227|16.7|15000|
way|379420228|16.7|15000|
way|379420229|16.7|15000|
way|379544462|16.7|132000|SBB
way|379544463|16.7|132000|SBB
way|379551977|16.7|132000|SBB
way|380842660|16.7|110000|DB Energie GmbH
way|380842662|16.7|110000|DB Energie GmbH
way|380842663|16.7|110000|DB Energie GmbH
way|392325714|16.7|110000|ÖBB-Infrastruktur AG
way|392325715|16.7|110000|ÖBB-Infrastruktur AG
way|393199735|16.7|15000|DB Netz AG
way|395564472|16.7|110000|DB Energie GmbH
way|395564473|16.7|110000|DB Energie GmbH
way|395564474|16.7|110000|DB Energie GmbH
way|395564475|16.7|110000|DB Energie GmbH
way|395564476|16.7|110000|DB Energie GmbH
way|395564477|16.7|110000|DB Energie GmbH
way|395571883|16.7|110000|DB Energie GmbH
way|395571886|16.7|110000|DB Energie GmbH
way|395571890|16.7|110000|DB Energie GmbH
way|395571893|16.7|110000|DB Energie GmbH
way|395571897|16.7|110000|DB Energie GmbH
way|395571900|16.7|110000|DB Energie GmbH
way|395571906|16.7|132000|DB Energie GmbH
way|398320321|16.7|15000|SBB
way|398320324|16.7|132000|SBB
way|398320327|16.7|132000|SBB
way|398320329|16.7|132000|SBB
way|398320334|16.7|132000|SBB
way|398377810|16.7|132000|SBB
way|398377811|16.7|132000|SBB
way|398377812|16.7|132000|SBB
way|398377813|16.7|132000|SBB
way|398377814|16.7|132000|SBB
way|398377815|16.7|132000|SBB
way|398377816|16.7|132000|SBB
way|398384919|50;16.7;16.7|220000;132000;132000|Swissgrid
way|402053369|16.7|132000|SBB
way|406145224|16.7|132000|SBB
way|406145229|16.7|132000|SBB
way|406145232|16.7|132000|SBB
way|406154782|16.7|132000|SBB
way|406154783|16.7|132000|SBB
way|407787654|16.7|15000|DB Energie GmbH
way|422440880|16.7|110000|ÖBB-Infrastruktur AG
way|422440882|16.7|110000|ÖBB-Infrastruktur AG
way|422440884|16.7|110000|ÖBB-Infrastruktur AG
way|422440885|16.7|110000|ÖBB-Infrastruktur AG
way|422440887|16.7|110000|ÖBB-Infrastruktur AG
way|422440888|16.7|110000|ÖBB-Infrastruktur AG
way|422440890|16.7|110000|ÖBB-Infrastruktur AG
way|422679074|16.7|110000|ÖBB-Infrastruktur AG
way|430100251|16.7|15000|DB Netz AG
way|430100252|16.7|15000|DB Netz AG
way|430100253|16.7|15000|DB Netz AG
way|430100254|16.7|15000|DB Netz AG
way|430100256|16.7|15000|DB Netz AG
way|430100257|16.7|15000|DB Netz AG
way|430100258|16.7|15000|DB Netz AG
way|430100259|16.7|15000|DB Netz AG
way|430177997|16.7|15000|DB Netz AG
way|430177998|16.7|15000|DB Netz AG
way|431291893|16.7|15000|DB Netz AG
way|431291897|16.7|15000|DB Netz AG
way|431430468|16.7|15000|DB Netz AG
way|431430469|16.7|15000|DB Netz AG
way|434755056|50; 16.7|;132000|EWW; SBB
way|434755057|50;16.7|50000;132000|EWW;SBB
way|434755058|50;16.7|132000;unknown|SBB
way|434755059|50; 16.7|;132000|EWW; SBB
way|434758992|50;16.7|unknown;132000|EWW;SBB
way|434758995|16.7|132000|SBB
way|436403331|16.7|132000|SBB
way|436403332|50;16.7|65000;132000|SBB
way|442847406|16.7|15000|DB Netz AG
way|442847414|16.7|15000|DB Netz AG
way|445087384|16.7|15000|Verkehrsbetriebe Karlsruhe GmbH
way|445087386|16.7|15000|Verkehrsbetriebe Karlsruhe GmbH
way|445542849|16.7|110000|DB Energie GmbH
way|446095736|0|750|Albtal-Verkehrs-Gesellschaft mbH
way|446095737|0|750|Albtal-Verkehrs-Gesellschaft mbH
way|446095738|0|750|Albtal-Verkehrs-Gesellschaft mbH
way|446095739|0|750|Albtal-Verkehrs-Gesellschaft mbH
way|446095740|0|750|Albtal-Verkehrs-Gesellschaft mbH
way|446095741|0|750|Albtal-Verkehrs-Gesellschaft mbH
way|446909264|0|750|Verkehrsbetriebe Karlsruhe GmbH
way|447038899|0|750|Verkehrsbetriebe Karlsruhe GmbH
way|447038900|0|750|Verkehrsbetriebe Karlsruhe GmbH
way|447038903|0|750|Verkehrsbetriebe Karlsruhe GmbH
way|448937157|16.7|15000|DB Netz AG
way|448937158|16.7|15000|DB Netz AG
way|448937162|16.7|15000|DB Netz AG
way|448937163|16.7|15000|DB Netz AG
way|449075421|16.7|15000|DB Netz AG
way|449075422|16.7|15000|DB Netz AG
way|449075427|16.7|15000|DB Netz AG
way|449075428|16.7|15000|DB Netz AG
way|452920458|16.7|15000|DB Netz AG
way|452920459|16.7|15000|DB Netz AG
way|452920460|16.7|15000|DB Netz AG
way|452920461|16.7|15000|DB Netz AG
way|452936796|16.7|15000|DB Netz AG
way|452936797|16.7|15000|DB Netz AG
way|453097528|16.7|15000|DB Netz AG
way|453097529|16.7|15000|DB Netz AG
way|454078708|16.7|15000|DB Netz AG
way|454078709|16.7|15000|DB Netz AG
way|454127800|16.7|110000|DB Energie GmbH
way|454746186|16.7|15000|DB Netz AG
way|454746188|16.7|15000|DB Netz AG
way|455120192|16.7|132000|
way|455120193|16.7|132000|
way|455120194|16.7|132000|
way|455120196|16.7|132000|ÖBB-Infrastruktur AG
way|455403092|16.7|110000|DB Energie GmbH
way|455403093|16.7|110000|DB Energie GmbH
way|455403094|16.7|110000|DB Energie GmbH
way|455403095|16.7|132000|DB Energie GmbH
way|455403096|16.7|110000|DB Energie GmbH
way|455847258|16.7|110000|DB Energie GmbH
way|455847261|16.7|110000|DB Energie GmbH
way|455847263|16.7|110000|DB Energie GmbH
way|467835406|16.7|110000|DB Energie
way|478532400|16.7|110000|DB Energie
way|491674878|16.7|132000|
way|491674879|16.7|132000|
way|491674880|16.7|132000|
way|491674881|16.7|132000|
way|491674882|16.7|132000|SBB
way|491674883|16.7|132000|
way|491674884|16.7|132000|
way|491674885|16.7|132000|
way|491674888|16.7|132000|SBB
way|491674890|16.7|132000|
way|491674892|16.7|132000|
way|491674894|16.7|132000|
way|491674895|16.7|132000|
way|491674896|16.7|132000|
way|491674898|16.7|132000|
way|491674901|16.7|132000|SBB
way|496325525|16.7|110000|ÖBB-Infrastruktur AG
way|496325526|16.7|110000|ÖBB-Infrastruktur AG
way|496585711|16.7|110000|DB Energie GmbH
way|496585712|16.7|110000|DB Energie GmbH
way|498950518|16.7|110000|DB Energie GmbH
way|498950519|16.7|110000|DB Energie GmbH
way|498950520|16.7|110000|DB Energie GmbH
way|498950521|16.7|110000|DB Energie GmbH
way|498950522|16.7|110000|DB Energie GmbH
way|498950523|16.7|110000|DB Energie GmbH
way|498951434|16.7|110000|DB Energie
way|498951435|16.7|110000|DB Energie GmbH
way|498951436|16.7|110000|DB Energie GmbH
way|498951437|16.7|110000|DB Energie
way|501436609|16.7|110000|DB Energie
way|501436610|16.7|110000|DB Energie
way|501436611|16.7|110000|DB Energie
way|501450293|16.7|110000|DB Energie
way|501450294|16.7|110000|DB Energie
way|501450295|16.7|110000|DB Energie
way|501450296|16.7|110000|DB Energie
way|501450297|16.7|110000|DB Energie
way|501450298|16.7|110000|DB Energie
way|501458411|16.7|110000|DB Energie GmbH
way|501458413|16.7|110000|DB Energie GmbH
way|502968627|16.7|110000|DB Energie
way|502976384|16.7|110000|DB Energie
way|505406149|16.7|110000|DB Energie GmbH
way|505406151|16.7|110000|DB Energie GmbH
way|505406152|16.7|110000|DB Energie GmbH
way|505408442|16.7|110000|DB Energie
way|505408443|16.7|110000|DB Energie
way|505408444|16.7|110000|DB Energie
way|505408445|16.7|110000|DB Energie
way|505409559|16.7|110000|DB Energie GmbH
way|505409560|16.7|110000|DB Energie GmbH
way|505409561|16.7|110000|DB Energie GmbH
way|517070790|0|750|Albtal-Verkehrs-Gesellschaft mbH
way|533806594|16.7|132000;0|SBB
way|533814434|16.7|132000|SBB
way|546765082|16.7|15000|DB Energie GmbH
way|546765084|16.7|15000|DB Energie GmbH
way|546765085|16.7|15000|DB Energie GmbH
way|546988273|16.7|15000|DB Energie GmbH
way|546988277|16.7|15000|DB Energie GmbH
way|546988280|16.7|15000|DB Energie GmbH
way|548117082|16.7|15000|DB Energie GmbH
way|548117083|16.7|15000|DB Energie GmbH
way|548117084|16.7|15000|DB Energie GmbH
way|548117087|16.7|15000|DB Energie GmbH
way|548117088|16.7|15000|DB Energie GmbH
way|548117089|16.7|15000|DB Energie GmbH
way|548117090|16.7|15000|DB Energie GmbH
way|548117091|16.7|15000|DB Energie GmbH
way|548117092|16.7|15000|DB Energie GmbH
way|548117093|16.7|15000|DB Energie GmbH
way|548117094|16.7|15000|DB Energie GmbH
way|548117095|16.7|15000|DB Energie GmbH
way|548117096|16.7|15000|DB Energie GmbH
way|548117097|16.7|15000|DB Energie GmbH
way|548121365|16.7|15000|DB Energie GmbH
way|552466461|16.7|110000|DB Energie GmbH
way|552466463|16.7|110000|DB Energie GmbH
way|555283757|16.7|15000|DB Energie GmbH
way|555283758|16.7|15000|DB Energie GmbH
way|555283761|16.7|15000|DB Energie
way|577845451|16.7|15000|DB Energie
way|579768717|16.7|110000|DB Energie
way|591420158|16.7|15000|ÖBB-Infrastruktur AG
way|591420159|16.7|15000|ÖBB-Infrastruktur AG
way|591420160|16.7|15000|ÖBB-Infrastruktur AG
way|591420161|16.7|15000|ÖBB-Infrastruktur AG
way|591420168|16.7|110000|
way|593080317|16.7|110000|
way|593080318|16.7|110000|
way|598345308|16.7|110000|
way|598345309|16.7|110000|
way|598345310|16.7|110000|Verbund Hydro Power GmbH
way|598345311|16.7|110000|
way|598345312|16.7|110000|ÖBB-Infrastruktur AG
way|598345313|16.7|110000|ÖBB-Infrastruktur AG
way|603139181|16.7|110000|
way|603139186|16.7|110000|ÖBB-Infrastruktur AG
way|603139187|16.7|110000|ÖBB-Infrastruktur AG
way|603139188|16.7|110000|ÖBB-Infrastruktur AG
way|603139189|16.7|110000|ÖBB-Infrastruktur AG
way|603139190|16.7|110000|
way|603139191|16.7|110000|
way|603139192|16.7|110000|
way|603139193|16.7|110000|
way|603139195|16.7|110000|
way|603139196|16.7|110000|
way|603139197|16.7|110000|
way|603139198|16.7|110000|
way|603730297|16.7|110000|
way|603730300|16.7|110000|
way|603730303|16.7|110000|
way|603730307|16.7|110000|
way|603730310|16.7|110000|
way|603730314|16.7|110000|
way|603730317|16.7|110000|
way|603730318|16.7|110000|
way|603730319|16.7|110000|
way|603730320|16.7|110000|
way|603730321|16.7|110000|
way|603730322|16.7|110000|
way|603730325|16.7|110000|ÖBB-Infrastruktur AG
way|603730326|16.7|110000|ÖBB-Infrastruktur AG
way|603730328|16.7|110000|ÖBB-Infrastruktur AG
way|603730329|16.7|110000|ÖBB-Infrastruktur AG
way|603730330|16.7|110000|ÖBB-Infrastruktur AG
way|603730331|16.7|110000|ÖBB-Infrastruktur AG
way|603760667|16.7|110000|
way|603760668|16.7|110000|
way|603760669|16.7|110000|
way|603760670|16.7|110000|
way|621753642|16.7|15000|DB Netz AG
way|636257226|16.7|15000|DB Energie GmbH
way|636257227|16.7|15000|DB Energie GmbH
way|636607344|0|750|Verkehrsbetriebe Karlsruhe GmbH
way|636607345|0|750|Verkehrsbetriebe Karlsruhe GmbH
way|636607346|0|750|Verkehrsbetriebe Karlsruhe GmbH
way|636607347|0|750|Verkehrsbetriebe Karlsruhe GmbH
way|636880625|50;16.7|125000;132000|Romande Energie;SBB
way|637247274|16.7|132000|
way|637257404|50;50;16.7|220000;220000;132000|
way|637257405|16.7|132000|SBB
way|637258482|16.7|132000|SBB
way|637258483|50;16.7;16.7|125000;132000;132000|Romande Energie;SBB;SBB
way|637258484|16.7|132000|SBB
way|637258485|50;50;16.7|380000;220000;132000|Swissgrid;Swissgrid;SBB
way|640137226|16.7|132000|SBB
way|640137227|16.7|132000|SBB
way|640137228|16.7|132000|SBB
way|640144226|50;16.7|132000;110000|"SBB, Axpo"
way|640144227|50;16.7|132000;110000|"SBB, Axpo"
way|644572828|50;16.7|132000;110000;|
way|644572835|50;16.7|132000|
way|644587811|50;16.7|132000|NOK;SBB
way|644587817|50;16.7|132000|NOK ; SBB
way|644900990|16.7|132000|SBB
way|644900991|16.7|132000|SBB
way|650819836|0|3000|
way|651758081|16.7|66000|
way|651758082|16.7|66000|
way|651758084|16.7|66000|
way|651758089|16.7|66000|
way|669558082|16.7|15000|
way|669558083|16.7|15000|
way|669558084|16.7|15000|
way|669558086|16.7|15000|
way|669558087|16.7|15000|
way|669558088|16.7|15000|
way|669558093|16.7|132000|CFF
way|669558095|16.7|132000|CFF
way|669558096|16.7|132000|CFF
way|669558097|16.7|132000|CFF
way|669558098|16.7|132000|CFF
way|669558100|16.7|132000|CFF
way|669558101|16.7|132000|
way|669558102|16.7|132000|
way|669558103|16.7|132000|SBB
way|669558104|16.7|132000|SBB
way|669558105|16.7|132000|
way|669558106|16.7|132000|
way|669558112|16.7|132000|
way|672377185|0|750|Verkehrsbetriebe Karlsruhe GmbH
way|672377186|0|750|Verkehrsbetriebe Karlsruhe GmbH
way|679296044|16.7|15000|DB Energie
way|679297585|16.7|15000|DB Energie
way|682301028|16.7|132000|SBB
way|682301029|16.7|132000|SBB
way|682301032|16.7|132000|SBB
way|682301034|16.7|132000|SBB
way|684439661|16.7|110000|ÖBB-Infrastruktur AG
way|684446879|16.7|110000|ÖBB-Infrastruktur AG
way|684446880|16.7|15000|ÖBB-Infrastruktur AG
way|684446881|16.7|15000|ÖBB-Infrastruktur AG
way|684446882|16.7|15000|ÖBB-Infrastruktur AG
way|684446883|16.7|110000|
way|684446884|16.7|15000|ÖBB-Infrastruktur AG
way|684446885|16.7|15000|ÖBB-Infrastruktur AG
way|684446886|16.7|110000|
way|684446887|16.7|110000|
way|684446888|16.7|15000|ÖBB-Infrastruktur AG
way|684446889|16.7|110000|ÖBB-Infrastruktur AG
way|684446890|16.7|110000|ÖBB-Infrastruktur AG
way|684446891|16.7|110000|
way|684446892|16.7|110000|
way|684446893|16.7|110000|
way|684446894|16.7|110000|
way|684446896|16.7|110000|ÖBB-Infrastruktur AG
way|691766890|16.7|15000|SBB
way|698004539|16.7|132000|SBB
way|698004540|16.7|132000|SBB
way|699054665|16.7|132000|
way|699054666|16.7|132000|
way|699054667|16.7|132000|
way|699054668|16.7|132000|
way|699054669|16.7|132000|
way|699054670|16.7|132000|
way|699054671|16.7|132000|
way|699054672|16.7|132000|
way|699054673|16.7|132000|
way|699054674|16.7|132000|
way|699054675|16.7|132000|
way|699054676|16.7|132000|
way|699054677|16.7|132000|
way|699054678|16.7|132000|
way|699054679|16.7|132000|
way|699054680|16.7|132000|
way|699054681|16.7|132000|
way|699054683|16.7|132000|
way|699054684|16.7|132000|
way|699054685|16.7|132000|
way|699054686|16.7|132000|
way|699054687|16.7|132000|
way|699054688|16.7|132000|SBB
way|699054689|16.7|132000|SBB
way|699054690|16.7|132000|SBB
way|699054691|16.7|132000|SBB
way|699054692|16.7|132000|SBB
way|699054704|16.7|132000|SBB
way|699082212|50;16.7|110000;132000|Axpo AG; SBB
way|699082213|50;16.7|110000;132000|Axpo AG; SBB
way|704641810|16.7|66000|
way|704641811|16.7|66000|
way|704952887|16.7|66000|
way|704952888|16.7|66000|
way|704952889|16.7|66000|
way|704963951|16.7|66000|
way|705842722|50;16.7|220000;132000|Atel; SBB
way|711099990|16.7|110000|ÖBB-Infrastruktur AG
way|711099993|16.7|110000|ÖBB-Infrastruktur AG
way|712550654|500||Linz AG
way|712550655|500||Linz AG
way|712550656|500||Linz AG
way|712550657|500||Linz AG
way|712550658|500||Linz AG
way|712550659|500||Linz AG
way|712550662|500||Linz AG
way|712550663|500||Linz AG
way|712550664|500||Linz AG
way|712550665|500||Linz AG
way|713931878|5|22000|
way|720907970|50;50;50;16.7;16.7|380000;380000;220000;132000;132000|Swissgrid;Swissgrid;Swissgrid;SBB;SBB
way|722689793|16.7|110000|ÖBB-Infrastruktur AG
way|722689794|16.7|110000|ÖBB-Infrastruktur AG
way|734275216|16.7|150000|
way|734300051|16.7|150000|
way|735358324|16.7|150000|
way|738859444|0|750|Verkehrsbetriebe Karlsruhe GmbH
way|743644053|5|22000|
way|744730415|0|22000|
way|749469241|502|22000|
way|752824291|5|22000|
way|753368495|20|22000|
way|757066077|16.7|132000|SBB
way|759188419|16.7|132000|SBB
way|759220631|16.7|132000|
way|759563993|50;50;16.7|380000;132000;66000|Swissgrid;BKW;SBB
way|759563994|50;16.7|380000;66000|SBB
way|761731445|50;50;16.7|220000;125000;132000|Swissgrid;Romande Énergie;SBB
way|761738630|50;50;16.7|220000;125000;132000|Swissgrid;Romande Énergie;SBB
way|761985611|50;50;16.7|220000;220000;132000|
way|764569575|16.7|132000|SBB
way|764569576|16.7|132000|SBB
way|764569577|16.7|132000|SBB
way|772882701|16.7|132000|SBB
way|772882702|16.7|132000|SBB
way|772882704|16.7|132000|SBB
way|772882705|16.7|132000|SBB
way|772953055|50;16.7|132000;110000;16000|Axpo; SBB; AEW
way|772953061|50;16.7|132000;110000|Axpo;SBB
way|772953062|16.7|132000|SBB
way|772953066|16.7|132000|SBB
way|772953067|16.7|132000|SBB
way|772953068|16.7|132000|SBB
way|772953069|16.7|132000|SBB
way|785575239|16.7|110000|DB Energie
way|785575240|16.7|110000|DB Energie
way|785575241|16.7|110000|DB Energie
way|785575242|16.7|110000|DB Energie
way|785575243|16.7|110000|DB Energie
way|785575244|16.7|110000|DB Energie
way|785575245|16.7|110000|DB Energie
way|785598936|16.7|110000|DB Energie
way|785598937|16.7|110000|DB Energie GmbH
way|790970527|16.7|15000|DB Energie GmbH
way|790970528|16.7|15000|DB Energie GmbH
way|790970529|16.7|15000|DB Energie GmbH
way|790970530|16.7|15000|DB Energie GmbH
way|790970531|16.7|15000|
way|790970532|16.7|15000|
way|790970533|16.7|15000|DB Energie
way|790970534|16.7|15000|DB Energie GmbH
way|790970535|16.7|15000|DB Energie GmbH
way|790970538|16.7|110000|DB Energie
way|790970541|16.7|110000|DB Energie
way|790970544|16.7|15000|DB Energie
way|790970545|16.7|15000|DB Energie
way|790970546|16.7|15000|DB Energie GmbH
way|790970548|16.7|15000|DB Energie GmbH
way|790970549|16.7|15000|DB Energie GmbH
way|790970550|16.7|15000|DB Energie GmbH
way|790970551|16.7|15000|DB Energie GmbH
way|790973457|16.7|15000|DB Energie GmbH
way|795344493|16.7|15000|
way|795344494|16.7|150000|
way|795344495|16.7|15000|
way|795344496|16.7|15000|
way|795403746|16.7|132000|
way|798407435|50;16.7|60000;66000|
way|798412989|50;16.7|66000;60000|
way|798415921|50;16.7|110000;66000|
way|798415922|16.7|66000|
way|798933029|16.7|15000|DB Energie GmbH
way|800033027|16.7|66000|
way|800033028|16.7|66000|
way|800033029|16.7|66000|
way|800033030|16.7|66000|
way|802058325|50;50;50;16.7;16.7|380000;220000;65000;132000;132000|Swissgrid;Swissgrid;Valgrid;SBB;SBB
way|802229218|16.7|110000|DB Energie
way|802229219|16.7|110000|DB Energie
way|803903330|50;50;16.7|380000;380000;132000|Swissgrid
way|804571222|16.7|15000|DB Energie GmbH
way|804704190|16.7|15000|DB Energie GmbH
way|808061061|50;16.7|66000|
way|808063129|16.7|66000|
way|814127739|5|22000|
way|815897064|16.7|110000|DB Energie
way|815897065|16.7|110000|DB Energie
way|815897066|16.7|110000|DB Energie
way|815897067|16.7|110000|DB Energie
way|815897068|16.7|110000|DB Energie
way|815897069|16.7|110000|DB Energie
way|818045085|16.7|15000|DB Energie GmbH
way|818045086|16.7|15000|DB Energie GmbH
way|818045088|16.7|15000|DB Energie
way|818045089|16.7|15000|DB Energie GmbH
way|823089093|16.7|110000|
way|823089094|16.7|110000|
way|823089095|16.7|110000|
way|823089096|16.7|110000|
way|823089097|16.7|110000|
way|823089098|16.7|110000|
way|823089099|16.7|110000|
way|823089100|16.7|110000|
way|823089101|16.7|110000|
way|823089102|16.7|110000|
way|823089103|16.7|110000|ÖBB-Infrastruktur AG
way|827830925|16.7|110000|DB Energie
way|827830926|16.7|110000|DB Energie
way|827830927|16.7|110000|DB Energie
way|827830928|16.7|110000|DB Energie
way|827830929|16.7|110000|DB Energie
way|828768809|16.7|110000|DB Energie GmbH
way|828768810|16.7|110000|DB Energie GmbH
way|828806827|16.7|110000|DB Energie GmbH
way|828806828|16.7|110000|DB Energie GmbH
way|829117468|16.7|110000|DB Energie GmbH
way|829117469|16.7|110000|DB Energie GmbH
way|829238946|16.7|110000|DB Energie GmbH
way|829238947|16.7|110000|DB Energie GmbH
way|829238948|16.7|110000|DB Energie GmbH
way|829238949|16.7|110000|DB Energie GmbH
way|829238950|16.7|110000|DB Energie GmbH
way|829238951|16.7|110000|DB Energie GmbH
way|829238952|16.7|110000|DB Energie GmbH
way|829238953|16.7|110000|DB Energie GmbH
way|829238954|16.7|110000|DB Energie GmbH
way|829613852|16.7|110000|DB Energie GmbH
way|829613853|16.7|110000|DB Energie GmbH
way|829613854|16.7|110000|DB Energie
way|830121094|16.7|110000|DB Energie GmbH
way|830312698|16.7|110000|DB Energie GmbH
way|830312699|16.7|110000|DB Energie GmbH
way|830312701|16.7|110000|DB Energie GmbH
way|830724940|16.7|110000|DB Energie GmbH
way|830724941|16.7|110000|DB Energie GmbH
way|830724944|16.7|110000|DB Energie GmbH
way|830724945|16.7|15000|DB Energie GmbH
way|830724946|16.7|15000|DB Energie GmbH
way|833122573|16.7|15000|ÖBB-Infrastruktur AG
way|833122574|16.7|15000|ÖBB-Infrastruktur AG
way|833122575|16.7|15000|ÖBB-Infrastruktur AG
way|833122576|16.7|15000|
way|833122577|16.7|15000|
way|833122578|16.7|15000|
way|833122579|16.7|110000|
way|833122580|16.7|110000|
way|833122581|16.7|15000|
way|833122582|16.7|15000|
way|833122583|16.7|110000|
way|833122584|16.7|110000|
way|833122585|16.7|110000|
way|833122586|16.7|110000|ÖBB-Infrastruktur AG
way|833122587|16.7|110000|ÖBB-Infrastruktur AG
way|833122588|16.7|110000|ÖBB-Infrastruktur AG
way|833122589|16.7|110000|ÖBB-Infrastruktur AG
way|833122590|16.7|110000|ÖBB-Infrastruktur AG
way|833122591|16.7|110000|
way|833122592|16.7|110000|
way|833122593|16.7|110000|
way|833122594|16.7|110000|
way|833122601|16.7|110000|
way|833122602|16.7|110000|
way|833197439|16.7|110000|
way|833197440|16.7|110000|
way|833197441|16.7|110000|
way|833197442|16.7|110000|ÖBB-Infrastruktur AG
way|833197443|16.7|110000|ÖBB-Infrastruktur AG
way|833197444|16.7|110000|ÖBB-Infrastruktur AG
way|833197445|16.7|110000|ÖBB-Infrastruktur AG
way|839007844|16.7|132000|SBB
way|839760970|16.7|110000|
way|844767766|16.7|11000|
way|845013624|0|750|Albtal-Verkehrs-Gesellschaft mbH
way|845097387|16.7|110000|DB Energie GmbH
way|845097388|16.7|110000|DB Energie GmbH
way|845097389|16.7|110000|DB Energie GmbH
way|845097390|16.7|110000|DB Energie GmbH
way|849493320|0|750|Albtal-Verkehrs-Gesellschaft mbH
way|849493321|0|750|Albtal-Verkehrs-Gesellschaft mbH
way|849493322|0|750|Albtal-Verkehrs-Gesellschaft mbH
way|849493325|0|750|Albtal-Verkehrs-Gesellschaft mbH
way|850283630|16.7|132000|
way|850283631|16.7|15000|
way|850283632|16.7|15000|
way|850283633|16.7|15000|
way|850283634|16.7|132000|SBB
way|850283635|16.7|132000|SBB
way|850283636|16.7|132000|SBB
way|850283637|16.7|132000|SBB
way|856834935|50;50;16.7|220000;220000;132000|Swissgrid
way|861126218|16.7|132000|
way|864308671|16.7|110000|DB Energie
way|864308672|16.7|110000|DB Energie
way|864368413|16.7|110000|DB Energie
way|864368414|16.7|110000|DB Energie
way|864442966|16.7|110000|DB Energie
way|864442969|16.7|110000|DB Energie
way|865451040|16.7|15000|DB Energie GmbH
way|865451041|16.7|15000|DB Energie GmbH
way|865451042|16.7|15000|DB Energie GmbH
way|865451043|16.7|15000|DB Energie GmbH
way|868457890|500||Linz AG
way|878754355|0||
way|878754356|0||
way|878754359|0||
way|878768480|0||
way|883438356|16.7|110000|DB Energie GmbH
way|883438357|16.7|110000|DB Energie GmbH
way|883438358|16.7|110000|DB Energie GmbH
way|895288343|16.7|110000|DB Energie GmbH
way|895288344|16.7|110000|DB Energie GmbH
way|906775219|16.7|110000|DB Energie
way|906775220|16.7|110000|DB Energie
way|906862341|16.7|110000|DB Energie GmbH
way|906862342|16.7|110000|DB Energie GmbH
way|906862343|16.7|110000|DB Energie GmbH
way|906862344|16.7|110000|DB Energie GmbH
way|906862345|16.7|110000|DB Energie GmbH
way|906862346|16.7|110000|DB Energie GmbH
way|906950294|50;16.7;16.7|110000|DB Energie;MVV Netze
way|906950304|16.7|110000|DB Energie
way|906950305|16.7|110000|DB Energie
way|906950306|16.7|110000|DB Energie
way|906955086|16.7|110000|DB Energie GmbH
way|906955087|16.7|110000|DB Energie GmbH
way|906955088|16.7|110000|DB Energie GmbH
way|906955089|16.7|110000|DB Energie GmbH
way|906955090|16.7|110000|DB Energie GmbH
way|906955091|16.7|110000|DB Energie
way|907007603|16.7|110000|DB Energie GmbH
way|907007604|16.7|110000|DB Energie GmbH
way|908212965|16.7|110000|DB Energie GmbH
way|908212966|16.7|110000|DB Energie GmbH
way|908212967|16.7|110000|DB Energie GmbH
way|908212968|16.7|110000|DB Energie GmbH
way|908212969|16.7|110000|DB Energie GmbH
way|908212970|16.7|110000|DB Energie GmbH
way|908212971|16.7|110000|DB Energie GmbH
way|908212973|16.7|110000|DB Energie GmbH
way|908212974|16.7|110000|DB Energie GmbH
way|908212975|16.7|110000|DB Energie GmbH
way|908212976|16.7|110000|DB Energie GmbH
way|908212977|16.7|110000|DB Energie GmbH
way|908212978|16.7|110000|DB Energie GmbH
way|908212979|16.7|110000|DB Energie GmbH
way|908490371|16.7|110000|ÖBB-Infrastruktur AG
way|908490372|16.7|110000|ÖBB-Infrastruktur AG
way|908490373|16.7|132000|ÖBB-Infrastruktur AG
way|908490374|16.7|132000|ÖBB-Infrastruktur AG
way|908490375|16.7|132000|ÖBB-Infrastruktur AG
way|908490380|16.7|110000|ÖBB-Infrastruktur AG
way|908490381|16.7|110000|ÖBB-Infrastruktur AG
way|908511425|16.7|110000|DB Energie
way|908511426|16.7|110000|DB Energie
way|909085202|16.7|110000|ÖBB-Infrastruktur AG
way|909085203|16.7|110000|ÖBB-Infrastruktur AG
way|912914284|16.7||
way|912914286|16.7||
way|920700308|16.7|15000|DB Netz AG
way|925802338|16.7|132000|SBB
way|925971086|16.7|132000|CFF
way|925971088|50;50;16.7|125000;125000;132000|Swissgrid;SBB
way|925971089|16.7|132000|SBB
way|926856680|16.7|132000|SBB
way|926856681|16.7|132000|SBB
way|926856682|16.7|132000|SBB
way|926856683|16.7|132000|SBB
way|926866081|16.7|132000;66000|SBB
way|926866082|16.7|132000;66000|SBB
way|927281979|16.7|66000|SBB
way|927281980|16.7|66000|SBB
way|927740824|50;50;50;16.7|220000;65000;65000;132000|Swissgrid
way|928312506|50;50;50;16.7|220000;220000;125000;132000|
way|946001743|16.7|110000|DB Energie GmbH
way|946001744|16.7|110000|DB Energie GmbH
way|946014647|16.7|110000|DB Energie GmbH
way|946014649|16.7|15000|
way|958759085|16.7|110000|DB Energie GmbH
way|958759086|16.7|110000|DB Energie GmbH
way|958759087|16.7|110000|DB Energie GmbH
way|958759088|16.7|110000|DB Energie GmbH
way|958759089|16.7|110000|DB Energie GmbH
way|958759090|16.7|110000|DB Energie GmbH
way|958884996|16.7|110000|DB Energie GmbH
way|959198537|16.7|110000|DB Energie GmbH
way|962645761|0|750|rnv
way|962645762|0|750|rnv
way|962645763|0|750|rnv
way|966934730|16.7|110000|
way|966934731|16.7|0|
way|966934732|16.7|110000|DB Energie GmbH
way|966934733|16.7|110000|DB Energie GmbH
way|966934734|16.7|110000|
way|966934736|16.7|110000|DB Energie GmbH
way|966934743|16.7|110000|DB Energie GmbH
way|967815010|50;16.7|132000|
way|967815011|50;16.7|132000|
way|967815012|50;16.7|132000|
way|969835963|16.7|132000|
way|969835968|16.7|132000|SBB
way|970352197|16.7|132000|
way|977154958|16.7|66000|
way|980746151|16.7|110000|DB Energie GmbH
way|985462844|16.7|110000|DB Energie GmbH
way|987663955|0||
way|987663956|0||
way|987663957|0||
way|993291675|0|750|Verkehrsbetriebe Karlsruhe GmbH
way|993291676|0|750|Verkehrsbetriebe Karlsruhe GmbH
way|993291677|0|750|Verkehrsbetriebe Karlsruhe GmbH
way|993291678|0|750|Verkehrsbetriebe Karlsruhe GmbH
way|993291679|0|750|Verkehrsbetriebe Karlsruhe GmbH
way|993291680|0|750|Verkehrsbetriebe Karlsruhe GmbH
way|993291681|0|750|Verkehrsbetriebe Karlsruhe GmbH
way|993291682|0|750|Verkehrsbetriebe Karlsruhe GmbH
way|997568139|50;16.7|50000; 132000|Atel; SBB
way|999860000|50;50;16.7;16.7|220000;380000;132000;132000|Swissgrid;SBB
way|1016411894|16.7|132000|SBB
way|1016411895|16.7|132000|SBB
way|1016411896|16.7|132000|SBB
way|1016411900|16.7|132000|SBB
way|1016411918|50;16.7|220000;132000|Swissgrid
way|1047502747|16.7|110000|
way|1047502748|16.7|110000|
way|1047502749|16.7|110000|
way|1047502750|16.7|110000|
way|1047665352|16.7|15000|
way|1047665353|16.7|15000|
way|1047665354|16.7|110000|
way|1047665355|16.7|110000|
way|1047665356|16.7|110000|
way|1047665357|16.7|110000|
way|1047665358|16.7|110000|ÖBB-Infrastruktur AG
way|1047665359|16.7|110000|ÖBB-Infrastruktur AG
way|1047665360|16.7|110000|
way|1047665361|16.7|110000|ÖBB-Infrastruktur AG
way|1047665362|16.7|110000|ÖBB-Infrastruktur AG
way|1047665365|16.7|10000|
way|1047665366|16.7|10000|
way|1047665367|16.7|10000|
way|1047665368|16.7|10000|
way|1047665369|16.7|110000|
way|1047665370|16.7|110000|
way|1049571210|50;16.7;16.7|220000;132000;132000|Swissgrid;SBB;SBB
way|1049571211|50;50;16.7;16.7|380000;220000;132000;132000|Swissgrid;Swissgrid;SBB;SBB
way|1052742782|0|750|Albtal-Verkehrs-Gesellschaft mbH
way|1052742784|16.7|15000|DB Energie
way|1052742785|16.7|15000|DB Energie
way|1052742786|16.7|15000|DB Energie
way|1052742787|16.7|15000|DB Energie
way|1064913171|16.7|132000|SBB
way|1064913172|16.7|132000|SBB
way|1067627894|16.7|110000|ÖBB-Infrastruktur AG
way|1069585053|16.7|110000|DB Energie GmbH
way|1069585054|16.7|110000|
way|1069585055|16.7|110000|DB Energie GmbH
way|1069621137|16.7|110000|DB Energie GmbH
way|1069621138|16.7|110000|DB Energie GmbH
way|1073319497|16.7|110000|ÖBB-Infrastruktur AG
way|1073408018|16.7|110000|ÖBB-Infrastruktur AG
way|1073408019|16.7|110000|ÖBB-Infrastruktur AG
way|1074227931|16.7|110000|DB Energie
way|1074227932|16.7|110000|DB Energie
way|1076664526|16.7|66000|
way|1081003973|16.7|110000|ÖBB-Infrastruktur AG
way|1081003975|16.7|110000|ÖBB-Infrastruktur AG
way|1082723617|16.7|110000|
way|1082723618|16.7|110000|
way|1082723619|16.7|110000|
way|1082723620|16.7|110000|
way|1082723621|16.7|110000|
way|1082723622|16.7|110000|
way|1082723623|16.7|110000|
way|1082723624|16.7|110000|
way|1082936372|16.7|110000|ÖBB-Infrastruktur AG
way|1082936373|16.7|110000|ÖBB-Infrastruktur AG
way|1082936374|16.7|110000|ÖBB-Infrastruktur AG
way|1082936375|16.7|110000|ÖBB-Infrastruktur AG
way|1091842657|0|750|Albtal-Verkehrs-Gesellschaft mbH
way|1091842658|0|750|Albtal-Verkehrs-Gesellschaft mbH
way|1091842659|0|750|Albtal-Verkehrs-Gesellschaft mbH
way|1091842660|0|750|Albtal-Verkehrs-Gesellschaft mbH
way|1091842661|0|750|Albtal-Verkehrs-Gesellschaft mbH
way|1091842662|0|750|Albtal-Verkehrs-Gesellschaft mbH
way|1091842663|0|750|Albtal-Verkehrs-Gesellschaft mbH
way|1091842664|0|750|Albtal-Verkehrs-Gesellschaft mbH
way|1091842665|0|750|Albtal-Verkehrs-Gesellschaft mbH
way|1092274460|16.7|110000|DB Energie
way|1092884211|16.7;50|132000;50000|SBB
way|1092884212|16.7|132000|SBB
way|1092884226|16.7|132000|SBB
way|1095000972|16.7||
way|1095434478|16.7|110000|
way|1095434479|16.7|110000|
way|1095434480|16.7|110000|
way|1095434481|16.7||
way|1095434482|16.7||
way|1095434483|16.7|110000|
way|1095434484|16.7|110000|
way|1095434485|16.7|110000|
way|1095434486|16.7|110000|
way|1095434487|16.7|110000|ÖBB-Infrastruktur AG
way|1095434488|16.7|110000|ÖBB-Infrastruktur AG
way|1095434489|16.7|110000|ÖBB-Infrastruktur AG
way|1095434490|16.7|110000|
way|1095434491|16.7|110000|
way|1095434493|16.7|110000|
way|1095434494|16.7|110000|
way|1096211972|16.7|110000|DB Energie GmbH
way|1097472170|0||Erdgas Südwest GmbH
way|1097472171|0||Erdgas Südwest GmbH
way|1104914079|50;16.7|0;110000|DB Energie GmbH;EnBW
way|1104914089|50;16.7|380000;110000|DB Energie GmbH;EnBW
way|1104914090|50;16.7|380000;110000|DB Energie GmbH;EnBW
way|1105042224|16.7|132000|
way|1105042225|16.7|132000|SBB
way|1105042226|16.7|132000|SBB
way|1105042227|16.7|132000|
way|1105042228|50;16.7;16.7|110000;132000;132000|
way|1105207889|16.7|132000|SBB
way|1105207890|50;16.7|132000|SBB
way|1105329058|50;50;50;16.7|220000;65000;65000;132000|Swissgrid
way|1105329059|16.7|132000|
way|1105329060|16.7|132000|
way|1105329065|50;50;16.7;16.7|132000|SBB
way|1105329066|16.7|132000|SBB
way|1106689556|50;50;50;50;16.7;16.7|380000;380000;220000;65000;132000;132000|Swissgrid;Swissgrid;Swissgrid;Valgrid;SBB;SBB
way|1112702990|16.7|132000|SBB
way|1112702991|16.7|132000|SBB
way|1112702992|16.7|132000|SBB
way|1126380382|16.7|110000|ÖBB-Infrastruktur AG
way|1126380383|16.7|110000|ÖBB-Infrastruktur AG
way|1126380384|16.7|110000|ÖBB-Infrastruktur AG
way|1126385388|16.7|110000|ÖBB-Infrastruktur AG
way|1135737096|16.7|110000|
way|1135737097|16.7|110000|
way|1135737098|16.7|110000|
way|1145147561|16.7|110000|
way|1145147562|16.7|110000|
way|1145147563|16.7|110000|
way|1145147564|16.7|110000|
way|1145147565|16.7|110000|
way|1145147566|16.7|110000|
way|1158272322|16.7|110000|ÖBB-Infrastruktur AG
way|1158272323|16.7|110000|ÖBB-Infrastruktur AG
way|1160920861|16.7|110000|ÖBB-Infrastruktur AG
way|1160920863|16.7|110000|ÖBB-Infrastruktur AG
way|1160920865|16.7|110000|ÖBB-Infrastruktur AG
way|1160920867|16.7|110000|ÖBB-Infrastruktur AG
way|1160920869|16.7|110000|ÖBB-Infrastruktur AG
way|1160920871|16.7|110000|ÖBB-Infrastruktur AG
way|1173637835|0|3000|
way|1186979081|16.7|66000|
way|1186979082|16.7|66000|
way|1192610638|16.7|110000|DB Energie
way|1192610639|16.7|110000|DB Energie
way|1198929145|16.7|110000|ÖBB-Infrastruktur AG
way|1198929146|16.7|110000|ÖBB-Infrastruktur AG
way|1198929147|16.7|110000|ÖBB-Infrastruktur AG
way|1198929148|16.7|110000|ÖBB-Infrastruktur AG
way|1198929149|16.7|110000|ÖBB-Infrastruktur AG
way|1202819884|16.7|132000|SBB
way|1202968420|50;50;16.7;16.7|150000;150000;132000;132000|EWZ
way|1202968421|16.7|132000|
way|1202968423|16.7|132000|
way|1207126466|16.7|110000|ÖBB-Infrastruktur AG
way|1207126467|16.7|110000|ÖBB-Infrastruktur AG
way|1207152852|16.7|110000|ÖBB-Infrastruktur AG
way|1207152853|16.7|110000|ÖBB-Infrastruktur AG
way|1209535088|16.7|110000|DB Energie GmbH
way|1209535089|16.7|15000|
way|1209535090|16.7|15000|
way|1209535091|16.7|15000|
way|1209535092|16.7|15000|
way|1209535093|16.7|15000|
way|1209535094|16.7|15000|
way|1209535095|16.7|15000|
way|1209535096|16.7|15000|
way|1209535097|16.7|15000|
way|1209535098|16.7|15000|
way|1209535099|16.7|15000|
way|1209535100|16.7|15000|
way|1214771785|25|30000|Netz NÖ
way|1216352449|16.7|15000|SBB
way|1216352450|16.7|15000|SBB
way|1216352451|16.7|15000|SBB
way|1216352452|16.7|132000|SBB
way|1216352453|16.7|132000|SBB
way|1216352454|16.7|132000|
way|1216352455|16.7|132000|
way|1216352456|16.7|132000|SBB
way|1218245287|16.7|15000|
way|1218245288|16.7|15000|
way|1218245289|16.7|66000|
way|1218245290|16.7|66000|
way|1218245291|16.7|66000|
way|1218245292|16.7|66000|
way|1218245293|16.7|66000|
way|1218245294|16.7|66000|SBB
way|1218860678|16.7|110000|DB Energie
way|1218860679|16.7|110000|DB Energie
way|1218860680|16.7|110000|DB Energie
way|1218860681|16.7|110000|DB Energie
way|1218860682|16.7|110000|DB Energie
way|1218860683|16.7|110000|DB Energie
way|1218860684|16.7|110000|DB Energie
way|1218860685|16.7|110000|DB Energie
way|1218860690|16.7|110000|DB Energie
way|1218860693|16.7|110000|DB Energie
way|1218860694|16.7|110000|DB Energie
way|1218860695|16.7|110000|DB Energie
way|1226954981|60||
way|1227867722|16.7|55000|ÖBB-Infrastruktur AG
way|1227867723|16.7|55000|ÖBB-Infrastruktur AG
way|1237906244|16.7|110000|DB Energie
way|1252427720|16.7|110000|ÖBB-Infrastruktur AG
way|1252427732|16.7|110000|ÖBB-Infrastruktur AG
way|1252427734|16.7|110000|ÖBB-Infrastruktur AG
way|1252427736|16.7|110000|ÖBB-Infrastruktur AG
way|1252427738|16.7|110000|ÖBB-Infrastruktur AG
way|1252427739|16.7|110000|ÖBB-Infrastruktur AG
way|1252427742|16.7|110000|ÖBB-Infrastruktur AG
way|1252427748|16.7|110000|ÖBB-Infrastruktur AG
way|1252427753|16.7|110000|ÖBB-Infrastruktur AG
way|1255406488|16.7|132000|
way|1255406489|16.7|132000|
way|1263415783|16.7|132000|SBB
way|1263415784|16.7|132000|SBB
way|1263415785|16.7|132000|SBB
way|1263415786|16.7|132000|SBB
way|1265507258|3||
way|1275738637|16.7|110000|DB Energie GmbH
way|1275738638|16.7|110000|DB Energie GmbH
way|1275738639|16.7|110000|DB Energie GmbH
way|1275738640|16.7|110000|DB Energie GmbH
way|1275738641|16.7|110000|
way|1275738642|16.7|110000|DB Energie GmbH
way|1275738643|16.7|110000|DB Energie GmbH
way|1275738644|16.7|110000|DB Energie GmbH
way|1275738645|16.7|110000|DB Energie GmbH
way|1275738646|16.7|110000|DB Energie GmbH
way|1275738647|16.7|110000|DB Energie GmbH
way|1275738648|16.7|110000|DB Energie GmbH
way|1275738649|16.7|110000|DB Energie GmbH
way|1275738650|16.7|110000|DB Energie GmbH
way|1275738651|16.7|110000|DB Energie GmbH
way|1275738652|16.7|110000|DB Energie GmbH
way|1275738657|16.7|110000|
way|1275738658|16.7|110000|DB Energie
way|1275738659|16.7|110000|DB Energie
way|1275738660|16.7|110000|DB Energie
way|1275738661|16.7|110000|DB Energie
way|1275738662|16.7|110000|DB Energie
way|1275738663|16.7|110000|DB Energie
way|1275738664|16.7|110000|DB Energie
way|1275738665|16.7|110000|DB Energie
way|1275738666|16.7|110000|DB Energie
way|1275738667|16.7|110000|DB Energie
way|1280153845|16.7|110000|DB Energie GmbH
way|1280153848|16.7|110000|DB Energie GmbH
way|1280153849|16.7;50|110000|DB Energie GmbH
way|1280153850|16.7|110000|DB Energie GmbH
way|1280153853|16.7|110000|
way|1280153854|16.7|110000|
way|1280153855|16.7|110000|
way|1280153856|16.7|110000|
way|1280153857|16.7|110000|
way|1280153859|16.7|110000|DB Energie GmbH
way|1280153860|16.7|110000|DB Energie GmbH
way|1280153861|16.7|110000|DB Energie GmbH
way|1280791822|16.7|110000|DB Energie
way|1280791823|16.7|110000|DB Energie
way|1280791824|16.7|110000|DB Energie
way|1280791825|16.7|110000|DB Energie
way|1280791826|16.7|110000|DB Energie
way|1291375601|16.7|110000|ÖBB-Infrastruktur AG
way|1291375602|16.7|110000|ÖBB-Infrastruktur AG
way|1291375605|16.7|110000|ÖBB-Infrastruktur AG
way|1291375606|16.7|110000|ÖBB-Infrastruktur AG
way|1291375609|16.7|110000|ÖBB-Infrastruktur AG
way|1291375610|16.7|110000|ÖBB-Infrastruktur AG
way|1291375611|16.7|110000|ÖBB-Infrastruktur AG
way|1291375612|16.7|110000|ÖBB-Infrastruktur AG
way|1291375613|16.7|110000|ÖBB-Infrastruktur AG
way|1291375614|16.7|110000|ÖBB-Infrastruktur AG
way|1291375615|16.7|110000|ÖBB-Infrastruktur AG
way|1291375616|16.7|110000|ÖBB-Infrastruktur AG
way|1291375617|16.7|110000|ÖBB-Infrastruktur AG
way|1291375618|16.7|110000|ÖBB-Infrastruktur AG
way|1291375619|16.7|110000|ÖBB-Infrastruktur AG
way|1291375620|16.7|110000|ÖBB-Infrastruktur AG
way|1295735694|16.7|110000|DB Energie GmbH
way|1295735695|16.7|110000|DB Energie GmbH
way|1295735696|16.7|110000|DB Energie GmbH
way|1295735697|16.7|110000|DB Energie GmbH
way|1295977307|16.7|110000|DB Energie GmbH
way|1295977308|16.7|110000|DB Energie GmbH
way|1295977309|16.7|110000|DB Energie GmbH
way|1295977310|16.7|110000|DB Energie GmbH
way|1295979302|16.7|110000|DB Energie GmbH
way|1295979303|16.7|110000|DB Energie GmbH
way|1295979304|16.7|110000|DB Energie GmbH
way|1295979305|16.7|110000|DB Energie GmbH
way|1309015466|16.7|15000|ÖBB-Infrastruktur AG
way|1309015467|16.7|110000;15000|ÖBB-Infrastruktur AG
way|1309015468|16.7|110000|ÖBB-Infrastruktur AG
way|1309015469|16.7|15000|ÖBB-Infrastruktur AG
way|1311198917|16.7|110000|DB Energie GmbH
way|1311198918|16.7|110000|DB Energie GmbH
way|1311198919|16.7|110000|DB Energie GmbH
way|1311198920|16.7|110000|DB Energie GmbH
way|1311198921|16.7|110000|DB Energie GmbH
way|1311198922|16.7|110000|DB Energie GmbH
way|1311198923|16.7|110000|DB Energie GmbH
way|1311198924|16.7|110000|DB Energie GmbH
way|1314660572|16.7|110000|DB Energie GmbH
way|1314660573|16.7|110000|DB Energie GmbH
way|1314660574|16.7|110000|DB Energie GmbH
way|1314660575|16.7|110000|DB Energie GmbH
way|1314660576|16.7|110000|DB Energie GmbH
way|1314660577|16.7|110000|DB Energie GmbH
way|1314660578|16.7|110000|DB Energie GmbH
way|1314660579|16.7|110000|DB Energie GmbH
way|1314660580|16.7|110000|DB Energie GmbH
way|1316223557|0|3000|SŽDC
way|1316223558|0|3000|SŽDC
way|1316223559|0|3000|SŽDC
way|1316223560|0|3000|SŽDC
way|1316223561|0|3000|SŽDC
way|1316223562|0|3000|SŽDC
way|1333575920|16.7|66000|
way|1344438715|16.7|132000|SBB
way|1344438716|16.7|132000|SBB
way|1349580836|16.7|110000|
way|1349580837|16.7|110000|DB Energie GmbH
way|1349580838|16.7|110000|DB Energie GmbH
way|1349580839|16.7|15000|DB Energie
way|1349580840|16.7|15000|DB Energie
way|1349580841|16.7|15000|DB Energie
way|1349580842|16.7|15000|DB Energie GmbH
way|1349580843|16.7|15000|DB Energie
way|1349580844|16.7|15000|DB Energie GmbH
way|1353171549|16.7|55000|ÖBB-Infrastruktur AG
way|1353171550|16.7|55000|ÖBB-Infrastruktur AG
way|1353171551|16.7|55000|ÖBB-Infrastruktur AG
way|1353246319|16.7|55000|ÖBB-Infrastruktur AG
way|1353246320|16.7|55000|ÖBB-Infrastruktur AG
way|1353246321|16.7|55000|ÖBB-Infrastruktur AG
way|1353246322|16.7|55000|ÖBB-Infrastruktur AG
way|1353246323|16.7|55000|ÖBB-Infrastruktur AG
way|1353246324|16.7|55000|ÖBB-Infrastruktur AG
way|1353254736|16.7|110000|
way|1353254737|16.7|110000|
way|1353254738|16.7|110000|
way|1353254739|16.7|110000|
way|1353254740|16.7|110000|
way|1353254741|16.7|55000|
way|1353254742|16.7|55000|
way|1353254743|16.7|55000|
way|1353254744|16.7|55000|
way|1353254745|16.7|55000|
way|1357106722|16.7|15000|DB Netz AG
way|1357118678|16.7|15000|DB Netz AG
way|1357118680|16.7|15000|DB Netz AG
way|1359163676|16.7|110000|ÖBB-Infrastruktur AG
way|1359163677|16.7|110000|ÖBB-Infrastruktur AG
way|1368447183|16.7|132000|SBB
way|1368447184|16.7|132000|SBB
way|1368447197|16.7|132000|SBB
way|1368447199|16.7|132000|SBB
way|1368447200|16.7|132000|SBB
way|1368447201|16.7|132000|SBB
way|1368447202|16.7|132000|SBB
way|1368447203|16.7|132000|SBB
way|1368447205|16.7|132000|SBB
way|1368447206|16.7|132000|SBB
way|1368447207|16.7|132000|SBB
way|1368447208|16.7|132000|SBB
way|1368447209|16.7|132000|SBB
way|1376251615|16.7|15000|
way|1376251616|16.7|15000|
way|1376251617|16.7|15000|
way|1376251618|16.7|15000|
way|1376251620|16.7|15000|
way|1376264894|16.7|15000|
way|1376550645|16.7|15000|
way|1376550646|16.7|15000|
way|1376550647|16.7|15000|
way|1376550648|16.7|15000|
way|1376550649|16.7|15000|
way|1376628019|16.7|15000|
way|1376628020|16.7|15000|
way|1376628021|16.7|15000|
way|1376628022|16.7|15000|
way|1376628023|16.7|15000|
way|1376628024|16.7|15000|
way|1376628027|16.7|15000|
way|1376628028|16.7|15000|
way|1376628029|16.7|15000|
way|1376628030|16.7|15000|
way|1376628031|16.7|15000|
way|1376628032|16.7|15000|
way|1376628033|16.7|15000|
way|1376628034|16.7|15000|
way|1376628035|16.7|15000|
way|1376628036|16.7|15000|
way|1377457494|16.7|15000|
way|1378180123|16.7|15000|
way|1378996273|16.7|15000|
way|1378996577|16.7|15000|
way|1378996794|16.7|15000|
way|1378998910|16.7|15000|
way|1378998911|16.7|15000|
way|1382004150|0|3000|SŽ
way|1390762251|16.7|15000|
way|1390762252|16.7|15000|
way|1390762253|16.7|15000|
way|1394563640|16.7|66000|
way|1394563641|16.7|66000|
way|1394563642|16.7|66000|
way|1415293050|16.7|15000|
way|1426206562|16.7|110000|DB Energie GmbH
way|1426206563|16.7|110000|DB Energie GmbH
way|1426206564|16.7|110000|DB Energie GmbH
way|1426206565|16.7|110000|DB Energie
way|1426206566|16.7|110000|DB Energie
way|1426206567|16.7|110000|DB Energie
way|1426384074|16.7|0|DB Energie GmbH
way|1432632255|16.7|55000|ÖBB-Infrastruktur AG
way|1432775133|16.7|110000|ÖBB-Infrastruktur AG
way|1432775135|16.7|110000|ÖBB-Infrastruktur AG
way|1432780674|16.7|110000|ÖBB-Infrastruktur AG
way|1432780675|16.7|110000|ÖBB-Infrastruktur AG
way|1432780676|16.7|110000|ÖBB-Infrastruktur AG
way|1432780677|16.7|110000|ÖBB-Infrastruktur AG
way|1432780679|16.7|110000|ÖBB-Infrastruktur AG
way|1432780680|16.7|110000|ÖBB-Infrastruktur AG
way|1432783271|16.7|110000|ÖBB-Infrastruktur AG
way|1432783272|16.7|110000|ÖBB-Infrastruktur AG
way|1432785750|16.7|110000|ÖBB-Infrastruktur AG
way|1432785751|16.7|110000|ÖBB-Infrastruktur AG
way|1432786695|16.7|110000|ÖBB-Infrastruktur AG
way|1432786696|16.7|110000|ÖBB-Infrastruktur AG
way|1432791049|16.7|110000|ÖBB-Infrastruktur AG
way|1432791050|16.7|110000|ÖBB-Infrastruktur AG
way|1432834424|16.7|110000|ÖBB-Infrastruktur AG
way|1432834425|16.7|110000|ÖBB-Infrastruktur AG
way|1432834428|16.7|110000|ÖBB-Infrastruktur AG
way|1432834429|16.7|110000|ÖBB-Infrastruktur AG
way|1433152246|16.7|110000|ÖBB-Infrastruktur AG
way|1433152247|16.7|110000|ÖBB-Infrastruktur AG
way|1433152248|16.7|110000|ÖBB-Infrastruktur AG
way|1433152249|16.7|110000|ÖBB-Infrastruktur AG
way|1445754740|16.7|15000|
way|1445754741|16.7|15000|
way|1445754742|16.7|15000|
way|1445754743|16.7|15000|
way|1445754744|16.7|15000|
way|1445754745|16.7|15000|
way|1445754746|16.7|15000|
way|1446154328|16.7|15000|
way|1446347065|16.7|110000|ÖBB-Infrastruktur AG
way|1446347066|16.7|110000|ÖBB-Infrastruktur AG
way|1446347067|16.7|110000|ÖBB-Infrastruktur AG
way|1455526493|50;50;16.7;50|380000;132000;66000;50000|Swissgrid;BKW;SBB
way|1459280815|400|20000|Netz Niederösterreich GmbH
way|1463747811|16.7|110000|ÖBB-Infrastruktur AG
way|1463747812|16.7|110000|ÖBB-Infrastruktur AG
way|1463747813|16.7|110000|ÖBB-Infrastruktur AG
way|1463747814|16.7|110000|ÖBB-Infrastruktur AG
way|1463747816|16.7|110000|ÖBB-Infrastruktur AG
way|1463747817|16.7|110000|ÖBB-Infrastruktur AG
way|1463747818|16.7|110000|ÖBB-Infrastruktur AG
way|1463747819|16.7|110000|ÖBB-Infrastruktur AG
way|1463747820|16.7|110000|ÖBB-Infrastruktur AG
way|1463747821|16.7|110000|ÖBB-Infrastruktur AG
way|1463747822|16.7|110000|ÖBB-Infrastruktur AG
way|1466382302|16.7|110000|DB Energie
way|1466382303|16.7|110000|DB Energie
way|1466382304|16.7|110000|DB Energie
way|1466382305|16.7|110000|DB Energie
way|1466382447|16.7|110000|DB Energie
way|1466382448|16.7|110000|DB Energie
way|1466382449|16.7|110000|DB Energie
way|1466382450|16.7|110000|DB Energie
way|1466382451|16.7|110000|DB Energie
way|1466382452|16.7|110000|DB Energie
way|1466383181|16.7|110000|DB Energie GmbH
way|1466383182|16.7|110000|DB Energie GmbH
way|1466383183|16.7|110000|DB Energie GmbH
way|1466383184|16.7|110000|DB Energie GmbH
way|1466383185|16.7|110000|DB Energie GmbH
way|1466383186|16.7|110000|DB Energie GmbH
way|1466383187|16.7|110000|DB Energie GmbH
way|1466383188|16.7|110000|DB Energie GmbH
way|1466383638|16.7|110000|DB Energie GmbH
way|1466383639|16.7|110000|DB Energie GmbH
way|1466383640|16.7|110000|DB Energie GmbH
way|1466383641|16.7|110000|DB Energie GmbH
way|1466697912|16.7|110000|DB Energie
way|1466697913|16.7|110000|DB Energie
way|1466697914|16.7|110000|DB Energie
way|1466697915|16.7|110000|DB Energie
way|1466965705|16.7|110000|DB Energie GmbH
way|1466965706|16.7|110000|DB Energie GmbH
way|1466965707|16.7|110000|DB Energie GmbH
way|1466965708|16.7|110000|DB Energie GmbH
way|1466965871|16.7|110000|DB Energie GmbH
way|1466965872|16.7|110000|DB Energie GmbH
way|1466966649|16.7|110000|DB Energie
way|1466966650|16.7|110000|DB Energie
way|1466966651|16.7|110000|DB Energie
way|1466966652|16.7|110000|DB Energie
way|1466967288|16.7|110000|DB Energie GmbH
way|1466967289|16.7|110000|DB Energie GmbH
way|1466968587|16.7|110000|DB Energie GmbH
way|1466968589|16.7|110000|DB Energie GmbH
way|1469518700|16.7|110000|DB Energie GmbH
way|1469518701|16.7|110000|DB Energie GmbH
way|1469518702|16.7|110000|DB Energie GmbH
way|1469518703|16.7|110000|DB Energie GmbH
way|1469518704|16.7|110000|DB Energie GmbH
way|1469518705|16.7|110000|DB Energie GmbH
way|1469518706|16.7|110000|DB Energie GmbH
way|1469518707|16.7|110000|DB Energie GmbH
way|1469518708|16.7|110000|DB Energie GmbH
way|1472376535|16.7|66000|
way|1479134093|16.7|110000|DB Energie
way|1479134094|16.7|110000|DB Energie
way|1479134095|16.7|110000|DB Energie
way|1479134096|16.7|110000|DB Energie
way|1479134097|16.7|110000|DB Energie
way|1479134098|16.7|110000|DB Energie
way|1479134099|16.7|110000|DB Energie
way|1479134100|16.7|110000|DB Energie
way|1479134952|16.7|110000|DB Energie GmbH
way|1479134953|16.7|110000|DB Energie GmbH
way|1479134954|16.7|110000|DB Energie GmbH
way|1479134955|16.7|110000|DB Energie GmbH
way|1479134956|16.7|110000|DB Energie GmbH
way|1479135608|16.7|110000|DB Energie
way|1479135609|16.7|110000|DB Energie
way|1479135610|16.7|110000|DB Energie
way|1479135611|16.7|110000|DB Energie
way|1479135612|16.7|110000|DB Energie
way|1479135613|16.7|110000|DB Energie
way|1479135614|16.7|110000|DB Energie
way|1479136295|16.7|110000|DB Energie
way|1479136296|16.7|110000|DB Energie
way|1479136297|16.7|110000|DB Energie
way|1479136298|16.7|110000|DB Energie
way|1479136299|16.7|110000|DB Energie
way|1479136300|16.7|110000|DB Energie
way|1479136301|16.7|110000|DB Energie
way|1479137782|16.7|110000|DB Energie
way|1479137783|16.7|110000|DB Energie
way|1479137784|16.7|110000|DB Energie
way|1479137785|16.7|110000|DB Energie
way|1479137786|16.7|110000|DB Energie
way|1479137787|16.7|110000|DB Energie
way|1479137788|16.7|110000|DB Energie
way|1479137789|16.7|110000|DB Energie
way|1479137790|16.7|110000|DB Energie
way|1479139397|16.7||DB Energie
way|1479139398|16.7||DB Energie
way|1479139399|16.7||DB Energie
way|1479139400|16.7||DB Energie
way|1479139401|16.7||DB Energie
way|1479140869|16.7|110000|DB Energie
way|1479140870|16.7|110000|DB Energie
way|1479140871|16.7|110000|DB Energie
way|1479140872|16.7|110000|DB Energie
way|1479140873|16.7|110000|DB Energie
way|1479140874|16.7|110000|DB Energie
way|1479140875|16.7|110000|DB Energie
way|1479140876|16.7|110000|DB Energie
way|1479140877|16.7|110000|DB Energie
way|1479140878|16.7|110000|DB Energie
way|1479219440|16.7|110000|DB Energie
way|1479219441|16.7|110000|DB Energie
way|1479219442|16.7|110000|DB Energie GmbH
way|1479219443|16.7|110000|DB Energie GmbH
way|1479219444|16.7|110000|DB Energie GmbH
way|1479219445|16.7|110000|DB Energie GmbH
way|1479219446|16.7|110000|DB Energie
way|1479219447|16.7|110000|DB Energie
way|1479219448|16.7|110000|DB Energie GmbH
way|1479219449|16.7|110000|DB Energie GmbH
way|1479220588|16.7|110000|DB Energie
way|1479220589|16.7|110000|DB Energie
way|1479220590|16.7|110000|DB Energie
way|1479222822|16.7||DB Energie
way|1479222823|16.7|110000|DB Energie
way|1479222824|16.7|110000|DB Energie
way|1479222825|16.7|110000|DB Energie
way|1479222826|16.7|110000|DB Energie
way|1479222827|16.7|110000|DB Energie
way|1479222828|16.7|110000|DB Energie
way|1479222829|16.7|110000|DB Energie
way|1479222830|16.7|110000|DB Energie
way|1482181720|16.7|110000|DB Energie
way|1482181721|16.7|110000|DB Energie
way|1482181722|16.7|110000|DB Energie
way|1482181723|16.7|110000|DB Energie
way|1482181724|16.7|110000|DB Energie
way|1482181725|16.7|110000|DB Energie
way|1482181726|16.7|110000|DB Energie
way|1482181727|16.7|110000|DB Energie
way|1483341657|16.7|110000|DB Energie
way|1483341658|16.7|110000|DB Energie
way|1483341659|16.7|110000|DB Energie
way|1483341660|16.7|110000|DB Energie
way|1487275376|16.7|110000|DB Energie
way|1487275377|16.7|110000|
way|1487275378|16.7|110000|DB Energie
way|1500962556|50;16.7|110000|E.ON Netz GmbH
way|1500962557|50;16.7|110000|E.ON Netz GmbH
way|1511934138|16.7|110000|
way|1511934139|16.7|110000|
way|1511934140|16.7|110000|
way|1511934141|16.7|110000|
way|1529399123|16.7|110000|ÖBB-Infrastruktur AG
way|1529399124|16.7|110000|ÖBB-Infrastruktur AG
way|1531447907|16.7|15000|DB Energie
way|1531447908|16.7|15000|DB Energie
way|1531735305|16.7|110000|DB Energie
way|1531735306|16.7|110000|DB Energie
way|1531735307|16.7|110000|DB Energie
way|12006755|16.67|132000|
way|14125528|16.67|132000|
way|24357740|16.67|132000|
way|28028050|50;16.67;50|132000;55000;132000|Glitre Nett;Bane NOR Energi
way|28208125|50;16.67|70000;132000|
way|28208129|16.67|132000|
way|28208221|16.67|132000|
way|28276709|16.67|132000|
way|29082137|50;16.7|110000|DB Energie GmbH
way|34351385|16.67|55000|Bane NOR Energi
way|36939840|0|500000;400000|Fingrid
way|38423014|16.67|132000|
way|42990414|16.67|132000|
way|42990629|16.67|132000|
way|42990634|16.67|132000|
way|42990747|16.67|132000|
way|42995424|16.67|132000|
way|43038454|16.67|132000|
way|44156292|16.67|132000|
way|46832310|50;16.67;50|132000;55000;132000|Glitre Nett;Bane NOR Energi
way|49417254|16.67|132000|
way|49417255|16.67|132000|
way|50249984|16.67|132000|
way|50257546|16.67|132000|
way|50257550|16.67|132000|
way|51111622|16.67|132000|
way|54739518|16.67|132000|
way|58216463|16.67|132000|
way|58409415|16.67|132000|
way|58409421|16.67|132000|
way|58412167|16.67|132000|
way|58412171|16.67|132000|
way|58413926|16.67|132000|
way|58414505|16.67|132000|
way|64503818|16.67|132000|
way|68867625|16.67|132000|
way|79088887|0|450000|
way|82092723|0|150000|
way|83678061|16.67|132000|
way|83678072|16.67|132000|
way|87346159|16.67|132000|
way|97755055|0|250000;250000;350000|Energinet
way|97875932|0|250000;250000|
way|97885507|0|250000;250000;350000|Energinet
way|98352795|0|285000;300000|Energinet.dk
way|98356251|0|285000;300000|
way|102469001|16.67|132000|
way|107026887|16.67|132000|
way|109556139|16.67|132000|
way|109648903|16.67|132000|
way|119495724|16.7|110000|DB Energie GmbH
way|129017284|0|250000|Energinet
way|129017286|0|350000|Statnett
way|129017294|0|250000;250000;350000|Statnett
way|129709278|0|285000;300000|
way|129709279|0|285000;300000|
way|133481183|16.67|132000|
way|134943585|0|400000|Energinet
way|134949647|16.67|132000|
way|136695189|0|0|
way|136695191|0|0|
way|136695192|0|0|
way|136695193|0|0|
way|136695194|0|0|
way|136796521|0|400000|Fingrid;Svenska Kraftnät
way|138622079|16.67|132000|
way|138622081|16.67|132000|
way|138622090|16.67|132000|
way|139492552|0|150000|
way|139746847|0|285000;300000|
way|139746848|0|285000;300000|
way|139746849|0|0|
way|139842487|0|0|
way|140477917|0|500000;400000;0|Fingrid
way|149149832|16.67|132000|
way|150321197|16.67|132000|
way|157883495|0|400000|
way|159089624|0|400000|
way|159089627|0|400000|
way|160353971|0|0|
way|160354339|0|0|
way|162373680|16.67|132000|
way|164434824|16.67|132000|
way|164465329|16.67|55000|Bane NOR Energi
way|164597020|16.67|132000|
way|164615152|16.67|55000|Bane NOR
way|164653611|16.67|55000|Bane NOR Energi
way|164654101|16.67|55000|Bane NOR Energi
way|164688569|16.67|55000;55000|Bane NOR Energi
way|164769723|16.67|55000|Bane NOR Energi
way|169984505|0|450000|
way|170771513|16.67|132000|
way|170771520|16.67|132000|
way|170982774|16.7|110000|DB Energie GmbH
way|171029149|16.67|132000|
way|174097214|0|150000|EE
way|177555805|0|400000|Energinet
way|184779055|16.67|132000|
way|184781996|16.67|132000|
way|185107614|0|400000|Fingrid;Svenska Kraftnät
way|185946215|16.67|132000|
way|193131430|16.67|132000|
way|193280603|16.67|132000|
way|193861384|16.67|132000|
way|193890827|16.67|132000|
way|199047515|16.67|132000|
way|199090730|16.67|132000|
way|207775098|0|400000|Energinet
way|207783226|0|0|
way|210385600|0|250000|
way|210385612|0|350000|
way|211032942|0|400000|
way|211035867|0|400000|
way|213763230|0|250000|Energinet.dk
way|213763232|0|250000;350000|Energinet.dk
way|213763234|0|350000|
way|213763236|0|300000;285000|Energinet.dk
way|213763239|0|300000|Energinet.dk
way|213763240|0|285000|Energinet.dk
way|213763249|0|0|
way|213763250|0|250000|Energinet
way|213763251|0|350000|Energinet
way|213769439|0|400000|
way|213771857|0|250000|
way|215309167|0|0|
way|215309168|0|0|
way|216499008|0|285000;300000|Energinet
way|216499899|0|285000;300000|Energinet.dk
way|221542440|16.67|132000|
way|235735184|0|450000|
way|244941377|0|250000;250000;350000|Statnett
way|244941932|0|0|Statnett
way|244941933|0|0|Statnett
way|244941934|0|0|Statnett
way|251849081|0|450000|
way|251849086|0|450000|
way|252024825|0|3000|
way|252024826|0|3000|
way|253458451|16.67|132000|
way|254044324|16.67|132000|
way|254056234|0|285000|
way|254056236|0|300000|
way|254056267|0|300000|
way|257169279|16.67|132000|
way|259746641|16.67|132000|
way|261456611|16.67|132000|
way|261752174|0|400000|Fingrid;Svenska Kraftnät
way|261752175|0|500000|Fingrid;Svenska Kraftnät
way|261956075|16.67|132000|
way|261962542|16.67|132000|
way|264001523|0|150000|
way|274678246|0|300000|Svenska Kraftnät
way|278726454|16.67|132000|
way|279208193|16.67|132000|
way|283700545|16.67|132000|
way|284131118|16.67|132000|
way|285556866|16.67|15000|
way|286852528|16.67|132000|
way|290562117|16.67|55000|
way|290562126|16.67|55000|
way|290562147|16.67|55000|Bane NOR Energi
way|290562148|50;16.67;50|132000;55000;132000|Glitre Nett;Bane NOR Energi
way|297522702|0|500000|Energinet
way|297522703|0|500000|Energinet
way|307309045|16.67|30000|
way|307345336|16.67|132000|
way|307345338|16.67|132000|
way|307345339|16.67|132000|
way|307345340|16.67|132000|
way|307345341|16.67|132000|
way|307393115|16.67|132000|
way|307393116|16.67|132000|
way|307393117|16.67|132000|
way|307393118|16.67|132000|
way|307393119|16.67|132000|
way|307393120|16.67|132000|
way|307397364|16.67|132000|
way|307397365|16.67|132000|
way|307398781|16.67|132000|
way|307398782|16.67|132000|
way|307398783|16.67|132000|
way|307398784|16.67|132000|
way|307398787|16.67|132000|
way|307400961|16.67|132000|
way|307400962|16.67|132000|
way|307400963|16.67|132000|
way|307400964|16.67|132000|
way|307400965|16.67|132000|
way|307400966|16.67|132000|
way|307403055|16.67|132000|
way|307403056|16.67|132000|
way|307405317|16.67|132000|
way|307405318|16.67|132000|
way|307405319|16.67|132000|
way|307457548|16.67|132000|
way|307457549|16.67|132000|
way|307466901|16.67|132000|
way|307466902|16.67|132000|
way|307466903|16.67|132000|
way|307480954|16.67|132000|
way|307480955|16.67|132000|
way|307480956|16.67|132000|
way|307480957|16.67|132000|
way|307480958|16.67|132000|
way|307661404|16.67|132000|
way|307661405|16.67|132000|
way|307800299|16.67|132000|
way|307800301|16.67|132000|
way|307959936|16.67|132000|
way|307964378|16.67|132000|
way|307967468|16.67|132000|
way|308484340|16.67|132000|
way|308484341|16.67|132000|
way|308647603|16.67|132000|
way|308791592|16.67|132000|
way|309145397|16.67|132000|
way|309145398|16.67|132000|
way|309667938|16.67|132000|
way|309667940|16.67|132000|
way|309667942|16.67|132000|
way|310298515|16.67|132000|
way|310298516|16.67|132000|
way|310866778|16.67|132000|
way|310866779|16.67|132000|
way|310866780|16.67|132000|
way|310866781|16.67|132000|
way|310866787|16.67|132000|
way|310877815|16.67|132000|
way|311181683|16.67|132000|
way|311347750|16.67|132000|
way|311347751|16.67|132000|
way|311347756|16.67|132000|
way|311444269|0|0|Fingrid
way|311484963|16.67|132000|
way|313626420|16.67|132000|
way|319112475|0|0|
way|337367314|243000||
way|338017711|16.67|55000|
way|338812399|50;16.67;50|132000;55000;132000|Glitre Nett
way|338812408|16.67|55000|
way|357260297|16.67|130000|
way|367807854|0|300000|
way|375751484|50;16.67|220000;132000|
way|375751488|16.67|132000|
way|385098545|16.67|132000|
way|385099815|16.67|132000|
way|394245335|0|0|
way|394245336|0|500000;0|
way|394245337|0|500000|
way|424076260|16.67|55000|
way|424076264|16.67|55000|
way|424076277|16.67|55000|
way|461155002|290000||
way|465593870|0|250000;250000;350000|Energinet.dk
way|465593873|0|250000;250000;350000|Energinet
way|465835084|0|500000|Statnett
way|469037963|0|0|
way|493642068|0|300000|
way|493642079|0|300000|
way|494826555|0|300000|
way|494832084|0|0|
way|494832085|0|0|
way|494832086|0|0|
way|543192035|0|320000|
way|550657520|16.67|55000|Bane NOR
way|551943168|16.67|55000|
way|555201816|0|350000|Statnett
way|555201854|0|500000|
way|555201905|0|250000|Statnett
way|555201908|0|250000|Statnett
way|575816468|0|500000|
way|575816471|0|250000;250000;350000|Statnett
way|575816477|0|0|
way|576912733|0|150000|
way|577032054|0|320000|
way|577040003|0|300000|
way|577730208|0|450000|Statnett;TenneT
way|620895346|16.67|132000|
way|620895350|16.67|132000|
way|620895354|16.67|132000|
way|620895357|16.67|132000|
way|620927137|16.67|132000|
way|629694685|0|525000|Statnett
way|635828661|0|500000|
way|635828664|0|500000|
way|635828666|0|500000|
way|635828669|0|500000|
way|637350359|0|60000|
way|637350360|0|60000|
way|637350361|0|60000|
way|637350363|0|60000|
way|640019134|0|80000|
way|641089872|0|525000|Statnett
way|641637113|0|150000|
way|641637114|0|150000|
way|642490152|0|515000|Statnett and National Grid North Sea Link Limited
way|642626115|16.67|15000|Bane Energi
way|643853570|16.67||Bane Energi
way|645703019|0|515000|
way|645703020|0|515000|
way|645703021|0|515000|
way|645994450|50;16.67;50|132000;55000;132000|Glitre Nett;Bane NOR Energi
way|647429318|16.67|15000|
way|660798864|16.67|55000|Bane NOR Energi
way|673110217|16.67|15000|Bane Energi
way|743756283|0|0|
way|743756284|0|0|
way|743756285|0|0|
way|743756286|0|0|
way|743756287|0|0|
way|743756288|0|0|
way|743756289|0|0|
way|743756290|0|0|
way|743756291|0|0|
way|743756292|0|0|
way|743756293|0|0|
way|743756294|0|0|
way|743756295|0|0|
way|743756296|0|0|
way|743756297|0|0|
way|804551937|0|80000|Kraftnät Åland
way|810410380|0|320000|
way|842077313|0|525000|Statnett
way|853116866|0|285000;300000|
way|853116867|0|285000;300000|
way|853116868|0|285000;300000|
way|853116869|0|285000;300000|
way|853116870|0|285000;300000|
way|853116871|0|285000;300000|
way|853116872|0|285000;300000|
way|853116873|0|285000;300000|
way|853612883|0|300000|
way|881179761|0|525000|
way|881179762|0|525000|
way|881179763|0|525000|
way|881179764|0|525000|
way|881179765|0|525000|
way|881179766|0|525000|
way|881179767|0|525000|
way|881179768|0|525000|
way|881179769|0|525000|
way|881554594|0|0|
way|889061693|0|450000|
way|919838697|16.7||Trafikverket
way|949236571|16.67|15000|Bane NOR
way|949236576|16.67|15000|Bane NOR
way|952935816|0|500000|
way|952935817|0|500000|
way|952935818|0|515000|
way|952935819|0|515000|
way|952935820|0|515000|
way|952935821|0|515000|
way|952935856|0|500000|
way|964079345|0|80000|Kraftnät Åland
way|964079346|0|80000|Kraftnät Åland
way|1005231146|0|300000|
way|1005231147|0|300000|
way|1023442343|0|285000;300000|
way|1023443703|0|285000;300000|
way|1024181419|0|500000;0|
way|1025227913|0|450000|
way|1046899491|0|80000|
way|1050962500|0|250000;250000;350000|Statnett
way|1054177797|0|450000|Statnett;TenneT
way|1054177798|0|450000|Statnett;TenneT
way|1054177799|0|450000|Statnett;TenneT
way|1054177800|0|450000|Statnett;TenneT
way|1101832644|0|525000|
way|1101832655|0|525000|
way|1108293967|16.67|132000|
way|1112544038|0|80000|
way|1112544041|0|80000|
way|1112544043|0|80000|
way|1117196204|0|150000|
way|1117735147|0|350000|Energinet
way|1117735148|0|500000|Energinet
way|1117735149|0|250000|Statnett
way|1117735150|0|250000|Statnett
way|1117735151|0|250000|
way|1117735152|0|250000|Energinet
way|1117735153|0|250000|
way|1117735155|0|250000|Statnett
way|1117735156|0|250000|Statnett
way|1117735157|0|350000|Statnett
way|1117735158|0|250000|
way|1117735159|0|250000|
way|1117735160|0|350000|
way|1117735161|0|250000|Energinet
way|1117735162|0|350000|Statnett
way|1117747111|0|350000|
way|1117747113|0|250000|Energinet
way|1117747114|0|250000|Energinet
way|1117747115|0|350000|Energinet
way|1117747116|0|250000|
way|1117747119|0|350000|
way|1117747121|0|500000|Energinet
way|1124882433|0|285000|
way|1124882434|0|300000|
way|1152538067|16.67|132000|
way|1152538068|16.67|132000|
way|1157117618|16.67|55000|Bane NOR Energi
way|1170876403|16.67|55000|
way|1170876404|16.67|55000|
way|1174247730|16.67|55000|Bane NOR Energi
way|1174247731|16.67|55000|Bane NOR Energi
way|1234491598|16.67||
way|1265541081|0|300000|Svenska Kraftnät
way|1265541082|0|300000|Svenska Kraftnät
way|1265541083|0|300000|Svenska Kraftnät
way|1265541084|0|300000|Svenska Kraftnät
way|1265541085|0|300000|Svenska Kraftnät
way|1265541086|0|300000|Svenska Kraftnät
way|1275744417|0|500000;400000;0|Fingrid
way|1275744418|0|500000;400000;0|Fingrid
way|1278449856|16.67|55000|
way|1278449857|16.67|55000|
way|1291885577|16.67|15000|
way|1291885578|16.67|15000|
way|1337142276|0|0|
way|1337142284|0|0|
way|1337142286|0|0|
way|1337142292|0|0|
way|1337142297|0|0|
way|1337142301|0|0|
way|1337142303|0|0|
way|1337142313|0|0|
way|1337142315|0|0|
way|1337142325|0|0|
way|1337142326|0|0|
way|1337142329|0|0|
way|1337142335|0|0|
way|1337142336|0|0|
way|1337142339|0|0|
way|1337142346|0|0|
way|1337142347|0|0|
way|1337142348|0|0|
way|1337142357|0|0|
way|1337142358|0|0|
way|1442944845|16.67|55000|
way|1442944846|16.67|55000|
way|1442944847|16.67|55000|Bane NOR Energi
way|1442944850|16.67|55000|
way|1459883144|0|3000|
way|1459883145|0|3000|
way|1459883148|0|3000|
way|1459883149|0|3000|
way|1465800807|16.7|110000|DB Energie GmbH
way|1465800808|16.7|110000|DB Energie GmbH
way|1525480861|0|250000|Statnett
way|1525480862|0|250000|Statnett
way|1525480863|0|250000|Statnett
way|164616069|16400||
way|164616070|16400||
way|684937087|60|20000|
way|802183789|16.67|15000|Bane Energi
way|802183790|16.67|15000|Bane Energi
way|802183791|16.67|15000|Bane Energi
way|802183792|16.67|15000|Bane Energi
way|802183793|16.67|15000|Bane Energi
way|802183794|16.67|15000|Bane Energi
way|1218360583|16400||
way|1218360586|16400||
way|100116933|0|0|
way|100846944|0|200000;0|Terna S.p.A.
way|101804454|0|0|
way|129927639|0|200000|Terna S.p.A.
way|131323211|0|250000|Red Eléctrica de España
way|136528666|0|200000|
way|137729287|0|200000|Terna S.p.A.
way|144439485|50;0|400000;0|REN
way|151061922|50;0|130000;0|E-REDES
way|161367310|0|400000|
way|214471949|0|0|EDF
way|218615848|216000||
way|218615850|216000||
way|224658550|216000||
way|224658552|216000||
way|240992355|0|0|
way|240992356|0|0|
way|240992359|0|0|
way|240992360|0|200000|
way|242127520|0|320000;320000|INELFE
way|244859552|0|200000;0|
way|257781200|0|200000|Terna S.p.A.
way|257781201|0|200000|Terna S.p.A.
way|257781202|0|200000|Terna S.p.A.
way|257781203|0|200000|Terna S.p.A.
way|257783840|0|200000|
way|257783841|0|200000|
way|257783843|0|200000|
way|257783844|0|200000|
way|303661162|0|200000|Terna
way|340426030|0|320000;320000|INELFE
way|367257582|0|200000|
way|367257583|0|200000|
way|403603785|0|0|EDF
way|404136594|0|500000|
way|414468797|0|320000;320000|INELFE
way|444179519|0|0|
way|448538706|0|1500|SNCF Réseau
way|448538707|0|1500|SNCF Réseau
way|448538708|0|1500|SNCF Réseau
way|466200072|293000||
way|466204746|302000||
way|466207982|295000||
way|466217338|288500||
way|502495583|0;50|0;150000|REN
way|502504208|0|0|
way|502504209|0|0|
way|577059686|0|400000|
way|577068332|0|500000|Terna S.p.A.
way|577074556|0|500000|
way|577074557|0|500000|
way|577519188|60|3000|
way|578638405|60|3000|
way|578638406|60|3000|
way|578638407|60|3000|
way|579630675|60|3000|sonelgaz
way|580217560|60|3000|
way|714848320|0|320000|INELFE
way|714848321|0|320000|INELFE
way|714848325|0|320000|INELFE
way|714848326|0|320000|INELFE
way|720374299|0|200000|Terna S.p.A.
way|720374300|0|200000|Terna S.p.A.
way|720374301|0|200000|Terna S.p.A.
way|720374302|0|200000|Terna S.p.A.
way|749660314|50;0|400000;0|REN
way|922914078|0|0|
way|993214790|0|200000;0|Terna S.p.A.
way|993217926|0|0|
way|993217927|0|0|
way|993217928|0|0|
way|1050882529|0|60000|REN
way|1101554325|0|1500|
way|1101554326|0|1500|
way|1101554327|0|1500|
way|1102936263|1||
way|1110496712|0|750|
way|1110496713|0|750|
way|1114728235|0|1500|SNCF Réseau
way|1114918357|0|1500|
way|1114918358|0|1500|
way|1114918359|0|1500|
way|1114918360|0|1500|
way|1114918361|0|1500|
way|1116520856|0|750|
way|1116520857|0|750|
way|1116520859|0|750|
way|1116520861|0|750|
way|1128072776|0|750|
way|1128072777|0|750|
way|1154017849|0|750|
way|1154017894|0|750|
way|1154017895|0|750|
way|1194693458|0|750|
way|1226450071|50;0|130000;0|E-REDES
way|1228929424|50;0|130000;0|E-REDES
way|1251568168|0|3000|Adif
way|1251568170|0|3000|Adif
way|1251568171|0|3000|Adif
way|1289099320|0|200000|Terna S.p.A.
way|1301796095|0|500000|Terna S.p.A.
way|1301796096|0|500000|Terna S.p.A.
way|1317033041|0|320000|INELFE
way|1317033042|0|320000|INELFE
way|1317033043|0|320000|INELFE
way|1317033044|0|320000|INELFE
way|1317033045|0|320000|INELFE
way|1317033046|0|320000|INELFE
way|1317033047|0|320000|INELFE
way|1317033048|0|320000|INELFE
way|1339258125|15000|15000|E-REDES
way|1339258126|15000|15000|E-REDES
way|1339258127|15000|15000|E-REDES
way|1339258128|15000|15000|E-REDES
way|1356637725|50;0|30000;0|E-REDES
way|1411194420|0|750|
way|1411194422|0|750|
way|1428384245|0;50|0;15000|E-REDES
way|1434569270|0;50|0;15000|E-REDES
way|1435026022|0|1500|
way|1435026027|0|1500|
way|1435026029|0|1500|
way|1435849442|0|1500|
way|1435849443|0|1500|
way|1435849444|0|1500|
way|1436544381|0|1500|
way|1436544383|0|1500|
way|1436544385|0|1500|
way|1436544386|0|1500|
way|1436672759|0|15000|
way|1436672760|0|15000|
way|1441632583|0|1500|
way|1441632585|0|1500|
way|1442774296|0|1500|
way|1442774297|0|1500|
way|1442774298|0|1500|
way|1442774300|0|1500|
way|1442774301|0|1500|
way|1442774302|0|1500|
way|1442774303|0|1500|
way|1442774305|0|1500|
way|1442774306|0|1500|
way|1442774307|0|1500|
way|1442774308|0|1500|
way|1442774309|0|1500|
way|1450110756|0|1500|
way|1450110757|0|1500|
way|1450110760|0|1500|
way|1450110761|0|1500|
way|1450394104|0|1500|
way|1450394106|0|1500|
way|1450394107|0|1500|
way|1496098489|0;50|0;15000|E-REDES
way|1500096995|50;0|220000;0|REN
way|159035768|1575000||
way|172158851|50;16.7|66000|SBB
way|172176522|50;16.7|66000|
way|176207624|50;16.7|66000|
way|176207625|50;16.7|66000|
way|205830320|16.7|66000|
way|208547869|16.7|66000|
way|210139735|16.7|66000|
way|210139736|50;16.7|66000|
way|210139737|16.7|66000|SBB
way|253754977|60|400|e-distribuzione S.p.A.
way|254096358|60|400|ENEL
way|254096359|60|400|e-distribuzione S.p.A.
way|254096362|60|400|ENEL
way|254127391|60|400|ENEL
way|254302583|60|400|ENEL
way|254495617|60|400|ENEL
way|254495620|60|400|ENEL
way|254495621|60|400|ENEL
way|254495622|60|400|ENEL
way|254813054|60|400|ENEL
way|254813060|60|400|ENEL
way|254813063|60|400|ENEL
way|254991732|60|400|ENEL
way|255179525|60|400|ENEL
way|255179526|60|400|ENEL
way|255186162|60|400|ENEL
way|255353876|16.7|66000|
way|255353882|16.7|66000|
way|255353886|16.7|66000|
way|255353890|16.7|66000|
way|255353903|50;16.7|66000|SBB
way|255353920|16.7|66000|
way|255794150|60|400|ENEL
way|256298997|60|400|ENEL
way|256298999|60|400|ENEL
way|505017642|0|3600|
way|1037239026|0|320000|Terna S.p.A.
way|1037239027|0|320000|Terna S.p.A.
way|1037239032|0|320000|Terna S.p.A.
way|1335297760|0|3600|
way|136333035|0||
way|172146540|198000||
way|196029758|855000||
way|215089139|540000||
way|363371898|15000|15000|
way|426109917|60|110000|ПрАТ Рівнеобленерго
way|683525044|0|3000|PGE Energetyka Kolejowa
way|785137342|0|3000|PGE Energetyka Kolejowa
way|821493125|0|3000|PGE Energetyka Kolejowa
way|847470412|0|3000|PKP Energetyka
way|847470413|0|3000|PKP Energetyka
way|909295136|60|220|
way|909295137|60|220|
way|998132381|60||
way|1010059492|10000||
way|1010059493|10000||
way|1010059494|10000||
way|1010059495|10000||
way|1010059496|10000||
way|1010059497|10000||
way|1010059498|10000||
way|1010059499|10000||
way|1010059500|10000||
way|1010059501|10000||
way|1010059502|10000||
way|1010059503|10000||
way|1010226372|10000||
way|1010226373|10000||
way|1010226374|10000||
way|1010226375|10000||
way|1010226376|10000||
way|1010226377|10000||
way|1010226378|10000||
way|1010226379|10000||
way|1010226380|10000||
way|1068103622|50;0|15000;3000|PKP Energetyka
way|1068103623|0|3000|PKP Energetyka
way|1068103625|50;0|15000;3000|PKP Energetyka
way|1211065563|0|3000|
way|1223607604|15000||
way|1223607605|15000||
way|1223607606|15000||
way|1228481873|10000|400|
way|1228481874|10000|400|
way|1228481875|10000|400|
way|1228481876|10000|400|
way|1228481877|10000|400|
way|1228481878|10000|400|
way|1228481879|10000|400|
way|1228481884|10000|400|
way|1228481885|10000|400|
way|1228481886|10000|400|
way|1230070409|40|10000|Пинский сельский район электрических сетей
way|1230070410|40|10000|Пинский сельский район электрических сетей
way|1230070411|40|10000|Пинский сельский район электрических сетей
way|1230070412|40|10000|Пинский сельский район электрических сетей
way|1230079582|40|10000|Пинский сельский район электрических сетей
way|1230079583|40|10000|Пинский сельский район электрических сетей
way|1230079584|40|10000|Пинский сельский район электрических сетей
way|1230079590|40|10000|Пинский сельский район электрических сетей
way|1230079591|40|10000|Пинский сельский район электрических сетей
way|1230079594|40|10000|Пинский сельский район электрических сетей
way|1230079595|40|10000|Пинский сельский район электрических сетей
way|1230079596|40|10000|Пинский сельский район электрических сетей
way|1230080072|40|10000|Пинский сельский район электрических сетей
way|1233812441|0|800000|
way|1241952334|0|3000|
way|1241952335|0|3000|
way|1244854070|0|3000|
way|1244854071|0|3000|
way|1244856521|0|3000|
way|1244856522|0|3000|
way|1244856523|0|3000|
way|1245207601|0|3000|
way|1245207602|0|3000|
way|1245207603|0|3000|
way|1245207604|0|3000|
way|1245207605|0|3000|
way|1245289174|0|3000|
way|1245289175|0|3000|
way|1245308436|0|3000|
way|1245308437|0|3000|
way|1245308438|0|3000|
way|1245308439|0|3000|
way|1245308440|0|3000|
way|1245308441|0|3000|
way|1245308442|0|3000|
way|1245308443|0|3000|
way|1245461425|0|3000|
way|1245461426|0|3000|
way|1245461427|0|3000|
way|1245461428|0|3000|
way|1245461429|0|3000|
way|1245473086|0|3000|
way|1245473087|0|3000|
way|1245473088|0|3000|
way|1245473089|0|3000|
way|1245506169|0|3000|
way|1245506170|0|3000|
way|1245506171|0|3000|
way|1245506172|0|3000|
way|1245506173|0|3000|
way|1245506174|0|3000|
way|1245765720|0|3000|
way|1245765721|0|3000|
way|1245765722|0|3000|
way|1245765723|0|3000|
way|1245874050|0|3000|
way|1245874051|0|3000|
way|1246060250|0|3000|
way|1246060251|0|3000|
way|1246060252|0|3000|
way|1246060253|0|3000|
way|1246060254|0|3000|
way|1246060255|0|3000|
way|1246060256|0|3000|
way|1246060257|0|3000|
way|1246060258|0|3000|
way|1246060259|0|3000|
way|1246060260|0|3000|
way|1246060261|0|3000|
way|1246060262|0|3000|
way|1254383576|0|3000|PGE Energetyka Kolejowa
way|1254383577|0|3000|PGE Energetyka Kolejowa
way|1254383578|0|3000|PGE Energetyka Kolejowa
way|1266774296|0|3000|PGE Energetyka Kolejowa
way|1267245050|0|3000|PGE Energetyka Kolejowa
way|1267934720|0|3000|PGE Energetyka Kolejowa
way|1268201351|0|3000|PGE Energetyka Kolejowa
way|1268201352|0|3000|PGE Energetyka Kolejowa
way|1268201353|0|3000|PGE Energetyka Kolejowa
way|1268201354|0|3000|PGE Energetyka Kolejowa
way|1273480534|0|600|
way|1273480535|0|600|
way|1273480536|0|600|
way|1279912064|0|3000|PGE Energetyka Kolejowa
way|1280957515|0|3000|PGE Energetyka Kolejowa
way|1288434636|50;0|15000;3000|PGE Energetyka Kolejowa
way|1288434639|0|3000|PGE Energetyka Kolejowa
way|1288434642|0|3000|PGE Energetyka Kolejowa
way|1300879000|0|3000|PGE Energetyka Kolejowa
way|1300879001|0|3000|PGE Energetyka Kolejowa
way|1300879002|0|3000|PGE Energetyka Kolejowa
way|1300879004|0|3000|PGE Energetyka Kolejowa
way|1300879005|0|3000|PGE Energetyka Kolejowa
way|1307520656|0|600|ZDMK
way|1318782086|0|0|Tauron
way|1322371243|0|3000|PGE Energetyka Kolejowa
way|1337745143|20|400|Пинский городской район электрических сетей
way|1337745144|20|400|Пинский городской район электрических сетей
way|1344552694|25|110000|
way|1344552695|25|110000|
way|1344552696|25|110000|
way|1344552698|25|110000|
way|1353998026|30|10000|
way|1353998027|30|10000|
way|1354151638|30|10000|
way|1354151639|30|10000|
way|1354151640|30|10000|
way|1354151641|30|10000|
way|1354151642|30|10000|
way|1366675944|0|3000|PGE Energetyka Kolejowa
way|1380095120|0|3000|
way|1381960413|0|660|
way|1384788802|0|3000|PGE Energetyka Kolejowa
way|1408904388|60||PGE
way|1408904389|60||PGE
way|1408904390|60||PGE
way|1408904391|60||PGE
way|1420231521|0|3000|PGE Energetyka Kolejowa
way|1424844817|40|10000|Пинский сельский район электрических сетей
way|1424844820|40|10000|Пинский сельский район электрических сетей
way|1450749580|15000||
way|1460285828|0|3000|PGE Energetyka Kolejowa
way|1472211958|0|600|
way|1476746661|0|600|
way|1478775368|0|600|
way|1484481824|15000|50|
way|1513800003|0|600|
way|1513800004|0|600|
way|178234886|0|450000|
way|188541752|225000||
way|188541754|225000||
way|203937575|0|450000|
way|265086462|0|450000|
way|1090768385|60|380|Минскэнерго
way|1517228392|50;|400|
way|27998424|16.7|110000|DB Energie
way|34839172|16.7|110000|DB Energie
way|56153473|50|110000|Netze BW GmbH;DB Energie GmbH
way|88695051|50|110000|DB Energie GmbH
way|101346698||220000;132000;132000|Swissgrid;SBB
way|141333192||0|SBB
way|146385912||0|DB Energie
way|170982775|50|110000|DB Energie
way|174080481|16.7|110000|DB Energie
way|288174058|50|110000|DB Energie
way|288278662|50|110000|DB Energie
way|288278664|50|110000|DB Energie
way|318097099|50|110000|DB Energie
way|318097103|50|110000|DB Energie
way|345609777|50|15000|DB Energie
way|345609780|50|15000|DB Energie
way|395552398|16.7|110000|DB Energie GmbH
way|395552399|16.7|110000|DB Energie GmbH
way|492289409||15000|DB Energie GmbH
way|669526540||25000|CFF
way|669526541||25000|CFF
way|669526551|50|25000|CFF
way|669526552|50|25000|CFF
way|669526553|50|25000|CFF
way|826308911|50|110000|DB Energie
way|826308912|50|110000|DB Energie
way|1096519260|50|110000|DB Energie
way|1096519261|50|110000|DB Energie
way|1105061673||66000|SBB
way|1419195249|||DB Energie
way|1419223132|||DB Energie
way|1420512433|||DB Energie
way|1465252270|16.7|110000|DB Energie
way|1546017007|16.7|110000|DB Energie
way|1546017008|16.7|110000|DB Energie
way|1546017009|16.7|110000|DB Energie
way|1546017010|16.7|110000|DB Energie
way|30927467|50|30000|DB Energie GmbH
way|30927505|50|30000|DB Energie GmbH
way|83173906|50|30000|DB Energie GmbH
way|83173907|50|30000|DB Energie GmbH
way|83173908|50|30000|DB Energie GmbH
way|143485220|50|30000|DB Energie GmbH
way|143485221|50|30000|DB Energie GmbH
way|220314616|50|110000|DB Energie GmbH
way|220314618|50|110000|DB Energie GmbH
way|319385392|50|30000|DB Energie GmbH
way|319483827|50|30000|DB Energie GmbH
way|319556025|50|30000|DB Energie
way|320254724|50|30000|DB Energie GmbH
way|320458777|50|30000|DB Energie
way|320458778|50|30000|DB Energie GmbH
way|320458780|50|30000|DB Energie GmbH
way|320491487|50|30000|DB Energie
way|320491489|50|30000|DB Energie
way|320505045|50|30000|DB Energie GmbH
way|320505047|50|30000|DB Energie
way|320505051|50|30000|DB Energie
way|320505053|50|30000|DB Energie GmbH
way|320510457|50|30000|DB Energie GmbH
way|320593771|50|30000|DB Energie
way|320752664|50|30000|DB Energie GmbH
way|320926899|50|30000|DB Energie GmbH
way|320926900|50|30000|DB Energie
way|320926901|50|30000|DB Energie GmbH
way|320926902|50|30000|DB Energie GmbH
way|320926903|50|30000|DB Energie GmbH
way|321007042|50|30000|DB Energie
way|321007043|50|30000|DB Energie
way|321007044|50|30000|DB Energie GmbH
way|321007046|50|30000|DB Energie GmbH
way|321020604|50|30000|DB Energie
way|325411480|50|30000|DB Energie
way|354585911|50|30000|DB Energie
way|365344177||15000|DB Energie GmbH
way|365344178||15000|DB Energie GmbH
way|365344179||15000|DB Energie GmbH
way|377804094|50|110000|DB Energie
way|379326024|50|110000|DB Energie
way|379326025|50|110000|DB Energie
way|736462279|50|30000|DB Energie GmbH
way|821269261|50|110000|DB Energie GmbH
way|821651691|||DB Energie
way|821682682|50|110000|DB Energie
way|821682683|50||DB Energie
way|821682685|50|110000|DB Energie GmbH
way|821714125|||DB Energie GmbH
way|837268420|50|110000|DB Energie GmbH
way|837268421|50|110000|DB Energie GmbH
way|837268423|50|110000|DB Energie GmbH
way|837268424|50|110000|DB Energie GmbH
way|837268425|50|110000|DB Energie GmbH
way|837268441|50|medium|DB Energie GmbH
way|886214416|50|30000|DB Energie GmbH
way|886214417|50|30000|DB Energie GmbH
way|886214418|50|30000|DB Energie GmbH
way|886214419|50|30000|DB Energie GmbH
way|886214420|50|30000|DB Energie GmbH
way|886214421|50|30000|DB Energie GmbH
way|886214423|50|30000|DB Energie GmbH
way|886214424|50|30000|DB Energie GmbH
way|886214425|50|30000|DB Energie
way|886214426|50|30000|DB Energie GmbH
way|886214427|50|30000|DB Energie GmbH
way|886214428|50|30000|DB Energie GmbH
way|886214429|50|30000|DB Energie GmbH
way|886214430|50|30000|DB Energie GmbH
way|1031124773|50|30000|DB Energie GmbH
way|1061221380|50|110000|DB Energie GmbH
way|1061221381|50|110000|DB Energie GmbH
way|1061221382|50|110000|DB Energie GmbH
way|1061221383|50|110000|DB Energie GmbH
way|1061221384|50|110000|DB Energie GmbH
way|1061221385|50|110000|DB Energie GmbH
way|1238820266|50|30000|DB Energie
way|1238820267|50|30000|DB Energie
way|1238820268|50|30000|DB Energie
way|1263455717||110000|DB Energie
way|1263455718||110000|DB Energie
way|1263455719||110000|DB Energie
way|1287337372|50|110000|DB Energie
way|1287337373|50|110000|DB Energie
way|1287337374|50|110000|DB Energie
way|1287337375|50|110000|DB Energie
way|1287337376|50|110000|DB Energie
way|1350373477|50|110000|DB Energie
way|1350373478|50|110000|DB Energie
way|1382195162|50|110000|DB Energie
way|1382195163|50|110000|DB Energie
way|1382195164|50|110000|DB Energie
way|1382195167|50|110000|DB Energie
way|1382195172|50||DB Energie
way|1382195173|50||DB Energie
way|1382195174|50||DB Energie
way|1382195175|50||DB Energie
way|1467285782|50|110000|DB Energie GmbH
way|1467285783|50|110000|DB Energie GmbH
way|1467285784|50|110000|DB Energie GmbH
way|26980003||110000|DB Energie
way|30095655|50|20000|DB Energie GmbH
way|33128875||110000|DB Energie GmbH
way|33128876||110000|DB Energie GmbH
way|39135617||110000;110000|Bayernwerk;DB Energie
way|39271826||110000|DB Energie
way|41221147||110000|DB Energie GmbH
way|41507029|50|380000|DB Energie GmbH;EnBW
way|43087775|50|110000|DB Energie
way|171147439|50|380000|DB Energie
way|171147450|50|380000|DB Energie
way|173220582||132000|SBB
way|199292473|50|110000|DB Energie GmbH
way|225466645||132000|SBB
way|318144968|50|380000|DB Energie
way|318144969|50|380000|DB Energie GmbH
way|318144970|50|380000|DB Energie
way|318619666|50|110000|ÖBB-Infrastruktur AG
way|347720862||110000|ÖBB-Infrastruktur AG
way|347722402||110000|ÖBB-Infrastruktur AG
way|593100929||20000|ÖBB
way|603139180||15000|ÖBB-Infrastruktur AG
way|603139182||15000|ÖBB-Infrastruktur AG
way|603139183||15000|ÖBB-Infrastruktur AG
way|603139184||15000|ÖBB-Infrastruktur AG
way|603139185||15000|ÖBB-Infrastruktur AG
way|603139194||15000|ÖBB-Infrastruktur AG
way|603730292||15000|ÖBB
way|603730295||15000|ÖBB
way|908490382||110000|DB Energie GmbH
way|908490383||110000|DB Energie
way|908490384||110000|DB Energie
way|908490385||110000|DB Energie
way|908495840||110000|DB Energie
way|908495841||110000|DB Energie GmbH
way|908495842||110000|DB Energie GmbH
way|1075342504||110000|DB Energie GmbH
way|1075342506||110000|DB Energie GmbH
way|1082367556|50|110000|DB Energie GmbH
way|1082367557|50|110000|DB Energie GmbH
way|1082367558|50|110000|DB Energie GmbH
way|1082367559|50|110000|DB Energie GmbH
way|1082367560|50|110000|DB Energie GmbH
way|1243171762|||ÖBB-Infrastruktur AG
way|1350432954|50|110000|ÖBB-Infrastruktur AG
way|1466968588||110000|DB Energie GmbH
way|1547876903||110000|DB Energie GmbH
way|549619934||66000|Bane NOR
way|683260388||66000|Bane NOR
way|683260389||66000|Bane NOR
way|1050539066||66000|Bane NOR
way|1050539067||66000|Bane NOR
way|254453321|16.7|132000|
way|254453322|16.7|132000|
way|448538704|0|1500|
way|448538709|0|1500|
way|640401811|0|320000|RTE
way|669014489|0|320000|RTE
way|669014499|0|320000|RTE
way|669014500|0|320000|RTE
way|669014501|0|320000|RTE
way|849010781|0|320000|RTE
way|920251843|0|320000|RTE
way|920251844|0|320000|RTE
way|1037239028|0|320000|Terna S.p.A.
way|1037239029|0|320000|Terna S.p.A.
way|1037239030|0|320000|Terna S.p.A.
way|1037239031|0|320000|Terna S.p.A.
way|1037239033|0|320000|Terna S.p.A.
way|1037239034|0|320000|Terna S.p.A.
way|1044586991|0|320000|RTE
way|1044586992|0|320000|RTE
way|1081626740|0|320000|RTE
way|1112774276|0|320000|RTE
way|1138717749|162000||
way|1138717750|162000||
way|1232535124|60|230|Enedis
way|1232535125|60|230|Enedis
way|1258708915|60|400|SRD
way|1362627136|60|400|SRD
way|1427573033|400|20000|Enedis
way|1427573034|400|20000|Enedis
way|1427573035|400|20000|Enedis
