{
"type": "FeatureCollection",
"name": "review_partial_coverage",
"crs": { "type": "name", "properties": { "name": "urn:ogc:def:crs:OGC:1.3:CRS84" } },
"features": [
{ "type": "Feature", "properties": { "objectid": 638469, "eier": "STATNETT SF", "eierorgnr": 962986633, "st_length(shape)": 49434.52864280036, "objekttype": "EL_Luftlinje", "nvenetbasid": null, "komponentkodesystem": null, "nvenettnivaa": "1", "sosinettnivaa": "Sentralnett", "navn": "Aurland I - Sogndal", "spenning_kv": 300.0, "driftsattaar": null, "nveopprettetdato": null, "nveendretdato": null, "kildeendretdato": 1724774505000, "malemetode": 99.0, "noyaktighet": null, "globalid": "{315CAD1E-7F92-433B-9791-0333FE76B799}", "nve_layer": "transmisjon_luft", "voltage_kv": 300.0, "geod_km": 49.346587971789006, "osm_covered_frac": 0.70283975659229214 }, "geometry": { "type": "LineString", "coordinates": [ [ 7.301815524202505, 60.865619325699193 ], [ 7.300079319838668, 60.872218407752477 ], [ 7.300523001964549, 60.878281934668955 ], [ 7.300376533694913, 60.879864843225569 ], [ 7.299211404011572, 60.886297283617075 ], [ 7.298705498741022, 60.889059778710504 ], [ 7.298356930198653, 60.890989020787728 ], [ 7.300711912248615, 60.894901941782422 ], [ 7.302988132638891, 60.898676755314625 ], [ 7.304571637415067, 60.901307661876565 ], [ 7.30651466080689, 60.904531061769532 ], [ 7.308058271502283, 60.907109454409586 ], [ 7.311965978593316, 60.909990535402208 ], [ 7.31524838986285, 60.912410050408482 ], [ 7.318801442550084, 60.915035340671984 ], [ 7.322466254167636, 60.917737107102717 ], [ 7.325262472502446, 60.919797269684054 ], [ 7.32867832177462, 60.922318204687045 ], [ 7.331624483663181, 60.924493421660124 ], [ 7.335349291664828, 60.927235442895913 ], [ 7.338997158943635, 60.929925574075384 ], [ 7.34248015368057, 60.932493303687224 ], [ 7.345891774670285, 60.935009482456593 ], [ 7.34955667932711, 60.937705191733642 ], [ 7.349967091665476, 60.941138373696354 ], [ 7.35037303542946, 60.944571116602511 ], [ 7.350762234639701, 60.947989729731198 ], [ 7.350426971370791, 60.950690780906584 ], [ 7.350047816388449, 60.953531043597735 ], [ 7.349176182557965, 60.956884521154194 ], [ 7.348246558792433, 60.960429538219216 ], [ 7.347376901526534, 60.963713133551678 ], [ 7.344848498159496, 60.966260608761566 ], [ 7.341254964229545, 60.969874339754455 ], [ 7.337281319940935, 60.973867706165883 ], [ 7.335344596529123, 60.97581914417291 ], [ 7.330517710299932, 60.977088501980049 ], [ 7.32629654501824, 60.978199420571897 ], [ 7.321407920575813, 60.979485061316666 ], [ 7.314637406295666, 60.981264094406463 ], [ 7.309054488043554, 60.982732788928459 ], [ 7.302286087156473, 60.984512185969606 ], [ 7.297833564550888, 60.985681261759375 ], [ 7.293122736732729, 60.986925025674658 ], [ 7.287731383497657, 60.988588592901309 ], [ 7.279231785777064, 60.99117795790837 ], [ 7.276961949466394, 60.991656087125349 ], [ 7.270825052756444, 60.992949507265728 ], [ 7.264773451419229, 60.994224581852116 ], [ 7.258701735580606, 60.995498421470437 ], [ 7.254593873165878, 60.996886099834164 ], [ 7.248551631854429, 60.998916173653946 ], [ 7.24285737400202, 61.000827109197331 ], [ 7.238309253963394, 61.002353526797599 ], [ 7.232346595648848, 61.004355351620184 ], [ 7.228487229589778, 61.005646646248834 ], [ 7.224011685197799, 61.006059258309129 ], [ 7.219404603798375, 61.006479431294579 ], [ 7.213746927926952, 61.006994810214493 ], [ 7.207524454685993, 61.007562760779216 ], [ 7.200758062424829, 61.008171428589755 ], [ 7.194600374363092, 61.009408610257331 ], [ 7.188842416997526, 61.010556750929716 ], [ 7.181887950911282, 61.011942586311505 ], [ 7.176041878043118, 61.013110611462999 ], [ 7.169418999658275, 61.014426404006514 ], [ 7.16372486364193, 61.015562377187997 ], [ 7.158349371697515, 61.016632932642992 ], [ 7.152579814319646, 61.017779303355496 ], [ 7.146222555502257, 61.019041805558899 ], [ 7.142706052530176, 61.019743299238307 ], [ 7.138894765578919, 61.021652331962123 ], [ 7.134750920409703, 61.023726120445325 ], [ 7.131103245240952, 61.02555288811822 ], [ 7.128247866679967, 61.026981039019368 ], [ 7.124361418086613, 61.028925203825331 ], [ 7.11979534025618, 61.031212129547356 ], [ 7.116016700033592, 61.033103053652596 ], [ 7.109742073304046, 61.036244959744778 ], [ 7.105100009053956, 61.038564091537218 ], [ 7.100886870918298, 61.040672103339141 ], [ 7.097464490559919, 61.042382161871465 ], [ 7.095634106087401, 61.044905673800493 ], [ 7.093658822009425, 61.047621415607814 ], [ 7.09218524840511, 61.049653827255995 ], [ 7.091174333796868, 61.0510466369158 ], [ 7.0893885151812, 61.053507672028267 ], [ 7.088114561916565, 61.056278790709044 ], [ 7.086993100038098, 61.058709132059036 ], [ 7.085395832827261, 61.062188510393106 ], [ 7.084190156875751, 61.06481222797035 ], [ 7.082709362432978, 61.068024683792196 ], [ 7.081627733521196, 61.070375881053685 ], [ 7.080130610549132, 61.073625089498876 ], [ 7.078493846641585, 61.077174948813173 ], [ 7.077099150913328, 61.080198548537417 ], [ 7.075489084013777, 61.083679319177058 ], [ 7.074930747202403, 61.084891784962466 ], [ 7.073840487107929, 61.087259062878566 ], [ 7.072072986390041, 61.091094025321375 ], [ 7.070004883430473, 61.095564765242102 ], [ 7.068927363396513, 61.097900306764949 ], [ 7.06774521068515, 61.100460957988773 ], [ 7.066268512159502, 61.103656662017386 ], [ 7.065872731830246, 61.104514320552255 ], [ 7.065492808775926, 61.105704644457219 ], [ 7.061588343208123, 61.115765768776491 ], [ 7.057681150132617, 61.125826735033577 ], [ 7.053771226705136, 61.13588754308627 ], [ 7.049858570077483, 61.145948192792076 ], [ 7.049795493978907, 61.146941120902454 ], [ 7.051402631687699, 61.150185461275775 ], [ 7.053104513856954, 61.153641846253869 ], [ 7.057252657859175, 61.156752286706066 ], [ 7.060105203784789, 61.158900453674903 ], [ 7.062799157060408, 61.160917088547407 ], [ 7.062363569832218, 61.162917791479877 ], [ 7.06205418109468, 61.164318696996595 ], [ 7.061601292251323, 61.166413226912702 ], [ 7.061097579231062, 61.168721703991842 ], [ 7.060552940282871, 61.171217459353414 ], [ 7.060077503973884, 61.173428972938382 ], [ 7.057297170030774, 61.175181117624206 ], [ 7.05464913485654, 61.17685529762398 ], [ 7.050928180426196, 61.179205077044408 ], [ 7.045799996901556, 61.180469890690681 ], [ 7.044057017764668, 61.181166252530055 ], [ 7.019016313510915, 61.187380890575014 ], [ 7.01807507174041, 61.187966704255842 ], [ 7.018224207212397, 61.188689562237215 ], [ 7.018351617003462, 61.189307085805787 ], [ 7.01873366491651, 61.192337812809107 ], [ 7.019323442332837, 61.196977708796538 ], [ 7.019734575282641, 61.200241459300841 ], [ 7.021151604540695, 61.204326606638979 ], [ 7.021491260171803, 61.205301110026227 ], [ 7.022208318905908, 61.207402611796262 ], [ 7.022797890258727, 61.210042348173346 ], [ 7.023594688591041, 61.214948436635112 ], [ 7.023710478549694, 61.215661237437239 ] ] } },
{ "type": "Feature", "properties": { "objectid": 1661887, "eier": "STATNETT SF", "eierorgnr": 962986633, "st_length(shape)": 53157.183886733481, "objekttype": "EL_Luftlinje", "nvenetbasid": null, "komponentkodesystem": null, "nvenettnivaa": "1", "sosinettnivaa": "Sentralnett", "navn": "Ertsmyra - Vollesfjord", "spenning_kv": 525.0, "driftsattaar": null, "nveopprettetdato": null, "nveendretdato": null, "kildeendretdato": 1724774505000, "malemetode": 99.0, "noyaktighet": null, "globalid": "{C909E295-22F9-4BFF-9B61-BC4B46D3396F}", "nve_layer": "transmisjon_luft", "voltage_kv": 525.0, "geod_km": 53.029871440436153, "osm_covered_frac": 0.82075471698113212 }, "geometry": { "type": "LineString", "coordinates": [ [ 6.754537517720281, 58.668034228437897 ], [ 6.754841221080143, 58.665972476591087 ], [ 6.752412964641307, 58.661611338887766 ], [ 6.750287588726615, 58.659161362747341 ], [ 6.748168255854601, 58.656718182363313 ], [ 6.747443678423055, 58.655882663942549 ], [ 6.747019323664033, 58.655393316164783 ], [ 6.74584373098557, 58.654037737273107 ], [ 6.743695944539612, 58.651560701917973 ], [ 6.741466495462203, 58.648989103729392 ], [ 6.739935689715804, 58.64722313841974 ], [ 6.737065937508357, 58.643912240702022 ], [ 6.734100914145556, 58.640490365517898 ], [ 6.732972477128115, 58.638108984252533 ], [ 6.732527209047763, 58.636028650577444 ], [ 6.732268212260619, 58.634818503556048 ], [ 6.733317280571131, 58.632794518863889 ], [ 6.734572357316198, 58.630371867564207 ], [ 6.736293170581675, 58.627152045347927 ], [ 6.737370104993573, 58.625524448698499 ], [ 6.739214276706711, 58.622736956105875 ], [ 6.740703001224587, 58.620486530947581 ], [ 6.742442987397379, 58.617855451324473 ], [ 6.743608533207106, 58.615242870065501 ], [ 6.751734284886016, 58.606992632167433 ], [ 6.754218337594491, 58.604469596638694 ], [ 6.755789719268747, 58.599723949336841 ], [ 6.756890702428237, 58.596400470109096 ], [ 6.757968096363389, 58.593007922664462 ], [ 6.759542856210489, 58.588047441509318 ], [ 6.760263536412653, 58.585776356674842 ], [ 6.760865543146701, 58.583878959658492 ], [ 6.761723930965614, 58.581173474913214 ], [ 6.762490375367924, 58.578770433133627 ], [ 6.76295708388119, 58.57656197078709 ], [ 6.763768903361201, 58.572687778545138 ], [ 6.764386637284526, 58.56973830854897 ], [ 6.764903739118316, 58.567269445090851 ], [ 6.765493476977495, 58.564447246080988 ], [ 6.766050556462112, 58.56178608978675 ], [ 6.768198509634476, 58.55642376222638 ], [ 6.76913013357141, 58.554063989785341 ], [ 6.770393501145451, 58.550863930894224 ], [ 6.77140673841082, 58.5482943765874 ], [ 6.77339564308646, 58.543254597682015 ], [ 6.774580928881474, 58.540249589134604 ], [ 6.775717034613693, 58.537368683205294 ], [ 6.776152368946352, 58.536265148371093 ], [ 6.777243140628874, 58.533498404633718 ], [ 6.777892236421554, 58.531852347390149 ], [ 6.778639031810505, 58.529957506763736 ], [ 6.780823561385981, 58.524426389538945 ], [ 6.781797984096277, 58.521951069913897 ], [ 6.782731051588813, 58.520048411999561 ], [ 6.784027046582455, 58.517944339578676 ], [ 6.7860645234443, 58.514643668901286 ], [ 6.788658490888797, 58.510441894126615 ], [ 6.79047514231957, 58.507496829353343 ], [ 6.792354270223826, 58.504449411075534 ], [ 6.795312238273495, 58.499743257813627 ], [ 6.79758770894183, 58.496122431157133 ], [ 6.800375183347476, 58.492915922589717 ], [ 6.804050111176132, 58.488768488970003 ], [ 6.806595093402, 58.485896643608605 ], [ 6.809733347806441, 58.482353232563753 ], [ 6.81154657384103, 58.480305821472157 ], [ 6.812657265586417, 58.479051711218148 ], [ 6.816846294139603, 58.474852231949924 ], [ 6.817886799874346, 58.473959323517924 ], [ 6.820762270049375, 58.471132449044831 ], [ 6.824082041621281, 58.467986249140992 ], [ 6.824669836783999, 58.467429371955831 ], [ 6.825738251127365, 58.466417099823659 ], [ 6.829552470399751, 58.462801829263512 ], [ 6.833900226425175, 58.458680091637071 ], [ 6.837168369550149, 58.455581025163895 ], [ 6.841339438544492, 58.451637067299913 ], [ 6.846035188712983, 58.447195759412025 ], [ 6.850272086329801, 58.440449848709498 ], [ 6.851846192844071, 58.437942959152174 ], [ 6.852732521763368, 58.436530807553439 ], [ 6.854214501936491, 58.434170292231315 ], [ 6.856295759654454, 58.430319100376629 ], [ 6.859942284727969, 58.423569131961663 ], [ 6.861370357260529, 58.42092467341002 ], [ 6.862528172600174, 58.418794033573391 ], [ 6.863406686197115, 58.416471389353063 ], [ 6.864172175088847, 58.414427736914227 ], [ 6.865150048500896, 58.411816979128936 ], [ 6.865779523766226, 58.410136223798354 ], [ 6.867630450621121, 58.405192896067788 ], [ 6.869489890642271, 58.400225432475963 ], [ 6.869986365728812, 58.398848874323775 ], [ 6.87224427157343, 58.392588574109404 ], [ 6.872972493691404, 58.390568577320153 ], [ 6.874153349951034, 58.38728513722176 ], [ 6.875212124526995, 58.383127033759521 ], [ 6.875777191784906, 58.38091363957998 ], [ 6.876537272841474, 58.377935138333704 ], [ 6.877211782672459, 58.375294534644254 ], [ 6.87862831888122, 58.369745148278966 ], [ 6.880067887960945, 58.363961558326892 ], [ 6.880620843685993, 58.361738973441845 ], [ 6.88136958278841, 58.358731348861177 ], [ 6.882425325388136, 58.354489123293412 ], [ 6.883451025441095, 58.350364903896498 ], [ 6.881416163034616, 58.345349684084887 ], [ 6.880106103792086, 58.342039726455944 ], [ 6.878627336900893, 58.33830402924962 ], [ 6.873436525495916, 58.335986582693423 ], [ 6.866838020823421, 58.334311937856718 ], [ 6.861421004669839, 58.332936891864634 ], [ 6.856767450164334, 58.331640478499175 ], [ 6.853053693536543, 58.33060571193257 ], [ 6.847284147724481, 58.328796031315456 ], [ 6.842378193165921, 58.327256832458175 ], [ 6.838652062847098, 58.326729947677222 ], [ 6.834362990229478, 58.325528313276465 ], [ 6.820582515026743, 58.320259696912359 ], [ 6.815916274881059, 58.316672183757497 ], [ 6.815621019843419, 58.316445155251664 ], [ 6.811961395937812, 58.313776853437417 ], [ 6.80825393916146, 58.311072856982378 ], [ 6.80480789961982, 58.30855936280679 ], [ 6.803090887376833, 58.30730668315875 ], [ 6.796823832352662, 58.302733696534403 ], [ 6.793284410938872, 58.300177630197446 ], [ 6.7907003304093, 58.298244084608406 ], [ 6.7876724997594, 58.296311981285029 ], [ 6.784139018607505, 58.293987943005227 ], [ 6.780160286336019, 58.291262671309845 ], [ 6.774860342608282, 58.287572822780682 ], [ 6.766354152662291, 58.281476155720362 ], [ 6.762539962887565, 58.278741471807244 ], [ 6.760866503328998, 58.27754143669496 ], [ 6.758182929103853, 58.277105264878045 ], [ 6.750452543985128, 58.275848444507929 ], [ 6.746261174910313, 58.275197622661899 ], [ 6.735041169856094, 58.273454451505621 ], [ 6.72609252924587, 58.272154399594015 ], [ 6.725632025777572, 58.272087478604981 ], [ 6.723517650030187, 58.271780190613875 ], [ 6.719385612440477, 58.271179412125541 ], [ 6.713351325317863, 58.270302016812458 ], [ 6.710902529950952, 58.269945906520917 ], [ 6.703576577374741, 58.269101813403559 ], [ 6.699353288337023, 58.268614964966403 ], [ 6.692520621709924, 58.267827260929216 ], [ 6.684176682868449, 58.266953075542219 ] ] } },
{ "type": "Feature", "properties": { "objectid": 1711702, "eier": "LINJA AS", "eierorgnr": 984882114, "st_length(shape)": 8702.9147848748198, "objekttype": "EL_Luftlinje", "nvenetbasid": 7195.0, "komponentkodesystem": "NVE NetBAS", "nvenettnivaa": "1", "sosinettnivaa": null, "navn": "M 132 MOSKOG - HØYANGER (MIDLERTIDIG)", "spenning_kv": 132.0, "driftsattaar": 1966.0, "nveopprettetdato": 1301875200000.0, "nveendretdato": null, "kildeendretdato": 1535587200000, "malemetode": null, "noyaktighet": null, "globalid": "{184BA3FF-73BC-4CED-B16D-9FAFEB791D1F}", "nve_layer": "transmisjon_luft", "voltage_kv": 132.0, "geod_km": 8.68227767445428, "osm_covered_frac": 0.68390804597701149 }, "geometry": { "type": "MultiLineString", "coordinates": [ [ [ 6.173922812686567, 61.267045407445984 ], [ 6.173362599495895, 61.266749764535369 ], [ 6.15138761022811, 61.255205930070382 ], [ 6.147471449264066, 61.253147469834765 ], [ 6.125125284629116, 61.249418724889992 ], [ 6.122853700054759, 61.249144745912176 ], [ 6.119051723084605, 61.248686088759065 ], [ 6.090379207971174, 61.245223287942714 ], [ 6.087993983230591, 61.24344182029197 ], [ 6.087867020184918, 61.243346988825017 ], [ 6.072436449942338, 61.231816486283925 ], [ 6.069284444365743, 61.229459933266284 ], [ 6.067822873508297, 61.228367069573224 ], [ 6.067777224457131, 61.228332934194277 ], [ 6.067556189780817, 61.228167651140225 ], [ 6.066308010896387, 61.225694645891949 ], [ 6.066234833410404, 61.225549650101335 ], [ 6.06541397461312, 61.223923073679899 ], [ 6.066253057276873, 61.222101229458552 ], [ 6.06626959752681, 61.222065313552903 ], [ 6.066270001805985, 61.222065151537493 ], [ 6.066285137003356, 61.222059095516911 ], [ 6.067979817511062, 61.22138098485366 ] ], [ [ 6.066634972936468, 61.220133736835209 ], [ 6.064165555799474, 61.219068143470523 ], [ 6.063886504778891, 61.218772003776422 ], [ 6.064630617532361, 61.218000240846564 ] ] ] } },
{ "type": "Feature", "properties": { "objectid": 1712133, "eier": "LINJA AS", "eierorgnr": 984882114, "st_length(shape)": 23200.605141755936, "objekttype": "EL_Luftlinje", "nvenetbasid": 78321.0, "komponentkodesystem": "NVE NetBAS", "nvenettnivaa": "1", "sosinettnivaa": null, "navn": "132 LUNDEN-LEIVDAL", "spenning_kv": 145.0, "driftsattaar": 1966.0, "nveopprettetdato": 1625788800000.0, "nveendretdato": null, "kildeendretdato": 1594944000000, "malemetode": null, "noyaktighet": null, "globalid": "{57B5CF81-FF8D-4C79-9B7B-267BDDF3D7C4}", "nve_layer": "transmisjon_luft", "voltage_kv": 145.0, "geod_km": 23.145883135880009, "osm_covered_frac": 0.50322580645161286 }, "geometry": { "type": "MultiLineString", "coordinates": [ [ [ 6.004320735904186, 61.90954569763322 ], [ 6.006730747538576, 61.913225729103949 ], [ 6.016393645086858, 61.915978638048252 ], [ 6.018276996888351, 61.916515060486553 ], [ 6.020637347277673, 61.917187281230014 ], [ 6.031593300598755, 61.917966623924677 ], [ 6.032532195163063, 61.918033368934609 ], [ 6.038469783510343, 61.919353429877845 ], [ 6.058760230252901, 61.9198751970372 ], [ 6.069743513759672, 61.920664313007691 ], [ 6.077987231285508, 61.922888644862113 ], [ 6.080348191507391, 61.923552322797789 ], [ 6.091335866674306, 61.926556006517472 ], [ 6.098630461603606, 61.928528116267707 ], [ 6.115524272055237, 61.931231837432691 ], [ 6.121755028324328, 61.933149296026933 ], [ 6.122182486590408, 61.933189824196745 ], [ 6.123674815675949, 61.933331303278791 ] ], [ [ 5.80347745559748, 61.841861603356833 ], [ 5.806754801453406, 61.841580071642653 ], [ 5.810474304489031, 61.841784235877292 ], [ 5.81377629847278, 61.841987503211953 ], [ 5.820830413159308, 61.843103573587072 ], [ 5.821964167748786, 61.843416572223866 ], [ 5.823577801303837, 61.843862026391619 ], [ 5.825740018804442, 61.844386116203445 ], [ 5.828088610011118, 61.844955321908259 ], [ 5.834533495008023, 61.846455498478534 ], [ 5.835557241985714, 61.846699484225731 ], [ 5.838532924801405, 61.847475912857945 ], [ 5.845565188908121, 61.849353393007611 ], [ 5.847802051745047, 61.849958016658896 ], [ 5.850133999801288, 61.850544840323202 ], [ 5.853025190408739, 61.850914906236341 ], [ 5.853113101159827, 61.85092615731147 ], [ 5.853224901973721, 61.850938596706321 ], [ 5.856301315010636, 61.851280843246819 ], [ 5.856463328957919, 61.851321670051348 ], [ 5.856623666022646, 61.851362073189939 ], [ 5.856491125620067, 61.851299023244756 ], [ 5.856463328957919, 61.851321670051348 ], [ 5.856461448862881, 61.851323202138786 ], [ 5.856460957437239, 61.851323602259981 ], [ 5.856433857074058, 61.851345682759366 ], [ 5.856412014424471, 61.851363478577952 ], [ 5.846120814091765, 61.859745395805717 ], [ 5.83633761703444, 61.867689339172429 ], [ 5.836338099121144, 61.867684662746221 ], [ 5.836378370203136, 61.867294516859239 ], [ 5.83631843224207, 61.867698241982147 ], [ 5.836315947521586, 61.867702644639657 ], [ 5.836222270657596, 61.867868616671309 ], [ 5.842368275214935, 61.869403769381748 ], [ 5.844377506074889, 61.870142719410303 ], [ 5.848675578471631, 61.872464367115818 ], [ 5.85561480843893, 61.874996198966748 ], [ 5.859392985573498, 61.875638828567823 ], [ 5.863536729124403, 61.87557293572042 ], [ 5.867168783868313, 61.875299845405308 ], [ 5.873872708866275, 61.876215296833074 ], [ 5.878260088606837, 61.87679534197968 ], [ 5.880233044061688, 61.877452961157921 ], [ 5.89408808492215, 61.883702710387347 ], [ 5.897793615135953, 61.885352957712577 ], [ 5.90771400894453, 61.889792527715144 ], [ 5.907924629282562, 61.889886763444757 ], [ 5.908437057517545, 61.890102677168549 ], [ 5.908531900333813, 61.890147664795428 ], [ 5.908588767614992, 61.890174637598541 ], [ 5.908702650020788, 61.890219603086997 ], [ 5.909310868153064, 61.890488025446828 ], [ 5.91145428269382, 61.891433928292997 ], [ 5.940668135350299, 61.89540093731862 ], [ 5.94150453582501, 61.89551828095248 ], [ 5.961066967208498, 61.898153590557357 ], [ 5.975560743212278, 61.898154014013109 ], [ 5.986761511872543, 61.899227984346126 ], [ 5.994902001215536, 61.899599752574247 ], [ 6.003267278277124, 61.90217852240005 ], [ 6.00356141076706, 61.903300701472375 ], [ 6.00434465396304, 61.9062886143995 ], [ 6.004350264373683, 61.906315777866105 ], [ 6.004649777170081, 61.907765956497123 ], [ 6.004530277080013, 61.907886831251005 ] ], [ [ 5.796709000441848, 61.84288582517582 ], [ 5.799499710129895, 61.842478263577178 ], [ 5.79988088307164, 61.842422591094682 ] ] ] } },
{ "type": "Feature", "properties": { "objectid": 117113, "eier": "GLITRE NETT AS", "eierorgnr": 982974011, "st_length(shape)": 1731.7933056562997, "objekttype": "EL_Luftlinje", "nvenetbasid": null, "komponentkodesystem": null, "nvenettnivaa": "2", "sosinettnivaa": "Regionalnett", "navn": null, "spenning_kv": 50.0, "driftsattaar": null, "nveopprettetdato": null, "nveendretdato": null, "kildeendretdato": 1710436167000, "malemetode": 99.0, "noyaktighet": null, "globalid": "{9EABF514-FA0D-43F4-99ED-309BF5D9CA63}", "nve_layer": "regionalnett_luft", "voltage_kv": 50.0, "geod_km": 1.7307918858164968, "osm_covered_frac": 0.6 }, "geometry": { "type": "MultiLineString", "coordinates": [ [ [ 9.93400489618301, 59.94649852048483 ], [ 9.933992451587647, 59.946517115797597 ], [ 9.933945450564083, 59.94662084839262 ], [ 9.933838154956016, 59.94685764547468 ], [ 9.933609699314424, 59.947361824282524 ], [ 9.933619153165148, 59.947377555827622 ], [ 9.93362046979931, 59.947379746875882 ], [ 9.933620876692842, 59.947378904234185 ] ], [ [ 9.946073870433327, 59.931782992412785 ], [ 9.943317775863081, 59.932980849862865 ], [ 9.9427959476695, 59.933207630517529 ], [ 9.942769660298408, 59.93326561967114 ], [ 9.942347583516415, 59.934196658329768 ], [ 9.941394478251258, 59.93633315045944 ], [ 9.941311083366358, 59.936547365152265 ], [ 9.941310145800845, 59.936549771754805 ], [ 9.941309927596851, 59.936550331967425 ], [ 9.940624186392418, 59.938311667027364 ], [ 9.939979337316613, 59.939993077252389 ], [ 9.939269741644109, 59.941832574840099 ], [ 9.938969955583127, 59.942071941663421 ], [ 9.938211064614643, 59.942677867724321 ], [ 9.936986183973927, 59.943655797189095 ], [ 9.935315060050895, 59.944893224289913 ] ] ] } },
{ "type": "Feature", "properties": { "objectid": 118434, "eier": "BKK AS", "eierorgnr": 976944801, "st_length(shape)": 765.53566243040382, "objekttype": "EL_Luftlinje", "nvenetbasid": null, "komponentkodesystem": null, "nvenettnivaa": "2", "sosinettnivaa": "Regionalnett", "navn": "Mongstad-Seim", "spenning_kv": 132.0, "driftsattaar": 1973.0, "nveopprettetdato": null, "nveendretdato": null, "kildeendretdato": 1710436167000, "malemetode": 99.0, "noyaktighet": null, "globalid": "{0C589A40-8144-4F9D-9F54-EB333507D1D6}", "nve_layer": "regionalnett_luft", "voltage_kv": 132.0, "geod_km": 0.7631020253368197, "osm_covered_frac": 0.8125 }, "geometry": { "type": "LineString", "coordinates": [ [ 5.037021966669707, 60.796880562416199 ], [ 5.036028984646687, 60.797486385891617 ], [ 5.034899281060735, 60.798198394076842 ], [ 5.033430862043509, 60.798819740996542 ], [ 5.0313860805492, 60.799517778718176 ], [ 5.02953506435864, 60.800164259705873 ], [ 5.027796366437332, 60.800770804988645 ], [ 5.027223174461687, 60.801092011534486 ], [ 5.026660920256644, 60.801411639974511 ] ] } },
{ "type": "Feature", "properties": { "objectid": 155256, "eier": "TENSIO TS AS", "eierorgnr": 978631029, "st_length(shape)": 81.677945912962244, "objekttype": "EL_Luftlinje", "nvenetbasid": null, "komponentkodesystem": null, "nvenettnivaa": "2", "sosinettnivaa": "Regionalnett", "navn": null, "spenning_kv": 132.0, "driftsattaar": null, "nveopprettetdato": null, "nveendretdato": null, "kildeendretdato": 1710436167000, "malemetode": 99.0, "noyaktighet": null, "globalid": "{3DCAF667-E135-4007-987A-87900308A1F5}", "nve_layer": "regionalnett_luft", "voltage_kv": 132.0, "geod_km": 0.081679051402293118, "osm_covered_frac": 0.5 }, "geometry": { "type": "LineString", "coordinates": [ [ 11.485474015620769, 63.051193213956367 ], [ 11.485765273257607, 63.051913988830499 ] ] } },
{ "type": "Feature", "properties": { "objectid": 187806, "eier": "FAGNE AS", "eierorgnr": 915635857, "st_length(shape)": 25958.484132394184, "objekttype": "EL_Luftlinje", "nvenetbasid": null, "komponentkodesystem": null, "nvenettnivaa": "2", "sosinettnivaa": "Regionalnett", "navn": null, "spenning_kv": 66.0, "driftsattaar": null, "nveopprettetdato": null, "nveendretdato": null, "kildeendretdato": 1710436167000, "malemetode": 99.0, "noyaktighet": null, "globalid": "{FFF743DF-0052-464D-954B-1184C286105F}", "nve_layer": "regionalnett_luft", "voltage_kv": 66.0, "geod_km": 25.880203695016863, "osm_covered_frac": 0.44508670520231214 }, "geometry": { "type": "LineString", "coordinates": [ [ 5.467168425534986, 59.465607573372473 ], [ 5.46940453678628, 59.466828780383672 ], [ 5.472334568402506, 59.468428770519978 ], [ 5.477116938892827, 59.471051757531789 ], [ 5.477122113832002, 59.471054588183598 ], [ 5.478609047695723, 59.471179920413618 ], [ 5.481105742841152, 59.47049368685861 ], [ 5.48280180250269, 59.470029679162344 ], [ 5.485334009024199, 59.469351694850175 ], [ 5.486531116414885, 59.469024143175552 ], [ 5.487394626367481, 59.468787859826385 ], [ 5.48777246849325, 59.468682680586461 ], [ 5.490993231531456, 59.468781290960209 ], [ 5.49480280070548, 59.468912241154811 ], [ 5.496516152914048, 59.468954952055761 ], [ 5.498411060283157, 59.469004973090549 ], [ 5.50014914539832, 59.469680325080176 ], [ 5.50157917023281, 59.470231730786637 ], [ 5.504401756743976, 59.471328689263167 ], [ 5.50745653921072, 59.472521882941479 ], [ 5.509748317142432, 59.473409657166854 ], [ 5.513035408461312, 59.474694804021702 ], [ 5.514965969755569, 59.475439964571976 ], [ 5.518445445387854, 59.476799328026765 ], [ 5.519370542071569, 59.477275118073742 ], [ 5.521120724241204, 59.478164601503885 ], [ 5.522972391610773, 59.479099532947664 ], [ 5.523107192778597, 59.479167592099962 ], [ 5.52316256430346, 59.4791955496421 ], [ 5.525229881653836, 59.480240398425018 ], [ 5.52898513228307, 59.482138611845095 ], [ 5.532350601411686, 59.483832543090742 ], [ 5.534806268023157, 59.485069278182543 ], [ 5.536646671381956, 59.485974621118935 ], [ 5.53765315974759, 59.486470082704813 ], [ 5.538407825704751, 59.486862745269249 ], [ 5.541015757197035, 59.488177333414093 ], [ 5.542934550668675, 59.489137741285838 ], [ 5.543533516812372, 59.489423123002581 ], [ 5.544705059576489, 59.490000954208313 ], [ 5.546620332407752, 59.490986870468546 ], [ 5.549257915414634, 59.492310219242263 ], [ 5.551600907017858, 59.493490178283601 ], [ 5.553937515813147, 59.494659939003718 ], [ 5.555544448886209, 59.495473363217847 ], [ 5.557151402570425, 59.49629116154258 ], [ 5.559477176775396, 59.497468772637305 ], [ 5.562108903570366, 59.49878949588367 ], [ 5.564205317382329, 59.499830782380883 ], [ 5.567086002368264, 59.500687886098582 ], [ 5.570188288508729, 59.501603831099942 ], [ 5.573060216215951, 59.5024631919283 ], [ 5.57452978824311, 59.502899745956711 ], [ 5.576451225491546, 59.503474123500766 ], [ 5.579052909527413, 59.504249500129674 ], [ 5.580882898917555, 59.504782633896902 ], [ 5.582677087330286, 59.505305286016899 ], [ 5.585066692600705, 59.505999081049225 ], [ 5.58706909784363, 59.506579241266749 ], [ 5.588978231757852, 59.507065592823622 ], [ 5.592152123617474, 59.507879560861454 ], [ 5.593643834359072, 59.508229450879583 ], [ 5.594462257411436, 59.508418601911949 ], [ 5.596336087458651, 59.508880401802145 ], [ 5.599740922895037, 59.509697966636644 ], [ 5.599835248072188, 59.509721598188015 ], [ 5.602346140474238, 59.510350640967857 ], [ 5.604215554481323, 59.510813925194775 ], [ 5.606397768347857, 59.511745569978608 ], [ 5.60820738909637, 59.512519892973245 ], [ 5.609843034239244, 59.513219447176773 ], [ 5.611219876404856, 59.513806439443549 ], [ 5.612380318033344, 59.514306056375816 ], [ 5.614138357263905, 59.515072874213793 ], [ 5.615598091254222, 59.515709533288913 ], [ 5.6172785491493, 59.516437687251759 ], [ 5.618898801051326, 59.517142735918313 ], [ 5.621179466426695, 59.51814636413647 ], [ 5.623594427975679, 59.519213043067857 ], [ 5.625433523736162, 59.520024741596494 ], [ 5.62690437995034, 59.520665557080022 ], [ 5.628808553454048, 59.521498962920177 ], [ 5.630911362800465, 59.522418625425871 ], [ 5.632724153408477, 59.523214258250277 ], [ 5.634986754857196, 59.524160490879723 ], [ 5.636352328173166, 59.524774208202807 ], [ 5.638430516691309, 59.525660367045973 ], [ 5.640415844328762, 59.526593779195146 ], [ 5.642385337391989, 59.527457000683626 ], [ 5.644221058980541, 59.528257025636151 ], [ 5.646018716732452, 59.529039759472973 ], [ 5.648527822663167, 59.530125048169154 ], [ 5.649757216071941, 59.530654804813878 ], [ 5.651931186872549, 59.531602085952741 ], [ 5.654523975603393, 59.532750795282148 ], [ 5.65456990344389, 59.532771140918534 ], [ 5.655273761439182, 59.53350604514344 ], [ 5.656298011199397, 59.534545867028143 ], [ 5.657444351776876, 59.535727789899276 ], [ 5.65847390244331, 59.536792388130792 ], [ 5.659562096894581, 59.537926455915354 ], [ 5.660674965791744, 59.539074237999841 ], [ 5.66181711125512, 59.54026419742658 ], [ 5.663026811148936, 59.541520236169454 ], [ 5.664542634552117, 59.543093153470608 ], [ 5.665556837898733, 59.544149666591274 ], [ 5.666526298820625, 59.545152543546976 ], [ 5.671524965735638, 59.547795927684618 ], [ 5.672970457135392, 59.548553473156502 ], [ 5.674878875434253, 59.54954817252522 ], [ 5.677610376177327, 59.550982372245848 ], [ 5.678775053374666, 59.551589664550463 ], [ 5.678943828190214, 59.551677675678171 ], [ 5.680871629072883, 59.552678606728044 ], [ 5.682777026914193, 59.553667965449151 ], [ 5.684187132014043, 59.554406155409382 ], [ 5.686590316176687, 59.555665562455452 ], [ 5.68676762826222, 59.555758479248645 ], [ 5.686792271785079, 59.555771393227616 ], [ 5.689370597283987, 59.557118272749484 ], [ 5.69046626427187, 59.557716375121132 ], [ 5.691265302783791, 59.558152536293683 ], [ 5.69212884025401, 59.559706856555465 ], [ 5.692613242423764, 59.560613652318651 ], [ 5.69341873140237, 59.562126163574625 ], [ 5.694032544169016, 59.563292006567295 ], [ 5.69497445092428, 59.565078222873908 ], [ 5.695733376106941, 59.56649731284076 ], [ 5.696617476131567, 59.56816262462965 ], [ 5.697684667487084, 59.570204446260902 ], [ 5.698396802155791, 59.571520717313796 ], [ 5.699144951482629, 59.572934036967567 ], [ 5.699295501870195, 59.573186050242661 ], [ 5.699746116252554, 59.57407918008996 ], [ 5.700220743611975, 59.5749601597851 ], [ 5.701842578323357, 59.575559151551971 ], [ 5.704381434007847, 59.576497111372554 ], [ 5.706387486386022, 59.577239520971936 ], [ 5.710329727707531, 59.578712125579131 ], [ 5.712049179367702, 59.579350735855108 ], [ 5.713183675946808, 59.579774335737042 ], [ 5.7149779438078, 59.580409418964081 ], [ 5.71774446561654, 59.581551920390069 ], [ 5.720634027677698, 59.582515959647168 ], [ 5.722294632570153, 59.583149888715845 ], [ 5.724829565048917, 59.58409714708462 ], [ 5.727263421919073, 59.584932966523922 ], [ 5.728870575855791, 59.5854643502934 ], [ 5.730895430841487, 59.586278264239205 ], [ 5.732775380676794, 59.586965667150828 ], [ 5.735544488310161, 59.587959435429234 ], [ 5.737899068428407, 59.58881425227591 ], [ 5.740039320777704, 59.58960056295831 ], [ 5.742351146733653, 59.590526028483232 ], [ 5.744987639498921, 59.591470075676 ], [ 5.747448207154002, 59.592345250297747 ], [ 5.749584725198997, 59.593162982944932 ], [ 5.751689571767794, 59.593931947899485 ], [ 5.753600614753754, 59.594623861590371 ], [ 5.756490205203537, 59.595688894189287 ], [ 5.75801801198197, 59.596253479804219 ], [ 5.760652849023959, 59.59717662448999 ], [ 5.762978462636477, 59.597300787745766 ], [ 5.766473215384881, 59.597426048373855 ], [ 5.768143785250289, 59.597452619574945 ], [ 5.770870003019254, 59.59754807316812 ], [ 5.773154932569131, 59.597626444804732 ], [ 5.776596195307092, 59.597760117288161 ], [ 5.779608820323117, 59.597893695438302 ], [ 5.78284987329343, 59.598005516564143 ], [ 5.785711841686966, 59.598116567543116 ], [ 5.788470281846426, 59.59820103976881 ], [ 5.790969106078474, 59.598314190858297 ], [ 5.793940728808935, 59.598404374431915 ], [ 5.796939822542869, 59.59851562568106 ], [ 5.799959990870797, 59.598653159410503 ], [ 5.802976238232606, 59.598726965096056 ], [ 5.804585863869488, 59.598795228581224 ], [ 5.806621842395851, 59.598795575206594 ], [ 5.80752775912951, 59.598847588249811 ] ] } },
{ "type": "Feature", "properties": { "objectid": 375243, "eier": "FAGNE AS", "eierorgnr": 915635857, "st_length(shape)": 25958.144509997532, "objekttype": "EL_Luftlinje", "nvenetbasid": null, "komponentkodesystem": null, "nvenettnivaa": "2", "sosinettnivaa": "Regionalnett", "navn": null, "spenning_kv": 66.0, "driftsattaar": null, "nveopprettetdato": null, "nveendretdato": null, "kildeendretdato": 1710436167000, "malemetode": 99.0, "noyaktighet": null, "globalid": "{1B65742C-610C-4834-877A-110B0B3E382B}", "nve_layer": "regionalnett_luft", "voltage_kv": 66.0, "geod_km": 25.879865135657951, "osm_covered_frac": 0.44315992292870904 }, "geometry": { "type": "LineString", "coordinates": [ [ 5.467167899375559, 59.465608230813082 ], [ 5.477116938892827, 59.471051757531789 ], [ 5.477122113832002, 59.471054588183598 ], [ 5.478609047695723, 59.471179920413618 ], [ 5.481105742841152, 59.47049368685861 ], [ 5.48280180250269, 59.470029679162344 ], [ 5.485334009024199, 59.469351694850175 ], [ 5.486531116414885, 59.469024143175552 ], [ 5.487394626367481, 59.468787859826385 ], [ 5.48777246849325, 59.468682680586461 ], [ 5.490993231531456, 59.468781290960209 ], [ 5.49480280070548, 59.468912241154811 ], [ 5.496516152914048, 59.468954952055761 ], [ 5.498411060283157, 59.469004973090549 ], [ 5.50014914539832, 59.469680325080176 ], [ 5.50157917023281, 59.470231730786637 ], [ 5.504401756743976, 59.471328689263167 ], [ 5.50745653921072, 59.472521882941479 ], [ 5.509748317142432, 59.473409657166854 ], [ 5.513035408461312, 59.474694804021702 ], [ 5.514965969755569, 59.475439964571976 ], [ 5.518445445387854, 59.476799328026765 ], [ 5.519370542071569, 59.477275118073742 ], [ 5.521120724241204, 59.478164601503885 ], [ 5.522972391610773, 59.479099532947664 ], [ 5.523107192778597, 59.479167592099962 ], [ 5.52316256430346, 59.4791955496421 ], [ 5.525229881653836, 59.480240398425018 ], [ 5.52898513228307, 59.482138611845095 ], [ 5.532350601411686, 59.483832543090742 ], [ 5.534806268023157, 59.485069278182543 ], [ 5.536646671381956, 59.485974621118935 ], [ 5.53765315974759, 59.486470082704813 ], [ 5.538407825704751, 59.486862745269249 ], [ 5.541015757197035, 59.488177333414093 ], [ 5.542934550668675, 59.489137741285838 ], [ 5.543533516812372, 59.489423123002581 ], [ 5.544705059576489, 59.490000954208313 ], [ 5.546620332407752, 59.490986870468546 ], [ 5.549257915414634, 59.492310219242263 ], [ 5.551600907017858, 59.493490178283601 ], [ 5.553937515813147, 59.494659939003718 ], [ 5.555544448886209, 59.495473363217847 ], [ 5.557151402570425, 59.49629116154258 ], [ 5.559477176775396, 59.497468772637305 ], [ 5.562108903570366, 59.49878949588367 ], [ 5.564205317382329, 59.499830782380883 ], [ 5.567086002368264, 59.500687886098582 ], [ 5.570188288508729, 59.501603831099942 ], [ 5.573060216215951, 59.5024631919283 ], [ 5.57452978824311, 59.502899745956711 ], [ 5.576451225491546, 59.503474123500766 ], [ 5.579052909527413, 59.504249500129674 ], [ 5.580882898917555, 59.504782633896902 ], [ 5.582677087330286, 59.505305286016899 ], [ 5.585066692600705, 59.505999081049225 ], [ 5.58706909784363, 59.506579241266749 ], [ 5.588978231757852, 59.507065592823622 ], [ 5.592152123617474, 59.507879560861454 ], [ 5.593643834359072, 59.508229450879583 ], [ 5.594462257411436, 59.508418601911949 ], [ 5.596336087458651, 59.508880401802145 ], [ 5.599740922895037, 59.509697966636644 ], [ 5.599835248072188, 59.509721598188015 ], [ 5.602346140474238, 59.510350640967857 ], [ 5.604215554481323, 59.510813925194775 ], [ 5.606397768347857, 59.511745569978608 ], [ 5.60820738909637, 59.512519892973245 ], [ 5.609843034239244, 59.513219447176773 ], [ 5.611219876404856, 59.513806439443549 ], [ 5.612380318033344, 59.514306056375816 ], [ 5.614138357263905, 59.515072874213793 ], [ 5.615598091254222, 59.515709533288913 ], [ 5.6172785491493, 59.516437687251759 ], [ 5.618898801051326, 59.517142735918313 ], [ 5.621179466426695, 59.51814636413647 ], [ 5.623594427975679, 59.519213043067857 ], [ 5.625433523736162, 59.520024741596494 ], [ 5.62690437995034, 59.520665557080022 ], [ 5.628808553454048, 59.521498962920177 ], [ 5.630911362800465, 59.522418625425871 ], [ 5.632724153408477, 59.523214258250277 ], [ 5.634986754857196, 59.524160490879723 ], [ 5.636352328173166, 59.524774208202807 ], [ 5.638430516691309, 59.525660367045973 ], [ 5.640415844328762, 59.526593779195146 ], [ 5.642385337391989, 59.527457000683626 ], [ 5.644221058980541, 59.528257025636151 ], [ 5.646018716732452, 59.529039759472973 ], [ 5.646048772076799, 59.529052845344808 ], [ 5.648527822663167, 59.530125048169154 ], [ 5.649757216071941, 59.530654804813878 ], [ 5.651931186872549, 59.531602085952741 ], [ 5.654523975603393, 59.532750795282148 ], [ 5.65456990344389, 59.532771140918534 ], [ 5.655273761439182, 59.53350604514344 ], [ 5.656298011199397, 59.534545867028143 ], [ 5.657444351776876, 59.535727789899276 ], [ 5.65847390244331, 59.536792388130792 ], [ 5.659562096894581, 59.537926455915354 ], [ 5.660704632921896, 59.539069680478583 ], [ 5.66181711125512, 59.54026419742658 ], [ 5.663026811148936, 59.541520236169454 ], [ 5.664542634552117, 59.543093153470608 ], [ 5.665556837898733, 59.544149666591274 ], [ 5.666526298820625, 59.545152543546976 ], [ 5.671524965735638, 59.547795927684618 ], [ 5.672970457135392, 59.548553473156502 ], [ 5.674878875434253, 59.54954817252522 ], [ 5.677610376177327, 59.550982372245848 ], [ 5.678775053374666, 59.551589664550463 ], [ 5.678943828190214, 59.551677675678171 ], [ 5.680871629072883, 59.552678606728044 ], [ 5.682777026914193, 59.553667965449151 ], [ 5.684187132014043, 59.554406155409382 ], [ 5.686590316176687, 59.555665562455452 ], [ 5.68676762826222, 59.555758479248645 ], [ 5.686817639904366, 59.555758883037733 ], [ 5.689396235782873, 59.557105904367965 ], [ 5.690492167124439, 59.557704151115992 ], [ 5.691297027789758, 59.558143489180068 ], [ 5.692162932519085, 59.559702072485479 ], [ 5.692647386223634, 59.560608961256122 ], [ 5.693452894475328, 59.562121504342372 ], [ 5.694066717411767, 59.563287365925049 ], [ 5.6950086110974, 59.565073552039934 ], [ 5.695767529134359, 59.56649262767074 ], [ 5.696651656125924, 59.568157988985845 ], [ 5.697718828885336, 59.570199769138547 ], [ 5.698430950778737, 59.571516013719474 ], [ 5.69917898000203, 59.572929103967333 ], [ 5.699329593076671, 59.573181219297688 ], [ 5.699780327344274, 59.574074587149909 ], [ 5.700251607379485, 59.574949352487224 ], [ 5.701863411568461, 59.575544641014659 ], [ 5.704402280048585, 59.576482604074805 ], [ 5.706408409528377, 59.577225042385969 ], [ 5.710350676166858, 59.578697655428982 ], [ 5.712070126034323, 59.579336264408212 ], [ 5.71320429784119, 59.579759743273364 ], [ 5.71499927422734, 59.580395077545006 ], [ 5.717765420015907, 59.581537423309527 ], [ 5.720654419039437, 59.582501273664072 ], [ 5.722315775932882, 59.583135490301551 ], [ 5.724849995925697, 59.584082482278134 ], [ 5.727283014327568, 59.584918013724526 ], [ 5.728891281029048, 59.585449765929297 ], [ 5.730916790193458, 59.58626394136396 ], [ 5.732795958054917, 59.586951058612371 ], [ 5.735565018175153, 59.587944809528331 ], [ 5.737919759610397, 59.588799685427858 ], [ 5.740060686119307, 59.589586243591711 ], [ 5.742372343452315, 59.590511640695674 ], [ 5.745008018403681, 59.591455395121336 ], [ 5.747469048162048, 59.592330733345925 ], [ 5.749605744422407, 59.593148535296372 ], [ 5.751710210257666, 59.593917360748421 ], [ 5.753621316163483, 59.594609296705649 ], [ 5.756511045161888, 59.595674380299521 ], [ 5.758038512259258, 59.596238839386565 ], [ 5.760665546124422, 59.597159250575864 ], [ 5.76298156790997, 59.597282902417035 ], [ 5.766475021489913, 59.597408115891369 ], [ 5.768145562000102, 59.597434686832564 ], [ 5.770872417619978, 59.597530162275348 ], [ 5.773157480065986, 59.597608538846913 ], [ 5.776599090363606, 59.597742224276438 ], [ 5.779611565696204, 59.597875796328708 ], [ 5.782852426157326, 59.597987611037773 ], [ 5.785714260920364, 59.598098656168254 ], [ 5.78847292587704, 59.598183135313541 ], [ 5.790971739803652, 59.5982962865872 ], [ 5.793943079759124, 59.598386461884438 ], [ 5.796942699624009, 59.598497732350388 ], [ 5.799962429771776, 59.598635245901889 ], [ 5.802978567644654, 59.598709048373543 ], [ 5.804587348233663, 59.598777276457739 ], [ 5.80662384628724, 59.598777622822546 ], [ 5.807536482360873, 59.598830021844783 ] ] } },
{ "type": "Feature", "properties": { "objectid": 460928, "eier": "LINJA AS", "eierorgnr": 984882114, "st_length(shape)": 888.96189892219422, "objekttype": "EL_Luftlinje", "nvenetbasid": null, "komponentkodesystem": null, "nvenettnivaa": "2", "sosinettnivaa": null, "navn": "GROV - SVELGEN (UTE AV DRIFT)", "spenning_kv": 66.0, "driftsattaar": 1969.0, "nveopprettetdato": 1301875200000.0, "nveendretdato": null, "kildeendretdato": 1301875200000, "malemetode": null, "noyaktighet": null, "globalid": "{87F1A322-5113-4FB7-9984-1D7EFCBF6B3C}", "nve_layer": "regionalnett_luft", "voltage_kv": 66.0, "geod_km": 0.88641892922551424, "osm_covered_frac": 0.72222222222222221 }, "geometry": { "type": "LineString", "coordinates": [ [ 5.238615317358948, 61.635239997978786 ], [ 5.234721341513136, 61.635566776189158 ], [ 5.222004203403817, 61.635050131383082 ] ] } },
{ "type": "Feature", "properties": { "objectid": 549357, "eier": "LNETT AS", "eierorgnr": 980038408, "st_length(shape)": 19511.969673715794, "objekttype": "EL_Luftlinje", "nvenetbasid": null, "komponentkodesystem": null, "nvenettnivaa": "2", "sosinettnivaa": "Regionalnett", "navn": "MA-OD1", "spenning_kv": 52.0, "driftsattaar": 1930.0, "nveopprettetdato": null, "nveendretdato": null, "kildeendretdato": 1741332061000, "malemetode": 99.0, "noyaktighet": null, "globalid": "{17EB583A-5DD2-4C9C-BC7D-58771898D65C}", "nve_layer": "regionalnett_luft", "voltage_kv": 52.0, "geod_km": 19.458780092268604, "osm_covered_frac": 0.5461538461538461 }, "geometry": { "type": "MultiLineString", "coordinates": [ [ [ 6.090772725216447, 58.832094864135769 ], [ 6.093328952938416, 58.832185190174542 ], [ 6.095314475489648, 58.832244395266066 ], [ 6.097136137689727, 58.832473551230571 ], [ 6.098963726207089, 58.832704638143738 ], [ 6.10109586848718, 58.832638493040989 ], [ 6.103053509256396, 58.832575979089555 ], [ 6.104712939045218, 58.832525598442622 ], [ 6.106568301685611, 58.832476237646034 ], [ 6.108366993375319, 58.832413844226899 ], [ 6.109250783716297, 58.832545470719666 ], [ 6.110657879024009, 58.832753742877948 ], [ 6.113057223260563, 58.833111517679129 ], [ 6.11494743428235, 58.834163720754646 ], [ 6.116148774774897, 58.834828842785491 ], [ 6.118149331519117, 58.835942706960694 ], [ 6.119808242749056, 58.836190054087702 ], [ 6.121138347921661, 58.836388187498464 ], [ 6.123602492915282, 58.836751323397252 ], [ 6.125773993257974, 58.837079631940576 ], [ 6.12670419989804, 58.837222879152158 ], [ 6.127267039647198, 58.837301556960831 ], [ 6.128590200648766, 58.837504157734529 ], [ 6.130072439404579, 58.837633387494428 ], [ 6.131616109777453, 58.837735318473712 ], [ 6.133158972417479, 58.837839773767591 ], [ 6.134819915311521, 58.837875743168759 ], [ 6.135857157107318, 58.837899027252355 ], [ 6.138617020255419, 58.83796000521918 ], [ 6.140285470797929, 58.838000671489169 ], [ 6.14179920768138, 58.838238279007527 ], [ 6.143340170759553, 58.838485268286789 ], [ 6.145437628041849, 58.838815762461984 ], [ 6.14740776053166, 58.839131098168266 ], [ 6.150068174373104, 58.839555317716041 ], [ 6.151800789258228, 58.839370856737332 ], [ 6.153942137667607, 58.839144417295685 ], [ 6.157171805849042, 58.838801639897078 ], [ 6.159371500034813, 58.838569235210116 ], [ 6.16117258602104, 58.838219772137762 ], [ 6.163530269669585, 58.83776797417535 ], [ 6.166229696508156, 58.837250842220342 ], [ 6.167498159384516, 58.836860059389103 ], [ 6.168909238490928, 58.836415870724899 ], [ 6.171295851691701, 58.835693227736463 ], [ 6.173874252232309, 58.834715723088898 ], [ 6.175901946777228, 58.833947531370818 ], [ 6.177350853885484, 58.833397498803322 ], [ 6.180026837754314, 58.832382786119169 ], [ 6.182306583975756, 58.831518041157857 ], [ 6.18454758557124, 58.830670995915781 ], [ 6.184835079930609, 58.830670995845495 ], [ 6.186748998716053, 58.829787608661569 ], [ 6.188715355263102, 58.828885648831573 ], [ 6.190777760739684, 58.827805081903762 ], [ 6.192979522068923, 58.826654108548695 ], [ 6.194474732129904, 58.825873093211925 ], [ 6.195457289410813, 58.825361838617546 ], [ 6.196836089233694, 58.824638819552348 ], [ 6.198061466305899, 58.824001028446901 ], [ 6.199255256193037, 58.823372568403443 ], [ 6.200414032796015, 58.822770125893342 ], [ 6.201105222352247, 58.822408748131764 ], [ 6.202406802601018, 58.821726348043249 ], [ 6.204927090646867, 58.820850637979923 ], [ 6.207107817394371, 58.820092254351032 ], [ 6.209415504594533, 58.819290582854045 ], [ 6.21209406865912, 58.818357255266633 ], [ 6.21427100379501, 58.817598519533249 ], [ 6.216293699938746, 58.816895035195358 ], [ 6.217541277581728, 58.816458944970407 ], [ 6.218826737944693, 58.816011861570935 ], [ 6.221434824984818, 58.81522973914565 ], [ 6.223361549234477, 58.814652657771582 ], [ 6.226072141623489, 58.813837830107403 ], [ 6.228562369146499, 58.813089317380111 ], [ 6.23096674486298, 58.812369286822928 ], [ 6.233642077540138, 58.81156717903179 ], [ 6.23512910513728, 58.811115400477441 ], [ 6.23680629856104, 58.810663043157767 ], [ 6.238142598893547, 58.810300726199699 ], [ 6.240205122508654, 58.809741430606174 ], [ 6.242875895958369, 58.809016433424361 ], [ 6.245399015733905, 58.808333589376318 ], [ 6.247501963123734, 58.807762688685251 ], [ 6.250428743526278, 58.806972176072293 ], [ 6.251067907807248, 58.806797398991236 ] ], [ [ 6.254078893477597, 58.805964462549277 ], [ 6.255704464603064, 58.805331947261593 ], [ 6.25762476287556, 58.804583772748707 ], [ 6.260068350634572, 58.803628381620229 ], [ 6.262401388504818, 58.802718789981341 ], [ 6.264167933353185, 58.801407676141473 ], [ 6.265369856145369, 58.800510184035403 ], [ 6.265302033792304, 58.800280591492125 ], [ 6.266501401955934, 58.799280670840773 ], [ 6.268148939527801, 58.797908425163982 ], [ 6.269355006911544, 58.79689692232386 ], [ 6.270684192844703, 58.795778175176594 ], [ 6.271331142670479, 58.795236812432982 ], [ 6.271894620304785, 58.794508387225186 ], [ 6.272920729169703, 58.793164056475774 ], [ 6.273527379110221, 58.792370996845186 ], [ 6.274282869541107, 58.791385508239422 ], [ 6.276298609445248, 58.790110912309018 ], [ 6.278223166235687, 58.78889736921532 ], [ 6.279618896195962, 58.788544007206312 ], [ 6.282081951685901, 58.787923083803022 ], [ 6.283776893542328, 58.787481841787006 ], [ 6.285616573872997, 58.787335558468016 ], [ 6.287631543409367, 58.78717472279056 ], [ 6.288669000392898, 58.7870909425801 ], [ 6.289333010306249, 58.787037196794209 ], [ 6.291960558402336, 58.786553566362699 ], [ 6.29405446766114, 58.786174771104385 ], [ 6.295649150023563, 58.785884260590862 ], [ 6.297831065929934, 58.785481443645715 ], [ 6.300114182969712, 58.78506694443228 ], [ 6.302228111990289, 58.784677547095662 ], [ 6.304925557920182, 58.784187400936304 ], [ 6.307920227696822, 58.783640705232976 ], [ 6.309346939513895, 58.783382183680018 ], [ 6.311935514284235, 58.782677186486438 ], [ 6.31323274390249, 58.782327290342948 ], [ 6.315978939526778, 58.781581119027486 ], [ 6.317805923662213, 58.781083017588429 ], [ 6.319140405432393, 58.780843821549269 ], [ 6.320337718655106, 58.780629876334224 ], [ 6.321397996811958, 58.7804357354809 ], [ 6.321737338814556, 58.780374863607221 ], [ 6.324257610074163, 58.779922557345991 ], [ 6.326591137809841, 58.779502875519427 ], [ 6.329269941880704, 58.779019426702256 ], [ 6.329664774141578, 58.778425847422604 ], [ 6.330104031880593, 58.777751124192065 ], [ 6.330581205694693, 58.777026496064629 ], [ 6.330806306352118, 58.776683113882655 ], [ 6.33136335777665, 58.775835554162747 ], [ 6.331729199373943, 58.775279036987691 ], [ 6.332184712405326, 58.774587552189409 ], [ 6.332525999887466, 58.773851651302273 ], [ 6.332999627935013, 58.772843891283891 ], [ 6.333360460233911, 58.772072621125318 ], [ 6.333967312726175, 58.770780537631396 ], [ 6.33438800885155, 58.769858945381081 ], [ 6.334747696421611, 58.769099985893739 ], [ 6.336086755847187, 58.768457933783999 ], [ 6.337103517216859, 58.767967282729273 ], [ 6.338133846658155, 58.767468718768356 ], [ 6.339980820855964, 58.766964943151471 ], [ 6.342194683620927, 58.76636002741273 ], [ 6.344577518463316, 58.765707239766662 ], [ 6.346606448009224, 58.76514865969191 ], [ 6.348561974071645, 58.764614794630745 ], [ 6.350330534400356, 58.76412843507925 ], [ 6.352331607031253, 58.763581361784603 ], [ 6.355656147692548, 58.763032896007388 ], [ 6.358175203026849, 58.763291386697581 ], [ 6.360209369036676, 58.763620307483059 ], [ 6.362341484256287, 58.763966807961566 ], [ 6.364447290831586, 58.764307702230603 ], [ 6.365591624389983, 58.764493155548472 ], [ 6.366836253822794, 58.764696201278227 ], [ 6.367862049162736, 58.76484045788284 ] ] ] } },
{ "type": "Feature", "properties": { "objectid": 746149, "eier": "GLITRE NETT AS", "eierorgnr": 982974011, "st_length(shape)": 1976.7512880432619, "objekttype": "EL_Luftlinje", "nvenetbasid": null, "komponentkodesystem": null, "nvenettnivaa": "2", "sosinettnivaa": "Regionalnett", "navn": null, "spenning_kv": 50.0, "driftsattaar": null, "nveopprettetdato": null, "nveendretdato": null, "kildeendretdato": 1710436167000, "malemetode": 99.0, "noyaktighet": null, "globalid": "{7CA0214A-3A45-4A21-A192-D9C2376E5EC9}", "nve_layer": "regionalnett_luft", "voltage_kv": 50.0, "geod_km": 1.9756079349454927, "osm_covered_frac": 0.55 }, "geometry": { "type": "MultiLineString", "coordinates": [ [ [ 9.933405250541052, 59.94609367392701 ], [ 9.933169388668626, 59.946590246110084 ], [ 9.933377928642399, 59.947054872210394 ], [ 9.933509930753909, 59.947348964244263 ], [ 9.933509962193188, 59.947361127475929 ], [ 9.933509968951546, 59.947363873592678 ], [ 9.933509974641574, 59.947366321870611 ] ], [ [ 9.946097466898388, 59.930599888573333 ], [ 9.946077943556913, 59.930598963189887 ], [ 9.946055715963379, 59.930600865990954 ], [ 9.944075641702604, 59.930770378020569 ], [ 9.944062224665888, 59.930771526845554 ], [ 9.943604331199811, 59.931543800752181 ], [ 9.942968678493584, 59.932596664677277 ], [ 9.942945269662321, 59.93263751122889 ], [ 9.942644474802629, 59.93316237794302 ], [ 9.942331065352624, 59.933799406190872 ], [ 9.942148860570184, 59.934169738402382 ], [ 9.941476260444265, 59.935618355199992 ], [ 9.941158406413235, 59.936427817440403 ], [ 9.941158045152134, 59.936428739224731 ], [ 9.941157464039463, 59.936430220258465 ], [ 9.941131256932353, 59.936496958149398 ], [ 9.940459499619495, 59.938241023582492 ], [ 9.939933090155119, 59.939593526783952 ], [ 9.939922739412276, 59.939622461252469 ], [ 9.939618802370441, 59.940472011485014 ], [ 9.93927844089626, 59.941279476790875 ], [ 9.939062024457915, 59.941792878998065 ], [ 9.938330585600351, 59.942227919267552 ], [ 9.937623529249024, 59.942648443557864 ], [ 9.937413204433474, 59.942770814598177 ], [ 9.936793585806985, 59.943131311979919 ], [ 9.935648529632957, 59.943938613798352 ], [ 9.935197412150956, 59.94425973973788 ], [ 9.934120056153734, 59.945026618712717 ] ] ] } },
{ "type": "Feature", "properties": { "objectid": 786686, "eier": "LINJA AS", "eierorgnr": 984882114, "st_length(shape)": 1124.2167735520711, "objekttype": "EL_Luftlinje", "nvenetbasid": null, "komponentkodesystem": null, "nvenettnivaa": "2", "sosinettnivaa": null, "navn": "GROV - SVELGEN (UTE AV DRIFT)", "spenning_kv": 66.0, "driftsattaar": 1969.0, "nveopprettetdato": 1301875200000.0, "nveendretdato": null, "kildeendretdato": 1301875200000, "malemetode": null, "noyaktighet": null, "globalid": "{6E84300C-688F-49F2-BD8F-5C2FDABFB99D}", "nve_layer": "regionalnett_luft", "voltage_kv": 66.0, "geod_km": 1.1209880192653237, "osm_covered_frac": 0.43478260869565216 }, "geometry": { "type": "LineString", "coordinates": [ [ 5.222004203403817, 61.635050131383082 ], [ 5.216199304426529, 61.635598026937615 ], [ 5.206907499175944, 61.638814195572294 ], [ 5.204805870021914, 61.639541446235143 ], [ 5.204799511617916, 61.639543646563453 ], [ 5.204735949230752, 61.639565641442388 ], [ 5.203897732396749, 61.639865474915155 ] ] } },
{ "type": "Feature", "properties": { "objectid": 1147528, "eier": "LINEA AS", "eierorgnr": 917424799, "st_length(shape)": 159.47853785326075, "objekttype": "EL_Luftlinje", "nvenetbasid": null, "komponentkodesystem": null, "nvenettnivaa": "2", "sosinettnivaa": "Regionalnett", "navn": null, "spenning_kv": 66.0, "driftsattaar": null, "nveopprettetdato": null, "nveendretdato": null, "kildeendretdato": 1716912193000, "malemetode": 99.0, "noyaktighet": null, "globalid": "{EE9BB565-AF65-4C99-AEF9-679771997C90}", "nve_layer": "regionalnett_luft", "voltage_kv": 66.0, "geod_km": 0.15951480442947608, "osm_covered_frac": 0.75 }, "geometry": { "type": "LineString", "coordinates": [ [ 12.440315835175971, 65.429915035795247 ], [ 12.439474004369835, 65.431302090125243 ] ] } },
{ "type": "Feature", "properties": { "objectid": 1150819, "eier": "TENSIO TN AS", "eierorgnr": 988807648, "st_length(shape)": 240.99247292653118, "objekttype": "EL_Luftlinje", "nvenetbasid": null, "komponentkodesystem": null, "nvenettnivaa": "2", "sosinettnivaa": "Regionalnett", "navn": null, "spenning_kv": 66.0, "driftsattaar": null, "nveopprettetdato": null, "nveendretdato": null, "kildeendretdato": 1710436167000, "malemetode": 99.0, "noyaktighet": null, "globalid": "{85B81589-483B-41EF-A50C-A52778AF5A87}", "nve_layer": "regionalnett_luft", "voltage_kv": 66.0, "geod_km": 0.24096671114451357, "osm_covered_frac": 0.6 }, "geometry": { "type": "LineString", "coordinates": [ [ 10.915099833649837, 63.48995142781714 ], [ 10.911640573669382, 63.489286515506677 ], [ 10.910656767375384, 63.489097395536895 ] ] } },
{ "type": "Feature", "properties": { "objectid": 1345755, "eier": "MELLOM AS", "eierorgnr": 925668389, "st_length(shape)": 1120.3748036391348, "objekttype": "EL_Luftlinje", "nvenetbasid": null, "komponentkodesystem": null, "nvenettnivaa": "2", "sosinettnivaa": "Regionalnett", "navn": "RE_66HL03_5", "spenning_kv": 66.0, "driftsattaar": 2024.0, "nveopprettetdato": null, "nveendretdato": null, "kildeendretdato": 1774458161000, "malemetode": 96.0, "noyaktighet": null, "globalid": "{B208236D-1403-47AB-AEA2-C143F4CB1F2A}", "nve_layer": "regionalnett_luft", "voltage_kv": 66.0, "geod_km": 1.1189365551305257, "osm_covered_frac": 0.47826086956521741 }, "geometry": { "type": "LineString", "coordinates": [ [ 7.666778817463516, 63.038168968902212 ], [ 7.66522424835348, 63.03813378531968 ], [ 7.66401627653095, 63.038116677355198 ], [ 7.661453806460375, 63.038080350241472 ], [ 7.659219187674974, 63.038048634067877 ], [ 7.657339999520068, 63.038021934714862 ], [ 7.65496215192779, 63.037988114586483 ], [ 7.651363451417762, 63.037936854397813 ], [ 7.64606201697266, 63.039078586954737 ], [ 7.645322219428162, 63.039237888378636 ] ] } },
{ "type": "Feature", "properties": { "objectid": 1395901, "eier": "GLITRE NETT AS", "eierorgnr": 982974011, "st_length(shape)": 1731.7933056562997, "objekttype": "EL_Luftlinje", "nvenetbasid": null, "komponentkodesystem": null, "nvenettnivaa": "2", "sosinettnivaa": "Regionalnett", "navn": null, "spenning_kv": 50.0, "driftsattaar": null, "nveopprettetdato": null, "nveendretdato": null, "kildeendretdato": 1710436167000, "malemetode": 99.0, "noyaktighet": null, "globalid": "{B4793946-4F0E-4379-9A8B-A16467AEEACE}", "nve_layer": "regionalnett_luft", "voltage_kv": 50.0, "geod_km": 1.7307918858164972, "osm_covered_frac": 0.5714285714285714 }, "geometry": { "type": "MultiLineString", "coordinates": [ [ [ 9.933620876692842, 59.947378904234185 ], [ 9.93362046979931, 59.947379746875882 ], [ 9.933619153165148, 59.947377555827622 ], [ 9.933609699314424, 59.947361824282524 ], [ 9.933838154956016, 59.94685764547468 ], [ 9.933945450564083, 59.94662084839262 ], [ 9.933992451587647, 59.946517115797597 ], [ 9.93400489618301, 59.94649852048483 ] ], [ [ 9.935315060050895, 59.944893224289913 ], [ 9.936986183973927, 59.943655797189095 ], [ 9.938211064614643, 59.942677867724321 ], [ 9.938969955583127, 59.942071941663421 ], [ 9.939269741644109, 59.941832574840099 ], [ 9.939979337316613, 59.939993077252389 ], [ 9.940624186392418, 59.938311667027364 ], [ 9.941309927596851, 59.936550331967425 ], [ 9.941310145800845, 59.936549771754805 ], [ 9.941311083366358, 59.936547365152265 ], [ 9.941394478251258, 59.93633315045944 ], [ 9.942347583516415, 59.934196658329768 ], [ 9.942769660298408, 59.93326561967114 ], [ 9.9427959476695, 59.933207630517529 ], [ 9.943317775863081, 59.932980849862865 ], [ 9.946073870433327, 59.931782992412785 ] ] ] } },
{ "type": "Feature", "properties": { "objectid": 1711680, "eier": "LUOSTEJOK NETT AS", "eierorgnr": 924934867, "st_length(shape)": 43775.12008910592, "objekttype": "EL_Luftlinje", "nvenetbasid": 6261.0, "komponentkodesystem": "NVE NetBAS", "nvenettnivaa": "2", "sosinettnivaa": null, "navn": "N 66 KARASJOK-T-LUOSTEJOK LINJE 2", "spenning_kv": 66.0, "driftsattaar": 1975.0, "nveopprettetdato": 1279756800000.0, "nveendretdato": null, "kildeendretdato": 1094774400000, "malemetode": null, "noyaktighet": null, "globalid": "{52C33A93-9250-4F0F-9B21-585FFCB2AE69}", "nve_layer": "regionalnett_luft", "voltage_kv": 66.0, "geod_km": 43.706868369118851, "osm_covered_frac": 0.73546180159635122 }, "geometry": { "type": "LineString", "coordinates": [ [ 25.177147490185714, 69.829034602434405 ], [ 25.177470396425068, 69.828728182004426 ], [ 25.178170129604283, 69.828064643474519 ], [ 25.179145886530833, 69.827139304754979 ], [ 25.17946245269821, 69.826838901580956 ], [ 25.180048534966868, 69.826282912858545 ], [ 25.180721823198756, 69.825637752534178 ], [ 25.182359016902232, 69.824068280009755 ], [ 25.182712018734488, 69.823730029040803 ], [ 25.183603302280581, 69.822875478910234 ], [ 25.184395926201539, 69.82211553806232 ], [ 25.185192468616343, 69.821351689262769 ], [ 25.186670930166446, 69.819934043101014 ], [ 25.190270936498745, 69.816497979486442 ], [ 25.191402781579946, 69.815418266689576 ], [ 25.191643698322334, 69.815050776908294 ], [ 25.191931311123103, 69.814611280030775 ], [ 25.191936079308082, 69.814604152528503 ], [ 25.192197036227576, 69.814205737347592 ], [ 25.193007063499639, 69.812968695534607 ], [ 25.193448191427819, 69.812295103721269 ], [ 25.195765522647633, 69.808755042710288 ], [ 25.200296030446101, 69.80183032440749 ], [ 25.201524143344184, 69.799950268739863 ], [ 25.264226216627339, 69.744867383757295 ], [ 25.259853793277646, 69.73327225253874 ], [ 25.282938423398669, 69.711701712041361 ], [ 25.283027147955913, 69.707270553589737 ], [ 25.304330053290677, 69.697603950635397 ], [ 25.367102875636, 69.612266586680789 ], [ 25.375401680386069, 69.589065643414727 ], [ 25.460797445357436, 69.551757707461235 ], [ 25.483739358883497, 69.540612737327152 ], [ 25.490846160490012, 69.534872606475957 ], [ 25.494839165123945, 69.531680884972246 ], [ 25.497545977095676, 69.528771434983909 ], [ 25.503182431489908, 69.52277501887616 ], [ 25.508713460248359, 69.51686759806438 ], [ 25.511127239339348, 69.514663548179314 ], [ 25.514203352781852, 69.510534225366158 ], [ 25.519801577366291, 69.506509593703541 ], [ 25.523995054645351, 69.503473878130478 ], [ 25.532536445635561, 69.497288115271374 ], [ 25.535452921703122, 69.495147454813349 ], [ 25.540264363068768, 69.491705562785256 ], [ 25.544219441267799, 69.488855233136789 ], [ 25.548484869885165, 69.48574548247457 ], [ 25.551368173046686, 69.483681622672378 ], [ 25.552529056062944, 69.482792388990248 ], [ 25.554546766192882, 69.481355733382088 ], [ 25.556372264546507, 69.478173447966299 ], [ 25.55674636042048, 69.477549011117844 ], [ 25.555716663738313, 69.476176700288491 ], [ 25.554239784958938, 69.474193143794352 ], [ 25.552679927940535, 69.472098553148712 ], [ 25.551776412568255, 69.470897870583613 ], [ 25.551071461889627, 69.469963803838723 ], [ 25.550528427860442, 69.469281970786795 ], [ 25.550606246952139, 69.468867399901811 ], [ 25.55069707162157, 69.468127598841349 ] ] } },
{ "type": "Feature", "properties": { "objectid": 1711766, "eier": "GLITRE ENERGI NETT AS", "eierorgnr": 981915550, "st_length(shape)": 1988.3627960171821, "objekttype": "EL_Luftlinje", "nvenetbasid": 15618.0, "komponentkodesystem": "NVE NetBAS", "nvenettnivaa": "2", "sosinettnivaa": null, "navn": "S 66HOKKSUND-SKOTSELV-2", "spenning_kv": 66.0, "driftsattaar": 1962.0, "nveopprettetdato": 1270512000000.0, "nveendretdato": null, "kildeendretdato": 1535587200000, "malemetode": null, "noyaktighet": null, "globalid": "{267BD3A6-8779-4169-92A0-67F24C86DE42}", "nve_layer": "regionalnett_luft", "voltage_kv": 66.0, "geod_km": 1.9871518610171415, "osm_covered_frac": 0.5 }, "geometry": { "type": "LineString", "coordinates": [ [ 9.882323631016664, 59.775805806304639 ], [ 9.885386201953512, 59.774243876332093 ], [ 9.887945036214818, 59.773927763175728 ], [ 9.890468250256289, 59.773593252780316 ], [ 9.89046967324496, 59.773591429591868 ], [ 9.891121739391384, 59.772755830987627 ], [ 9.890529924963211, 59.771903856607395 ], [ 9.890052300587636, 59.771333621220379 ], [ 9.889247947446231, 59.770194278651147 ], [ 9.887176733731522, 59.767529055616883 ], [ 9.886052888531802, 59.766076737314762 ], [ 9.885271847795932, 59.7650614995407 ], [ 9.884481198929619, 59.764037969672465 ], [ 9.884483550103575, 59.764036816172421 ], [ 9.886359527346077, 59.763116082246547 ], [ 9.887029615629597, 59.762792170611675 ], [ 9.888411771881389, 59.762124024859745 ] ] } },
{ "type": "Feature", "properties": { "objectid": 1711770, "eier": "EB NETT AS", "eierorgnr": 981915550, "st_length(shape)": 1988.3627960171821, "objekttype": "EL_Luftlinje", "nvenetbasid": 15619.0, "komponentkodesystem": "NVE NetBAS", "nvenettnivaa": "2", "sosinettnivaa": null, "navn": "S 66 HOKKSUND-SKOTSELV-1", "spenning_kv": 66.0, "driftsattaar": 1962.0, "nveopprettetdato": 1270512000000.0, "nveendretdato": null, "kildeendretdato": 1535587200000, "malemetode": null, "noyaktighet": null, "globalid": "{9216F2DE-2A09-4B65-BCFA-FFDA090FA376}", "nve_layer": "regionalnett_luft", "voltage_kv": 66.0, "geod_km": 1.9871518610171415, "osm_covered_frac": 0.5 }, "geometry": { "type": "LineString", "coordinates": [ [ 9.882323631016664, 59.775805806304639 ], [ 9.885386201953512, 59.774243876332093 ], [ 9.887945036214818, 59.773927763175728 ], [ 9.890468250256289, 59.773593252780316 ], [ 9.89046967324496, 59.773591429591868 ], [ 9.891121739391384, 59.772755830987627 ], [ 9.890529924963211, 59.771903856607395 ], [ 9.890052300587636, 59.771333621220379 ], [ 9.889247947446231, 59.770194278651147 ], [ 9.887176733731522, 59.767529055616883 ], [ 9.886052888531802, 59.766076737314762 ], [ 9.885271847795932, 59.7650614995407 ], [ 9.884481198929619, 59.764037969672465 ], [ 9.884483550103575, 59.764036816172421 ], [ 9.886359527346077, 59.763116082246547 ], [ 9.887029615629597, 59.762792170611675 ], [ 9.888411771881389, 59.762124024859745 ] ] } },
{ "type": "Feature", "properties": { "objectid": 1711788, "eier": "GLITRE ENERGI NETT AS", "eierorgnr": 981915550, "st_length(shape)": 1731.8141000060382, "objekttype": "EL_Luftlinje", "nvenetbasid": 15648.0, "komponentkodesystem": "NVE NetBAS", "nvenettnivaa": "2", "sosinettnivaa": null, "navn": "S 66 KAGGEFOSS-BRAGERNES", "spenning_kv": 50.0, "driftsattaar": 1953.0, "nveopprettetdato": 1270512000000.0, "nveendretdato": null, "kildeendretdato": 1535587200000, "malemetode": null, "noyaktighet": null, "globalid": "{07EB246B-DF5F-43F6-A2B4-EE33488025EE}", "nve_layer": "regionalnett_luft", "voltage_kv": 50.0, "geod_km": 1.730812675218796, "osm_covered_frac": 0.5714285714285714 }, "geometry": { "type": "MultiLineString", "coordinates": [ [ [ 9.933620789847714, 59.947378827116452 ], [ 9.93362121519093, 59.947377805246852 ], [ 9.933838154956016, 59.94685764547468 ], [ 9.933928021843137, 59.94664216414531 ], [ 9.933980673284259, 59.946515912974768 ], [ 9.933994897208605, 59.946494701477661 ] ], [ [ 9.935316656281687, 59.944893328904307 ], [ 9.937010019643932, 59.943649501393672 ], [ 9.938211064614643, 59.942677867724321 ], [ 9.938247906332784, 59.942648061120579 ], [ 9.938969955583127, 59.942071941663421 ], [ 9.939279913764878, 59.941824620523278 ], [ 9.939989339256012, 59.939988826662699 ], [ 9.940651555571746, 59.938296056241064 ], [ 9.941323280586758, 59.936561021663557 ], [ 9.941323567507546, 59.936560281456465 ], [ 9.941324500271358, 59.936557871070519 ], [ 9.941415457113074, 59.936322919628275 ], [ 9.942370372576978, 59.934191893280406 ], [ 9.942769660298408, 59.93326561967114 ], [ 9.942795126303864, 59.933206540018531 ], [ 9.943317775863081, 59.932980849862865 ], [ 9.946082526386057, 59.931786887647647 ] ] ] } },
{ "type": "Feature", "properties": { "objectid": 1711793, "eier": "EB NETT AS", "eierorgnr": 981915550, "st_length(shape)": 1731.8141000060386, "objekttype": "EL_Luftlinje", "nvenetbasid": 15650.0, "komponentkodesystem": "NVE NetBAS", "nvenettnivaa": "2", "sosinettnivaa": null, "navn": "S 66 KAGGEFOSS-SOLBERG", "spenning_kv": 50.0, "driftsattaar": 1953.0, "nveopprettetdato": 1270512000000.0, "nveendretdato": null, "kildeendretdato": 1535587200000, "malemetode": null, "noyaktighet": null, "globalid": "{E089905D-8494-4CD1-9337-CBB9584E56A6}", "nve_layer": "regionalnett_luft", "voltage_kv": 50.0, "geod_km": 1.7308126752187967, "osm_covered_frac": 0.6 }, "geometry": { "type": "MultiLineString", "coordinates": [ [ [ 9.933994897208605, 59.946494701477661 ], [ 9.933980673284259, 59.946515912974768 ], [ 9.933928021843137, 59.94664216414531 ], [ 9.933838154956016, 59.94685764547468 ], [ 9.93362121519093, 59.947377805246852 ], [ 9.933620789847714, 59.947378827116452 ] ], [ [ 9.946082526386057, 59.931786887647647 ], [ 9.943317775863081, 59.932980849862865 ], [ 9.942795126303864, 59.933206540018531 ], [ 9.942769660298408, 59.93326561967114 ], [ 9.942370372576978, 59.934191893280406 ], [ 9.941415457113074, 59.936322919628275 ], [ 9.941324500271358, 59.936557871070519 ], [ 9.941323567507546, 59.936560281456465 ], [ 9.941323280586758, 59.936561021663557 ], [ 9.940651555571746, 59.938296056241064 ], [ 9.939989339256012, 59.939988826662699 ], [ 9.939279913764878, 59.941824620523278 ], [ 9.938969955583127, 59.942071941663421 ], [ 9.938247906332784, 59.942648061120579 ], [ 9.938211064614643, 59.942677867724321 ], [ 9.937010019643932, 59.943649501393672 ], [ 9.935316656281687, 59.944893328904307 ] ] ] } },
{ "type": "Feature", "properties": { "objectid": 1711867, "eier": "LINJA AS", "eierorgnr": 984882114, "st_length(shape)": 12239.306928303371, "objekttype": "EL_Luftlinje", "nvenetbasid": 18077.0, "komponentkodesystem": "NVE NetBAS", "nvenettnivaa": "2", "sosinettnivaa": null, "navn": "66 SANDANE-REED", "spenning_kv": 132.0, "driftsattaar": 2018.0, "nveopprettetdato": 1301875200000.0, "nveendretdato": null, "kildeendretdato": 1535587200000, "malemetode": null, "noyaktighet": null, "globalid": "{7DCF84E9-2462-47B5-9A34-577D7BB2A664}", "nve_layer": "regionalnett_luft", "voltage_kv": 132.0, "geod_km": 12.212834022764568, "osm_covered_frac": 0.42448979591836733 }, "geometry": { "type": "LineString", "coordinates": [ [ 6.215949584709794, 61.762095443469399 ], [ 6.220017299727589, 61.760063392475978 ], [ 6.224004248204798, 61.758515182748432 ], [ 6.2358788253844, 61.755727389869527 ], [ 6.239964255847835, 61.755040004275955 ], [ 6.246191669442516, 61.754816213235273 ], [ 6.270297480043722, 61.748668563404102 ], [ 6.27036317923221, 61.748651799061051 ], [ 6.270425637336868, 61.748643013678667 ], [ 6.276264097062016, 61.747821604165033 ], [ 6.277332141331645, 61.747671308924325 ], [ 6.281651732991388, 61.747063356260227 ], [ 6.284069988240949, 61.746727410223727 ], [ 6.296096974653295, 61.745055855998444 ], [ 6.302044824302118, 61.74568249299638 ], [ 6.304282681877066, 61.74624383313072 ], [ 6.304379918352645, 61.746548721859696 ], [ 6.302375102522136, 61.749118659264333 ], [ 6.302362216047725, 61.749854513526209 ], [ 6.303600629983535, 61.750866322988166 ], [ 6.310463455984554, 61.754371369348149 ], [ 6.310672602377086, 61.754478591323739 ], [ 6.313665943360664, 61.755886296869733 ], [ 6.313675641513376, 61.755890858208176 ], [ 6.318278616265627, 61.756142412330568 ], [ 6.322272448436977, 61.756009055693902 ], [ 6.328849897028608, 61.754739937996106 ], [ 6.333197916025141, 61.753695273823205 ], [ 6.334687324636938, 61.753337376135448 ], [ 6.335102798271502, 61.75328062470092 ], [ 6.357091145601643, 61.750275020113975 ], [ 6.364924149518516, 61.749889713381933 ], [ 6.37158982204045, 61.748295218896601 ], [ 6.371967569814337, 61.748222521716428 ], [ 6.37255587513571, 61.748101388485516 ], [ 6.374479665849607, 61.747705250294906 ], [ 6.381298503881261, 61.746361134914956 ], [ 6.385280958621227, 61.745319722633781 ], [ 6.387600916445359, 61.744569328202331 ], [ 6.398948079116278, 61.741417948044962 ], [ 6.398978143225085, 61.741409596989847 ], [ 6.40429798841735, 61.739933509105192 ], [ 6.412578708630892, 61.738424288915596 ], [ 6.412587838951991, 61.738422624559284 ], [ 6.412618348176297, 61.738382961481392 ], [ 6.413014791290655, 61.737867550455867 ], [ 6.413016655816849, 61.737865126994691 ] ] } },
{ "type": "Feature", "properties": { "objectid": 1712017, "eier": "HÅLOGALAND KRAFT NETT AS", "eierorgnr": 985411131, "st_length(shape)": 5842.3894923560083, "objekttype": "EL_Luftlinje", "nvenetbasid": 19668.0, "komponentkodesystem": "NVE NetBAS", "nvenettnivaa": "2", "sosinettnivaa": null, "navn": "N 66 T_ OTTERÅ- RAMSUND", "spenning_kv": 66.0, "driftsattaar": 1983.0, "nveopprettetdato": 1279670400000.0, "nveendretdato": null, "kildeendretdato": 1535587200000, "malemetode": null, "noyaktighet": null, "globalid": "{5525766A-C4B3-46C9-B639-2D706318312D}", "nve_layer": "regionalnett_luft", "voltage_kv": 66.0, "geod_km": 5.8444369792584263, "osm_covered_frac": 0.58119658119658124 }, "geometry": { "type": "LineString", "coordinates": [ [ 16.587102891191758, 68.534751184900699 ], [ 16.587508383377074, 68.52457424717177 ], [ 16.575345977712402, 68.514195802640586 ], [ 16.564934115264585, 68.510873634291372 ], [ 16.564567762303092, 68.510756710463752 ], [ 16.520903973513072, 68.505544705707635 ], [ 16.519512634041277, 68.49673083198438 ], [ 16.519508042806898, 68.496713469638777 ] ] } },
{ "type": "Feature", "properties": { "objectid": 1712062, "eier": "KJØLLEFJORD VIND AS", "eierorgnr": 990564884, "st_length(shape)": 3965.4672769409722, "objekttype": "EL_Luftlinje", "nvenetbasid": 38232.0, "komponentkodesystem": "NVE NetBAS", "nvenettnivaa": "2", "sosinettnivaa": null, "navn": "KJØLLEFJORD - GARTERFJELLET", "spenning_kv": 73.0, "driftsattaar": 2006.0, "nveopprettetdato": 1563321600000.0, "nveendretdato": null, "kildeendretdato": 1200614400000, "malemetode": null, "noyaktighet": null, "globalid": "{6D028477-F744-413A-AFC3-DA846A1AAC51}", "nve_layer": "regionalnett_luft", "voltage_kv": 73.0, "geod_km": 3.9573957211489463, "osm_covered_frac": 0.69620253164556967 }, "geometry": { "type": "LineString", "coordinates": [ [ 27.34464082957038, 70.939313322066482 ], [ 27.343278325961144, 70.938708739988527 ], [ 27.343477257466766, 70.938292152721232 ], [ 27.343931081314839, 70.938034707786585 ], [ 27.344341661803963, 70.937099884987489 ], [ 27.344242438694302, 70.935846777272076 ], [ 27.34491815114615, 70.934112938184157 ], [ 27.344663512622986, 70.932492395469552 ], [ 27.334626902515296, 70.931885819515287 ], [ 27.333098496383524, 70.930930875502128 ], [ 27.331883574891336, 70.930105921807126 ], [ 27.326182760512328, 70.928034456261798 ], [ 27.324311753754891, 70.926535737995579 ], [ 27.324809381406695, 70.925859670313841 ], [ 27.323422814415942, 70.925310835868515 ], [ 27.310997087725148, 70.924297674083434 ], [ 27.303482159144298, 70.923557378851655 ], [ 27.300339166777942, 70.922786716586685 ], [ 27.296857284571413, 70.921660963471524 ], [ 27.290487924395347, 70.920351786551933 ], [ 27.286833862437085, 70.922071573078895 ], [ 27.283436871066399, 70.923282715790208 ], [ 27.280240783856264, 70.924284989709292 ] ] } },
{ "type": "Feature", "properties": { "objectid": 1712136, "eier": "LINJA AS", "eierorgnr": 984882114, "st_length(shape)": 5055.663677808343, "objekttype": "EL_Luftlinje", "nvenetbasid": 78414.0, "komponentkodesystem": "NVE NetBAS", "nvenettnivaa": "2", "sosinettnivaa": null, "navn": "GROV ØYRAVATN", "spenning_kv": 145.0, "driftsattaar": 2011.0, "nveopprettetdato": 1301875200000.0, "nveendretdato": null, "kildeendretdato": 1535587200000, "malemetode": null, "noyaktighet": null, "globalid": "{865B4253-657F-4F77-AC30-442DD426908B}", "nve_layer": "regionalnett_luft", "voltage_kv": 145.0, "geod_km": 5.041499936737341, "osm_covered_frac": 0.60396039603960394 }, "geometry": { "type": "LineString", "coordinates": [ [ 5.35750152029191, 61.557833259024839 ], [ 5.357498976765759, 61.558142015545734 ], [ 5.357479698569196, 61.56048045386472 ], [ 5.346340114272797, 61.568726739074016 ], [ 5.345958358313451, 61.569009243284491 ], [ 5.342720298639543, 61.572339684357338 ], [ 5.340290948896508, 61.575815580847632 ], [ 5.339664347046597, 61.576711974557369 ], [ 5.338971697416191, 61.577382337959087 ], [ 5.336814421751015, 61.579469980542804 ], [ 5.335618655745713, 61.580702020858347 ], [ 5.334156181356864, 61.582058372060551 ], [ 5.333466640263643, 61.582557335270636 ], [ 5.332440885403325, 61.583754374921654 ], [ 5.332325364578494, 61.583873437510185 ], [ 5.326748480436108, 61.589620062312136 ], [ 5.321868506051183, 61.592905357893386 ], [ 5.321278420869735, 61.593961100489011 ], [ 5.318439440849517, 61.598504576757357 ] ] } },
{ "type": "Feature", "properties": { "objectid": 1712139, "eier": "LINJA AS", "eierorgnr": 984882114, "st_length(shape)": 3883.6702465929766, "objekttype": "EL_Luftlinje", "nvenetbasid": 78414.0, "komponentkodesystem": "NVE NetBAS", "nvenettnivaa": "2", "sosinettnivaa": null, "navn": "GROV ØYRAVATN", "spenning_kv": 145.0, "driftsattaar": 2011.0, "nveopprettetdato": 1301875200000.0, "nveendretdato": null, "kildeendretdato": 1535587200000, "malemetode": null, "noyaktighet": null, "globalid": "{195D1CA0-72F1-482C-8BC8-3CBDD675E0C8}", "nve_layer": "regionalnett_luft", "voltage_kv": 145.0, "geod_km": 3.8727143733745466, "osm_covered_frac": 0.61538461538461542 }, "geometry": { "type": "LineString", "coordinates": [ [ 5.319146809859385, 61.510751906295148 ], [ 5.321210217937482, 61.51699015602015 ], [ 5.322397995525461, 61.520580141796806 ], [ 5.322531104012639, 61.520982410730895 ], [ 5.321668041847605, 61.523453405871479 ], [ 5.3216644758461, 61.52346361220139 ], [ 5.324401657068726, 61.528539598286123 ], [ 5.329087456948458, 61.542779548004276 ], [ 5.331147141860098, 61.544773704783928 ] ] } },
{ "type": "Feature", "properties": { "objectid": 1712146, "eier": "LINJA AS", "eierorgnr": 984882114, "st_length(shape)": 1144.1822649893481, "objekttype": "EL_Luftlinje", "nvenetbasid": 78414.0, "komponentkodesystem": "NVE NetBAS", "nvenettnivaa": "2", "sosinettnivaa": null, "navn": "GROV ØYRAVATN", "spenning_kv": 145.0, "driftsattaar": 2011.0, "nveopprettetdato": 1301875200000.0, "nveendretdato": null, "kildeendretdato": 1535587200000, "malemetode": null, "noyaktighet": null, "globalid": "{57A5DBE7-E848-4E22-B2F5-C449B6AE64EE}", "nve_layer": "regionalnett_luft", "voltage_kv": 145.0, "geod_km": 1.1409416572762932, "osm_covered_frac": 0.69565217391304346 }, "geometry": { "type": "LineString", "coordinates": [ [ 5.322039858661416, 61.462927210470411 ], [ 5.321813924311023, 61.462961908463662 ], [ 5.32102968077136, 61.462015375192898 ], [ 5.328982629595757, 61.459581164672663 ], [ 5.3369198678347, 61.459182652759033 ], [ 5.338521028858435, 61.459102204252837 ] ] } },
{ "type": "Feature", "properties": { "objectid": 1712149, "eier": "LINJA AS", "eierorgnr": 984882114, "st_length(shape)": 1659.5849804670443, "objekttype": "EL_Luftlinje", "nvenetbasid": 78414.0, "komponentkodesystem": "NVE NetBAS", "nvenettnivaa": "2", "sosinettnivaa": null, "navn": "GROV ØYRAVATN", "spenning_kv": 145.0, "driftsattaar": 2011.0, "nveopprettetdato": 1301875200000.0, "nveendretdato": null, "kildeendretdato": 1535587200000, "malemetode": null, "noyaktighet": null, "globalid": "{445D795C-F824-4429-AA85-105238C194FD}", "nve_layer": "regionalnett_luft", "voltage_kv": 145.0, "geod_km": 1.6549289973610855, "osm_covered_frac": 0.6470588235294118 }, "geometry": { "type": "LineString", "coordinates": [ [ 5.331147141860098, 61.544773704783928 ], [ 5.331700386544218, 61.545301187296666 ], [ 5.335397301131123, 61.548825458551683 ], [ 5.338489204150697, 61.550142980423082 ], [ 5.345461410020013, 61.552069008952635 ], [ 5.348488952721059, 61.552905166227909 ], [ 5.349804576717355, 61.553791370626783 ], [ 5.351140820676469, 61.555413462111737 ], [ 5.351140952462507, 61.555413622609855 ] ] } },
{ "type": "Feature", "properties": { "objectid": 1712187, "eier": "LINJA AS", "eierorgnr": 984882114, "st_length(shape)": 16424.274210222735, "objekttype": "EL_Luftlinje", "nvenetbasid": 83278.0, "komponentkodesystem": "NVE NetBAS", "nvenettnivaa": "2", "sosinettnivaa": null, "navn": "66 KV FOSSEDAL - RINGSTAD", "spenning_kv": 73.0, "driftsattaar": 1981.0, "nveopprettetdato": 1625788800000.0, "nveendretdato": null, "kildeendretdato": 1594944000000, "malemetode": null, "noyaktighet": null, "globalid": "{A9A3666B-030A-42BB-BAF5-B07AABBDC3CA}", "nve_layer": "regionalnett_luft", "voltage_kv": 73.0, "geod_km": 16.375895866951364, "osm_covered_frac": 0.78115501519756836 }, "geometry": { "type": "MultiLineString", "coordinates": [ [ [ 5.264956960569413, 61.371306019849698 ], [ 5.262597609326154, 61.371095822054436 ], [ 5.195260498729787, 61.365078248167983 ], [ 5.195260349998717, 61.365078235530191 ], [ 5.183126351271303, 61.363990096138792 ], [ 5.137498951007951, 61.35988801620919 ], [ 5.117814393477286, 61.35811324657589 ], [ 5.115738168779931, 61.357925875505423 ], [ 5.115475133320071, 61.3579021347579 ], [ 5.115474301177565, 61.357902060087383 ], [ 5.114475600185957, 61.357811917134107 ] ], [ [ 5.114475600185957, 61.357811917134107 ], [ 5.115474301177565, 61.357902060087383 ], [ 5.115475133320071, 61.3579021347579 ], [ 5.115738168779931, 61.357925875505423 ], [ 5.117814393477286, 61.35811324657589 ], [ 5.137498951007951, 61.35988801620919 ], [ 5.183126351271303, 61.363990096138792 ], [ 5.195260349998717, 61.365078235530191 ], [ 5.195260498729787, 61.365078248167983 ], [ 5.262597609326154, 61.371095822054436 ], [ 5.264956960569413, 61.371306019849698 ] ] ] } },
{ "type": "Feature", "properties": { "objectid": 1712230, "eier": "GLITRE ENERGI NETT AS", "eierorgnr": 981915550, "st_length(shape)": 8854.1418841888335, "objekttype": "EL_Luftlinje", "nvenetbasid": 85872.0, "komponentkodesystem": "NVE NetBAS", "nvenettnivaa": "2", "sosinettnivaa": null, "navn": "66 HOKKSUND-AVGR.SKOTSELV L2", "spenning_kv": 60.0, "driftsattaar": 2018.0, "nveopprettetdato": 1625788800000.0, "nveendretdato": null, "kildeendretdato": 1596153600000, "malemetode": null, "noyaktighet": null, "globalid": "{037D3903-7F59-45D2-AF8B-29B049055D2D}", "nve_layer": "regionalnett_luft", "voltage_kv": 60.0, "geod_km": 8.8487315847732919, "osm_covered_frac": 0.80225988700564976 }, "geometry": { "type": "MultiLineString", "coordinates": [ [ [ 9.890581852950744, 59.761043402444784 ], [ 9.889793889805782, 59.761432392362828 ], [ 9.888413557286539, 59.762122150151242 ], [ 9.887028881661603, 59.762791513080337 ], [ 9.886361315105228, 59.763114204954327 ], [ 9.884482989029584, 59.764036089794097 ], [ 9.884483550103575, 59.764036816172421 ], [ 9.885273635999555, 59.765059620477061 ], [ 9.886054676475165, 59.766074860029562 ], [ 9.887178519647057, 59.76752718003646 ], [ 9.889249729302184, 59.770192406482643 ], [ 9.890054082326124, 59.771331749935769 ], [ 9.890531706707366, 59.771901985316433 ], [ 9.891123521013707, 59.77275396058333 ], [ 9.890470031961929, 59.773591382386115 ], [ 9.89046967324496, 59.773591429591868 ], [ 9.887946820538021, 59.773925888415135 ], [ 9.885387990532401, 59.774241998169259 ], [ 9.882325424087703, 59.775803923853736 ], [ 9.880345061440764, 59.776791175314813 ], [ 9.880343986806096, 59.776792700701307 ], [ 9.879841961424052, 59.777504632245019 ], [ 9.879672041319147, 59.777745592784491 ], [ 9.879616827844087, 59.777825702600531 ], [ 9.879128211965211, 59.77853462693006 ], [ 9.878531264369796, 59.779363616449153 ], [ 9.877899207589335, 59.780213311530943 ], [ 9.877256648897841, 59.781057685262176 ], [ 9.87664007707582, 59.781970490677359 ], [ 9.876288262428108, 59.782476951406387 ], [ 9.87602420871217, 59.782857065424402 ], [ 9.875853882456591, 59.7830777570652 ], [ 9.875403480138791, 59.783661323892069 ], [ 9.874835252547635, 59.784458044774517 ], [ 9.87499301142407, 59.785850131212229 ], [ 9.875580834229361, 59.791036373884936 ], [ 9.875703201191998, 59.793019974091635 ], [ 9.875728080049109, 59.79380879765651 ], [ 9.875730636242524, 59.793889870115528 ], [ 9.875801942537139, 59.794951466803795 ], [ 9.87586906089766, 59.796118249786083 ], [ 9.87594175820872, 59.797062645974876 ], [ 9.876055484604255, 59.797940409205765 ], [ 9.876163812578437, 59.799026724239752 ], [ 9.876237038663604, 59.799949835614328 ], [ 9.875991812286715, 59.800874077927965 ], [ 9.87573246243447, 59.801831192848717 ], [ 9.875690325326858, 59.802037207217381 ], [ 9.875534355612366, 59.802799751515501 ], [ 9.875278251817809, 59.80376609289732 ], [ 9.874982787907612, 59.804713927031038 ], [ 9.874778526267205, 59.805346940449617 ], [ 9.874243171900607, 59.807263965961681 ], [ 9.87395621664508, 59.80816450401111 ], [ 9.873711254863142, 59.808974065912501 ], [ 9.873436446314596, 59.810033289522401 ], [ 9.873196296814699, 59.810857454659491 ], [ 9.872914784120081, 59.811900198294822 ], [ 9.872665634167628, 59.812872053389249 ], [ 9.872461253042161, 59.81385878720365 ], [ 9.872044257825372, 59.815170390105799 ], [ 9.871705528664462, 59.816462434576032 ], [ 9.871427993289577, 59.81748332596991 ], [ 9.871154363573439, 59.818627306430372 ], [ 9.870855304711423, 59.819706349628582 ], [ 9.870582565869752, 59.820749117022508 ], [ 9.870343103110764, 59.821618889888541 ], [ 9.87013706686855, 59.82245790755956 ], [ 9.869868437324216, 59.823475233949829 ], [ 9.869617137025884, 59.824453380767231 ], [ 9.869385426618955, 59.825376170913735 ], [ 9.869094294579709, 59.826633857375867 ], [ 9.868933276549205, 59.827477784919715 ], [ 9.868729901661139, 59.828421668191929 ], [ 9.868586304060301, 59.829366773906195 ], [ 9.868441993537116, 59.830042386894213 ] ], [ [ 9.898049084582894, 59.764823731998106 ], [ 9.897317411458037, 59.764297738877801 ], [ 9.895578546049517, 59.763078778146507 ], [ 9.894033332771036, 59.761987162927326 ], [ 9.892709190055271, 59.761056636266247 ] ] ] } },
{ "type": "Feature", "properties": { "objectid": 1712255, "eier": "GLITRE ENERGI NETT AS", "eierorgnr": 981915550, "st_length(shape)": 3836.3213354352501, "objekttype": "EL_Luftlinje", "nvenetbasid": 85946.0, "komponentkodesystem": "NVE NetBAS", "nvenettnivaa": "2", "sosinettnivaa": null, "navn": "66 AVGR.VESTFOSSEN-HOKKSUND L2", "spenning_kv": 60.0, "driftsattaar": 2017.0, "nveopprettetdato": 1625788800000.0, "nveendretdato": null, "kildeendretdato": 1602806400000, "malemetode": null, "noyaktighet": null, "globalid": "{30768AFE-63AC-4464-8D24-FB33ECD3896E}", "nve_layer": "regionalnett_luft", "voltage_kv": 60.0, "geod_km": 3.8339657663224451, "osm_covered_frac": 0.80519480519480524 }, "geometry": { "type": "MultiLineString", "coordinates": [ [ [ 9.898049084582894, 59.764823731998106 ], [ 9.897317411458037, 59.764297738877801 ], [ 9.895578546049517, 59.763078778146507 ], [ 9.894033332771036, 59.761987162927326 ], [ 9.892709190055271, 59.761056636266247 ] ], [ [ 9.890587118367151, 59.759617053659262 ], [ 9.88985823375619, 59.75907979659943 ], [ 9.887839074335524, 59.757627440976314 ], [ 9.887099434248611, 59.75706057946087 ], [ 9.885340304263549, 59.755779759276251 ], [ 9.885315603924727, 59.755761774541455 ], [ 9.884354969720006, 59.755059170131524 ], [ 9.881747599692108, 59.753128536108306 ], [ 9.878655589681227, 59.750858769170158 ], [ 9.877060736291869, 59.749670392947699 ], [ 9.876025582083233, 59.748896447446562 ], [ 9.875361354945165, 59.748399807904875 ], [ 9.871962945302789, 59.74586413834426 ], [ 9.870843559110527, 59.744495175331252 ], [ 9.869854330120013, 59.743208767173492 ], [ 9.869631359293976, 59.742940260783975 ], [ 9.868605468747264, 59.741704801205714 ], [ 9.868107257332012, 59.741104781073147 ], [ 9.866854313946313, 59.7395602970768 ], [ 9.864465306995642, 59.736541020182727 ], [ 9.863365536487876, 59.735253405913859 ], [ 9.862929255739106, 59.7346751673009 ], [ 9.862128183647519, 59.733715045581135 ] ] ] } },
{ "type": "Feature", "properties": { "objectid": 8221, "eier": "FAGNE AS", "eierorgnr": 915635857, "st_length(shape)": 1123.8814264335463, "objekttype": "EL_Sjøkabel", "nvenetbasid": null, "komponentkodesystem": null, "nvenettnivaa": "2", "sosinettnivaa": "Regionalnett", "navn": null, "spenning_kv": 66.0, "driftsattaar": null, "nveopprettetdato": null, "nveendretdato": null, "kildeendretdato": 1710436189000, "malemetode": 99.0, "noyaktighet": null, "globalid": "{D8A7BE40-77B4-4E0B-A3D6-389343A14F1D}", "nve_layer": "sjokabel", "voltage_kv": 66.0, "geod_km": 1.1202983167079683, "osm_covered_frac": 0.69565217391304346 }, "geometry": { "type": "LineString", "coordinates": [ [ 5.337710215233509, 59.784728235021923 ], [ 5.336376589812959, 59.784631409302136 ], [ 5.320180812686222, 59.783454418449359 ], [ 5.317967172492614, 59.783293385635844 ] ] } },
{ "type": "Feature", "properties": { "objectid": 8734, "eier": "LNETT AS", "eierorgnr": 980038408, "st_length(shape)": 724.95017810965237, "objekttype": "EL_Sjøkabel", "nvenetbasid": null, "komponentkodesystem": null, "nvenettnivaa": "2", "sosinettnivaa": "Regionalnett", "navn": "F3982", "spenning_kv": 52.0, "driftsattaar": 1986.0, "nveopprettetdato": null, "nveendretdato": null, "kildeendretdato": 1741332127000, "malemetode": 99.0, "noyaktighet": null, "globalid": "{E00B0ACF-DDE3-45F3-A087-BA6208CF4EDE}", "nve_layer": "sjokabel", "voltage_kv": 52.0, "geod_km": 0.72272097191362317, "osm_covered_frac": 0.53333333333333333 }, "geometry": { "type": "LineString", "coordinates": [ [ 5.700049380138223, 58.989525707466676 ], [ 5.70005416517536, 58.98952822661434 ], [ 5.700061738552107, 58.989532835602454 ], [ 5.700083889200796, 58.98954484189823 ], [ 5.700124398473642, 58.989551563757182 ], [ 5.700125831252095, 58.98955211578614 ], [ 5.700135242553102, 58.98955573549059 ], [ 5.700188222321935, 58.989576114773989 ], [ 5.700263130391379, 58.989606317983906 ], [ 5.700311724705095, 58.98963436385656 ], [ 5.700366318925729, 58.989667325829835 ], [ 5.700418026754481, 58.989690374620224 ], [ 5.700589627160539, 58.989744055269767 ], [ 5.701250531971869, 58.989929432270628 ], [ 5.701251123412887, 58.989929626931264 ], [ 5.701252884237814, 58.989930157520135 ], [ 5.701255312388904, 58.989930803316774 ], [ 5.701257738608983, 58.989931353179941 ], [ 5.70129028592581, 58.989933801784169 ], [ 5.701385994562291, 58.989938443688921 ], [ 5.701419941439313, 58.989940182091118 ], [ 5.701517007315163, 58.989941371509566 ], [ 5.701570172224455, 58.989941374906309 ], [ 5.701639422925036, 58.989946243091609 ], [ 5.701672069512799, 58.989951784964077 ], [ 5.701736347072785, 58.989964672138036 ], [ 5.701761400591191, 58.989969579116206 ], [ 5.701785521614921, 58.989974302879318 ], [ 5.701787558037045, 58.989974669966493 ], [ 5.701790185323806, 58.989975059964507 ], [ 5.701791442342991, 58.989975208839972 ], [ 5.70181256523221, 58.98997758993076 ], [ 5.701856118622034, 58.989987409086154 ], [ 5.701857465364819, 58.989987704534379 ], [ 5.701858251573986, 58.989987859074972 ], [ 5.701888586406699, 58.989993692550058 ], [ 5.701890384711668, 58.989994008049329 ], [ 5.70189062548183, 58.989994049886789 ], [ 5.70190358711655, 58.989996159814723 ], [ 5.701923190760037, 58.990000766954154 ], [ 5.701925134822188, 58.990001203261855 ], [ 5.701927719337744, 58.990001673300831 ], [ 5.701930346387453, 58.990002064182335 ], [ 5.701932930773427, 58.990002354373075 ], [ 5.702011485634178, 58.990009821084584 ], [ 5.702049430381964, 58.990015641726629 ], [ 5.702051183015026, 58.990015893367179 ], [ 5.702051562848111, 58.99001593894949 ], [ 5.702067996629135, 58.990017984922368 ], [ 5.702132520778031, 58.990030127009874 ], [ 5.702171978079503, 58.990039446073055 ], [ 5.702212436259863, 58.990050867343456 ], [ 5.702249844743903, 58.990062479833846 ], [ 5.702266611584666, 58.990069612492533 ], [ 5.70226701311725, 58.990069784357821 ], [ 5.702282673390621, 58.990076285612702 ], [ 5.702283965505103, 58.990076794894421 ], [ 5.702284790229233, 58.990077104044992 ], [ 5.70230494982193, 58.990084439021309 ], [ 5.702306364279302, 58.99008494270339 ], [ 5.702306583843448, 58.99008501101936 ], [ 5.702343593109489, 58.990097171136 ], [ 5.702344336549374, 58.99009740571757 ], [ 5.702388515636254, 58.990111249031706 ], [ 5.702402500297092, 58.990117241232085 ], [ 5.702404294965192, 58.990117969456399 ], [ 5.702406533367816, 58.990118772289684 ], [ 5.702408817405525, 58.990119478115808 ], [ 5.702427883015381, 58.990124969800966 ], [ 5.702425543219269, 58.990141420514817 ], [ 5.702425476040921, 58.990141931669122 ], [ 5.702425429135934, 58.990143340773422 ], [ 5.702425554854271, 58.990144746111987 ], [ 5.702425874284326, 58.990146147404587 ], [ 5.702426349858014, 58.990147534700974 ], [ 5.702427019835758, 58.990148908964393 ], [ 5.702427849059032, 58.990150251381934 ], [ 5.702428778925638, 58.990151461916376 ], [ 5.702435272919163, 58.990159301967395 ], [ 5.702435350410619, 58.990159403372587 ], [ 5.702436184216045, 58.990160323184945 ], [ 5.702477527260006, 58.990203816996605 ], [ 5.702483459324078, 58.990210258975999 ], [ 5.702484012422169, 58.990210839449546 ], [ 5.702485339900926, 58.990212068836804 ], [ 5.702486195475811, 58.990212773334456 ], [ 5.7025117910078, 58.990233019237721 ], [ 5.702537204590246, 58.990260980497979 ], [ 5.702537852143715, 58.990261670834549 ], [ 5.702539179626257, 58.99026290022131 ], [ 5.702540214404729, 58.99026374421554 ], [ 5.702544720015305, 58.990267247044962 ], [ 5.702545174374976, 58.990267591728859 ], [ 5.702545499244341, 58.990267833049437 ], [ 5.702556998095959, 58.990276161145871 ], [ 5.702558174708111, 58.99027697293667 ], [ 5.702575163998372, 58.990288137749644 ], [ 5.702575277942227, 58.990288221009152 ], [ 5.70257705661929, 58.990289291482767 ], [ 5.702577469005878, 58.990289526488986 ], [ 5.702589261509095, 58.990296046735494 ], [ 5.702605800946696, 58.990309014404296 ], [ 5.702606337527054, 58.99030942378328 ], [ 5.70260797057918, 58.990310553296467 ], [ 5.702609729676757, 58.990311631388742 ], [ 5.702611735177752, 58.990312698405937 ], [ 5.702622906992215, 58.990318249203852 ], [ 5.702621005068004, 58.990321921519843 ], [ 5.702620834546021, 58.990322258907511 ], [ 5.702620267121327, 58.990323637547007 ], [ 5.702619855481339, 58.990325029275304 ], [ 5.702619632735056, 58.99032643468265 ], [ 5.702619585596121, 58.990327844673473 ], [ 5.702619675537538, 58.990328898588139 ], [ 5.702621023604052, 58.990339565114056 ], [ 5.702621061106131, 58.990339916662386 ], [ 5.702621378828074, 58.990341317830421 ], [ 5.702621430508311, 58.990341507737455 ], [ 5.702622596943351, 58.990345338993656 ], [ 5.702623038259917, 58.990346536739821 ], [ 5.702623691527954, 58.990347901658275 ], [ 5.70262453817622, 58.990349244432203 ], [ 5.702625527682632, 58.990350564114074 ], [ 5.702626440374411, 58.990351567356591 ], [ 5.7026348834258, 58.990360347418594 ], [ 5.702644205173415, 58.99037030086923 ], [ 5.70264762718307, 58.990374575615895 ], [ 5.702647592838566, 58.990375841939411 ], [ 5.702647720283188, 58.990377247402407 ], [ 5.702648038006431, 58.990378648570413 ], [ 5.702648532721864, 58.990380036347936 ], [ 5.702648574244535, 58.990380154126179 ], [ 5.70265059615822, 58.990384870613475 ], [ 5.70265058558906, 58.990392986079023 ], [ 5.702650585855666, 58.990393345775409 ], [ 5.702650711583198, 58.990394751114046 ], [ 5.702651031023867, 58.990396152406412 ], [ 5.702651508326461, 58.990397539826617 ], [ 5.702652176600085, 58.990398913964896 ], [ 5.702653006078352, 58.990400255495153 ], [ 5.702653454343673, 58.990400860909752 ], [ 5.702658280731569, 58.990407202927699 ], [ 5.702659842712041, 58.990414532174725 ], [ 5.702660045640169, 58.990415318639414 ], [ 5.702660425586415, 58.990416452296245 ], [ 5.702663842285223, 58.990425158457668 ], [ 5.702663597107036, 58.99043262975804 ], [ 5.702663597640459, 58.990433349150848 ], [ 5.702663742739841, 58.990434754084866 ], [ 5.702664043050881, 58.990436154895598 ], [ 5.702664537767557, 58.990437542673085 ], [ 5.702665191038654, 58.990438907591397 ], [ 5.702666037690484, 58.990440250365175 ], [ 5.7026670254836, 58.990441569922481 ], [ 5.702668210451511, 58.990442840498595 ], [ 5.702669520532082, 58.990444069527058 ], [ 5.702671009923013, 58.990445257317738 ], [ 5.702672428262064, 58.990446255606017 ], [ 5.702675802897097, 58.990448489051943 ], [ 5.702676696159885, 58.990451154619393 ], [ 5.702677028820839, 58.990452043561007 ], [ 5.70267768140039, 58.990453417466277 ], [ 5.702678510639863, 58.990454759882688 ], [ 5.702679518256483, 58.990456070934606 ], [ 5.70268068409492, 58.990457341028979 ], [ 5.702682011138317, 58.990458578515323 ], [ 5.702683079126745, 58.990459442083441 ], [ 5.70269408618152, 58.990467982166322 ], [ 5.702694968560611, 58.990476767781615 ], [ 5.702695063415844, 58.990477417189311 ], [ 5.702695365445615, 58.990478818124387 ], [ 5.702695860164022, 58.99048020590179 ], [ 5.702696511719807, 58.990481570695678 ], [ 5.702697358373785, 58.990482913469265 ], [ 5.702698365991866, 58.990484224521069 ], [ 5.702699531380568, 58.990485502716069 ], [ 5.7027008605942, 58.990486732225882 ], [ 5.702702330616604, 58.990487920420911 ], [ 5.702703963920887, 58.990489049046921 ], [ 5.702705657863737, 58.990490089885512 ], [ 5.702709157935524, 58.990492093834078 ], [ 5.702711112143413, 58.990493149905021 ], [ 5.702713146479826, 58.990494091584885 ], [ 5.702713915425143, 58.990494425611558 ], [ 5.702723093349324, 58.990498255032627 ], [ 5.702724468065849, 58.990498801920459 ], [ 5.702726708217758, 58.990499604873371 ], [ 5.702729041425112, 58.990500329616083 ], [ 5.702731469646073, 58.990500975386617 ], [ 5.702733993331947, 58.990501534084267 ], [ 5.702736561960339, 58.990502004761538 ], [ 5.702739187582381, 58.990502394617138 ], [ 5.702741858146912, 58.990502696452403 ], [ 5.702744555456684, 58.990502899912393 ], [ 5.702747278578446, 58.990503014870427 ], [ 5.702750010580924, 58.990503039196646 ], [ 5.702752733809907, 58.990502973420078 ], [ 5.702755448716681, 58.990502809439988 ], [ 5.702758137677671, 58.990502554113583 ], [ 5.702759811647446, 58.990502354517012 ], [ 5.702764096752251, 58.990501780090455 ], [ 5.702775145055803, 58.990502259337397 ], [ 5.702784638391122, 58.990502951316302 ], [ 5.702791953512603, 58.990504035919344 ], [ 5.702793346159768, 58.990504233464918 ], [ 5.702796017417258, 58.990504526312073 ], [ 5.702798712318135, 58.990504738633589 ], [ 5.702801435681296, 58.990504852704206 ], [ 5.70280416744311, 58.990504877915548 ], [ 5.702805964823757, 58.990504842693447 ], [ 5.702806148872965, 58.990504919281129 ], [ 5.702806298787975, 58.990504986167302 ], [ 5.702815145213295, 58.990508824109291 ], [ 5.702815880718028, 58.990509139446914 ], [ 5.702827540082112, 58.990513966411122 ], [ 5.702828798086915, 58.990514465986493 ], [ 5.702831036525208, 58.990515268813354 ], [ 5.70283337145321, 58.990515993678606 ], [ 5.702835817782854, 58.99051663081751 ], [ 5.702838323366312, 58.990517198142911 ], [ 5.702840890521206, 58.99051766780758 ], [ 5.7028435176221, 58.990518058671711 ], [ 5.70284624042862, 58.990518361576619 ], [ 5.70285077999978, 58.990518783389582 ], [ 5.702852135497987, 58.990519716576244 ], [ 5.702853896330916, 58.990520794790022 ], [ 5.702855801766493, 58.990521804852229 ], [ 5.702857818003305, 58.990522755159652 ], [ 5.702859963838991, 58.990523628095637 ], [ 5.70286220227865, 58.990524430921973 ], [ 5.70286455462119, 58.990525156143931 ], [ 5.702866982846665, 58.990525801912028 ], [ 5.702868686417098, 58.990526195484527 ], [ 5.702881021759319, 58.990528864531406 ], [ 5.70288182377372, 58.990529038283675 ], [ 5.702884390930154, 58.990529507947485 ], [ 5.70288701803254, 58.990529898810799 ], [ 5.70288968953395, 58.99053019076981 ], [ 5.702892385913873, 58.990530404100049 ], [ 5.702895109279568, 58.990530518168747 ], [ 5.702897178920722, 58.990530544231532 ], [ 5.702922098914481, 58.990530540461904 ], [ 5.702930768279396, 58.990533664293658 ], [ 5.702932032156932, 58.990534110070556 ], [ 5.702934365371275, 58.990534834809672 ], [ 5.702936813421518, 58.990535472071102 ], [ 5.702939319008182, 58.990536039394634 ], [ 5.702941886166039, 58.990536509057357 ], [ 5.702944513269714, 58.990536899919498 ], [ 5.702947183839126, 58.990537201750605 ], [ 5.702949881153224, 58.990537405206396 ], [ 5.702952602802559, 58.990537519149541 ], [ 5.702954707270707, 58.990537545925903 ], [ 5.7029647036496, 58.990537540504739 ], [ 5.702965331187228, 58.990537538050283 ], [ 5.702965627422349, 58.99053753690896 ], [ 5.702970700502121, 58.990537477716927 ], [ 5.702975750925591, 58.990540033127132 ], [ 5.702975967725252, 58.99054013739002 ], [ 5.702977983966614, 58.990541087695675 ], [ 5.702980128330378, 58.990541959619129 ], [ 5.702982368491425, 58.990542762567856 ], [ 5.702984719120707, 58.990543487663345 ], [ 5.702987147108985, 58.990544134315535 ], [ 5.702989655347554, 58.990544691889205 ], [ 5.702992219856482, 58.99054517129985 ], [ 5.702994297264466, 58.990545484399775 ], [ 5.70300705191238, 58.990547229478373 ], [ 5.703017470378422, 58.990549561791454 ], [ 5.703044011994579, 58.99055626889826 ], [ 5.70306152277308, 58.99056127193974 ], [ 5.703073617037958, 58.99056499531072 ], [ 5.703074719459772, 58.990565320045583 ], [ 5.703077147451437, 58.99056596669616 ], [ 5.703079653975977, 58.990566524143802 ], [ 5.703081071790124, 58.990566803034973 ], [ 5.703096425386144, 58.990569602959177 ], [ 5.703121298169064, 58.990578828943264 ], [ 5.70312286567655, 58.990579381653397 ], [ 5.703159039063961, 58.99059154693974 ], [ 5.703184318885763, 58.990600351432896 ], [ 5.703185044237068, 58.990600594639773 ], [ 5.703187394874843, 58.990601319731773 ], [ 5.703188310838992, 58.990601576741241 ], [ 5.703210345179568, 58.990607530879274 ], [ 5.703226152241009, 58.990613416357114 ], [ 5.703237089063839, 58.990619420005885 ], [ 5.703238446516768, 58.990620146379648 ], [ 5.703240480875699, 58.990621088051732 ], [ 5.703242608622267, 58.990621969611517 ], [ 5.70324336603251, 58.990622249480417 ], [ 5.703262530376728, 58.99062925375361 ], [ 5.703264047966344, 58.990629777543298 ], [ 5.703270259918127, 58.990631841384108 ], [ 5.703278390276687, 58.990638951286485 ], [ 5.703278536973611, 58.990639062220801 ], [ 5.703280008739942, 58.990640250534256 ], [ 5.703281641829811, 58.990641380039854 ], [ 5.703283400965472, 58.990642458123915 ], [ 5.703283981023999, 58.990642778469308 ], [ 5.703308968159416, 58.990656447200024 ], [ 5.703310277169016, 58.990657145664862 ], [ 5.703310894130971, 58.990657439763574 ], [ 5.703344193713037, 58.990673432867688 ], [ 5.703372151051849, 58.990688291760897 ], [ 5.703385223806897, 58.990695436909633 ], [ 5.703398717093161, 58.990704391009494 ], [ 5.703398962852052, 58.990704549783679 ], [ 5.7034007234709, 58.990705628876924 ], [ 5.703402628933153, 58.990706638931691 ], [ 5.703404645196338, 58.990707589231242 ], [ 5.703406455945928, 58.990708335774066 ], [ 5.703414125963664, 58.990711335694968 ], [ 5.703414444928517, 58.990711469947506 ], [ 5.70341670080726, 58.990712273122043 ], [ 5.703419035761701, 58.990712997977312 ], [ 5.703420121137375, 58.99071329526695 ], [ 5.703427100967641, 58.990715162565628 ], [ 5.703443239463234, 58.990725046529938 ], [ 5.703444228128951, 58.99072562871504 ], [ 5.703446133593586, 58.990726638769246 ], [ 5.703448149859161, 58.990727589068172 ], [ 5.703450295723169, 58.990728461995019 ], [ 5.703452534190563, 58.990729264811776 ], [ 5.70345488656027, 58.990729990023638 ], [ 5.703457314812104, 58.990730635781233 ], [ 5.703458677628086, 58.990730949544961 ], [ 5.703460060919845, 58.990731793461826 ], [ 5.703461966385298, 58.990732803515783 ], [ 5.703463982651686, 58.990733753814503 ], [ 5.703466128516515, 58.990734626741066 ], [ 5.703468366984688, 58.99073542955761 ], [ 5.70347071935517, 58.990736154769202 ], [ 5.703472807076672, 58.99073671983885 ], [ 5.703476224864207, 58.990737570996721 ], [ 5.703487447890896, 58.990742045480943 ], [ 5.703513094030601, 58.990753574000166 ], [ 5.703513494885428, 58.99075375484896 ], [ 5.703515638584422, 58.990754635751173 ], [ 5.703515924799554, 58.990754742328193 ], [ 5.703540753225193, 58.990764074356484 ], [ 5.703542707650151, 58.990764762618468 ], [ 5.703544008447327, 58.990765182143122 ], [ 5.70356084310718, 58.990770347619367 ], [ 5.703561874861824, 58.990770661810387 ], [ 5.703564303118657, 58.990771307566078 ], [ 5.703566809425812, 58.990771865891091 ], [ 5.703568040432215, 58.990772104138529 ], [ 5.703577075157213, 58.990773781328521 ], [ 5.703584094261894, 58.990776863336869 ], [ 5.703595108206264, 58.990784432337904 ], [ 5.703595778694299, 58.990784890267435 ], [ 5.703597557669848, 58.990785959842164 ], [ 5.703599445036994, 58.99078697852412 ], [ 5.703601479415856, 58.990787920191018 ], [ 5.703603607182237, 58.990788801745325 ], [ 5.703605863070655, 58.990789604916777 ], [ 5.7036081963173, 58.990790329644533 ], [ 5.703610047059779, 58.990790826041014 ], [ 5.70362174399069, 58.990793802133943 ], [ 5.703630768074624, 58.990798687623986 ], [ 5.703631945283698, 58.990799310570743 ], [ 5.703633979664184, 58.990800252237172 ], [ 5.703634681048189, 58.990800557869143 ], [ 5.703656180365925, 58.990809562965993 ], [ 5.703656936399716, 58.990809860806664 ], [ 5.703697609881333, 58.990826131077647 ], [ 5.703706442850993, 58.990829735721903 ], [ 5.703707466904359, 58.990830129784158 ], [ 5.703709706860938, 58.990830933607384 ], [ 5.703709840990765, 58.990830981275153 ], [ 5.703724983795448, 58.990835987172531 ], [ 5.703737202367811, 58.990842796606387 ], [ 5.703738810778969, 58.99084363693833 ], [ 5.703739709479332, 58.990844073435326 ], [ 5.703753874544156, 58.99085074365685 ], [ 5.70375499212494, 58.990851257454452 ], [ 5.703757136287459, 58.990852130252243 ], [ 5.703759376487597, 58.990852933188371 ], [ 5.703761727155348, 58.990853658270673 ], [ 5.703764155422045, 58.990854304022847 ], [ 5.70376539969432, 58.990854596547635 ], [ 5.703800402125825, 58.990862426695827 ], [ 5.703801665196109, 58.990862701603419 ], [ 5.703804232391492, 58.990863171249842 ], [ 5.703806119663632, 58.990863462434909 ], [ 5.703807718191777, 58.99086368210525 ], [ 5.703811554748257, 58.990865820635271 ], [ 5.703813129719522, 58.990866642278107 ], [ 5.703815146003699, 58.99086759257176 ], [ 5.703816167050624, 58.99086802346747 ], [ 5.703824678999973, 58.990871520813542 ], [ 5.703825803835644, 58.990871962838952 ], [ 5.703828044038763, 58.990872765774014 ], [ 5.703830394709393, 58.990873490855094 ], [ 5.703832822978877, 58.99087413660606 ], [ 5.70383532929827, 58.990874694926148 ], [ 5.703837895803074, 58.990875173558933 ], [ 5.703840522944328, 58.990875564403723 ], [ 5.703840885376301, 58.990875609623934 ], [ 5.7038532343561, 58.990881945906239 ], [ 5.703853616416882, 58.990882144370907 ], [ 5.703855650808523, 58.990883086034096 ], [ 5.70385779624187, 58.99088396705536 ], [ 5.703860034729296, 58.990884769865566 ], [ 5.703860221884151, 58.990884828602191 ], [ 5.703884550644697, 58.990892836589879 ], [ 5.703885379103959, 58.990893099909833 ], [ 5.703915222760196, 58.990902425370344 ], [ 5.703916543841054, 58.990902828285215 ], [ 5.703918972114345, 58.990903474034653 ], [ 5.703921478437401, 58.990904032353129 ], [ 5.70392195758677, 58.990904124883585 ], [ 5.703930452580053, 58.990905797307626 ], [ 5.703932558044611, 58.99090617477831 ], [ 5.703935185189457, 58.990906565621273 ], [ 5.703937856730954, 58.990906857559487 ], [ 5.703938789049926, 58.990906944945976 ], [ 5.703953753133901, 58.990908170306767 ], [ 5.703968220500715, 58.990911487033692 ], [ 5.703985658839597, 58.990915598149854 ], [ 5.703987637808658, 58.990916035142639 ], [ 5.703990000083585, 58.990916472777307 ], [ 5.704002835714634, 58.990918642028952 ], [ 5.704003057814464, 58.990918675280547 ], [ 5.704005685202141, 58.990919065235815 ], [ 5.704008356504422, 58.990919358058896 ], [ 5.704011053164865, 58.990919570480372 ], [ 5.704013776326449, 58.990919685412528 ], [ 5.704016456125262, 58.990919708641414 ], [ 5.704038449476603, 58.990919540634707 ], [ 5.704041224738324, 58.990919476789216 ], [ 5.70404393991565, 58.990919311896342 ], [ 5.704046628210671, 58.990919065530584 ], [ 5.704047313982493, 58.990918984145587 ], [ 5.704063610632464, 58.990917027318211 ], [ 5.704067812608833, 58.990917151721156 ], [ 5.704078035643431, 58.990919147164867 ], [ 5.704080057385422, 58.990919504111815 ], [ 5.704082684533271, 58.990919894951809 ], [ 5.704085353668172, 58.990920195749688 ], [ 5.704088051021233, 58.990920399182585 ], [ 5.704090341287187, 58.990920502651264 ], [ 5.704112165601384, 58.990921175494734 ], [ 5.704112600214787, 58.990921187080836 ], [ 5.704115332254311, 58.990921211378932 ], [ 5.704116832485772, 58.990921187156239 ], [ 5.704123956595186, 58.990920990846092 ], [ 5.704130013967879, 58.990922663890217 ], [ 5.704131814560975, 58.990923132247332 ], [ 5.7041343201974, 58.990923699548794 ], [ 5.704136887402451, 58.990924169188816 ], [ 5.704139514551414, 58.990924560027672 ], [ 5.704142185855523, 58.990924852848011 ], [ 5.704144882517496, 58.990925065266723 ], [ 5.70414760592115, 58.990925179309812 ], [ 5.704150337961106, 58.990925203607162 ], [ 5.704153061674844, 58.990925129701026 ], [ 5.704155774443154, 58.990924973668427 ], [ 5.704157584726508, 58.990924813744961 ], [ 5.704159570886547, 58.990924612332968 ], [ 5.704195881466287, 58.990926786776463 ], [ 5.704217105815812, 58.990930652345881 ], [ 5.704218220356345, 58.990930842390881 ], [ 5.704220847506892, 58.990931233228125 ], [ 5.704223518120493, 58.990931535033809 ], [ 5.704224605444907, 58.990931625507585 ], [ 5.704250460897629, 58.990933695430122 ], [ 5.704271153426647, 58.990936019616079 ], [ 5.704293755810752, 58.990941502273436 ], [ 5.704296161455428, 58.990942031605776 ], [ 5.70429872625525, 58.990942510105356 ], [ 5.704301353407741, 58.990942900940986 ], [ 5.704303507518581, 58.990943144563573 ], [ 5.704308458290288, 58.990943638567479 ], [ 5.704314560540172, 58.99094611282684 ], [ 5.704315467194817, 58.990946468561383 ], [ 5.704317707414932, 58.990947271488331 ], [ 5.704320040688272, 58.990947996203808 ], [ 5.704320549248947, 58.990948135143881 ], [ 5.704344554053547, 58.990954803781051 ], [ 5.704346491642771, 58.990955302839048 ], [ 5.7043489979773, 58.99095586114948 ], [ 5.704351564496235, 58.990956339772367 ], [ 5.704352594046657, 58.990956501069945 ], [ 5.704369005323947, 58.990958986100502 ], [ 5.704387332284623, 58.990964917403417 ], [ 5.704389228037098, 58.990965486632099 ], [ 5.704391606493139, 58.990966122439112 ], [ 5.704400828563606, 58.990968379756424 ], [ 5.704405025744277, 58.990970383515915 ], [ 5.704409190532966, 58.990973086208363 ], [ 5.704410901965781, 58.990974127383495 ], [ 5.704412807232494, 58.990975138310738 ], [ 5.704414523699672, 58.99097595482673 ], [ 5.704425346737287, 58.990980787047185 ], [ 5.704425646578004, 58.990980920816014 ], [ 5.704427792724639, 58.99098179284131 ], [ 5.704430031232548, 58.990982595642102 ], [ 5.704432383641555, 58.990983320837053 ], [ 5.704433893630369, 58.990983737423335 ], [ 5.704448745055017, 58.990987593397882 ], [ 5.704457047258406, 58.990992010850654 ], [ 5.704457960618317, 58.990992483648029 ], [ 5.704459995033718, 58.990993425302285 ], [ 5.704462121118569, 58.990994306718946 ], [ 5.70446437875886, 58.990995110000547 ], [ 5.704466712038742, 58.99099583471353 ], [ 5.704467985281482, 58.990996181743576 ], [ 5.704479161372541, 58.990999135405069 ], [ 5.704481645982536, 58.991000115075664 ], [ 5.704482115566774, 58.991000307223075 ], [ 5.704484371490714, 58.991001110380026 ], [ 5.70448670477143, 58.991001835092668 ], [ 5.704489134780607, 58.991002480956141 ], [ 5.704491641121106, 58.991003039263951 ], [ 5.70449422505926, 58.991003518241158 ], [ 5.704494378438938, 58.991003540190462 ], [ 5.704498836041939, 58.991005739024473 ], [ 5.704500652960113, 58.991006585404612 ], [ 5.704502798177602, 58.991007467302047 ], [ 5.704505037380823, 58.991008261114608 ], [ 5.70450738979326, 58.991008986308273 ], [ 5.704509818086094, 58.991009632047017 ], [ 5.704511793967063, 58.991010086881715 ], [ 5.704515745370579, 58.991012479511696 ], [ 5.704516571213433, 58.991012958624232 ], [ 5.704518476726384, 58.991013968663786 ], [ 5.704520493039449, 58.991014918947101 ], [ 5.704522639190712, 58.991015790970962 ], [ 5.704524877462236, 58.991016594656465 ], [ 5.704527229875668, 58.991017319849789 ], [ 5.704529658169487, 58.991017965588178 ], [ 5.704532164511832, 58.991018523895242 ], [ 5.704534731038282, 58.991019002514662 ], [ 5.704537359132438, 58.991019383472434 ], [ 5.704538131874889, 58.991019484604756 ], [ 5.704550701899489, 58.991020982090042 ], [ 5.704557153068458, 58.991024543456312 ], [ 5.70455862945239, 58.991025309150807 ], [ 5.704560645767285, 58.991026259433525 ], [ 5.704562791228514, 58.991027140443748 ], [ 5.704565031219024, 58.991027944252927 ], [ 5.704567364744264, 58.991028668077938 ], [ 5.704569810904097, 58.991029306071908 ], [ 5.704572316556191, 58.991029873365243 ], [ 5.704574883775908, 58.991030342996886 ], [ 5.704577511179652, 58.991030732940899 ], [ 5.704580181804762, 58.991031034739429 ], [ 5.704580510796102, 58.991031061269545 ], [ 5.70458066658502, 58.991031074356087 ], [ 5.704581148407546, 58.991031311670888 ], [ 5.70461815408601, 58.991048979795892 ], [ 5.704619489186433, 58.991049588859795 ], [ 5.704621634409771, 58.991050470755383 ], [ 5.704622071484713, 58.991050634341008 ], [ 5.704640399257249, 58.991057464852595 ], [ 5.704642202658288, 58.99105810330245 ], [ 5.704643808499222, 58.991058611774278 ], [ 5.704661380252796, 58.991063894619892 ], [ 5.704686366563834, 58.991072853755625 ], [ 5.704687546425391, 58.991073260897018 ], [ 5.704689897129064, 58.991073985963212 ], [ 5.704692326906515, 58.991074632709314 ], [ 5.704694833496774, 58.991075190127106 ], [ 5.70469739978907, 58.991075669629744 ], [ 5.704699477246979, 58.991075982703343 ], [ 5.704705407579213, 58.991076789803998 ], [ 5.704711831047812, 58.991078642953447 ], [ 5.704714310657633, 58.991079299632879 ], [ 5.704716816315959, 58.991079866923556 ], [ 5.704719383541605, 58.991080336552457 ], [ 5.704719966936185, 58.991080432108404 ], [ 5.704728664582412, 58.991081803752991 ], [ 5.704732050307647, 58.991083004999439 ], [ 5.704738522667551, 58.991086881476377 ], [ 5.704739233180097, 58.991087295303821 ], [ 5.704741138703839, 58.991088305340334 ], [ 5.704743155027607, 58.991089255620452 ], [ 5.704745300497597, 58.991090136627854 ], [ 5.704746510462396, 58.991090581192694 ], [ 5.704758671042674, 58.991094899310262 ], [ 5.704773065346656, 58.991102447236074 ], [ 5.704773797423977, 58.991102807498315 ], [ 5.704775813749511, 58.991103757777971 ], [ 5.704777959221267, 58.991104638784876 ], [ 5.704780197745717, 58.991105441579968 ], [ 5.704782532757376, 58.991106166411932 ], [ 5.70478479062667, 58.991106762754441 ], [ 5.704797687768467, 58.99110994943144 ], [ 5.704817781365367, 58.9911163393243 ], [ 5.704819372898943, 58.991116829587355 ], [ 5.704821801205662, 58.991117475320586 ], [ 5.704824307560446, 58.991118033622243 ], [ 5.704825932059689, 58.991118344626422 ], [ 5.704837779799051, 58.991120470281849 ], [ 5.704856166570969, 58.991124507148122 ], [ 5.704878140519652, 58.991130917489059 ], [ 5.704878396399362, 58.991130987525537 ], [ 5.70488082470829, 58.991131633257659 ], [ 5.70488324492991, 58.991132179900042 ], [ 5.704896242796831, 58.991134847900028 ], [ 5.704898893063899, 58.991135347033442 ], [ 5.7048999228635, 58.991135507440582 ], [ 5.704907529354394, 58.991136654578149 ], [ 5.704922505323195, 58.991140477938238 ], [ 5.704923133709227, 58.991140646336021 ], [ 5.704925640067505, 58.991141204635795 ], [ 5.70492605026061, 58.99114128674772 ], [ 5.704943722243598, 58.991144783849052 ], [ 5.704959304913526, 58.991148101673012 ], [ 5.704964488905723, 58.991149438523792 ], [ 5.704965904670233, 58.991150292002523 ], [ 5.704967811921573, 58.991151302160269 ], [ 5.704969560588423, 58.991152129132331 ], [ 5.704984459892811, 58.99115877283095 ], [ 5.70499829018642, 58.991165110496588 ], [ 5.704998992616036, 58.991165425232978 ], [ 5.705001136380326, 58.991166306112092 ], [ 5.70500337639064, 58.991167109914123 ], [ 5.705005624942221, 58.991167804985771 ], [ 5.705028013626085, 58.991174261590515 ], [ 5.70505217177308, 58.99118368484158 ], [ 5.705052457996785, 58.991183791415402 ], [ 5.70505469825038, 58.991184594330349 ], [ 5.705056236073521, 58.991185082509148 ], [ 5.705070369182989, 58.991189352714606 ], [ 5.705094380596853, 58.991198304442513 ], [ 5.705096201878511, 58.991198935142627 ], [ 5.70509738382449, 58.991199315319442 ], [ 5.705118393024688, 58.991205809401578 ], [ 5.705118763907921, 58.99120592662274 ], [ 5.705130528446898, 58.991209479506928 ], [ 5.705141696364728, 58.991213790786695 ], [ 5.705148695911367, 58.991217087268971 ], [ 5.705149814217287, 58.991217592068303 ], [ 5.705151960156887, 58.991218464968632 ], [ 5.705154198697902, 58.991219267757671 ], [ 5.705156551139264, 58.991219992940167 ], [ 5.705158979460075, 58.991220638667386 ], [ 5.705159694676038, 58.991220809735097 ], [ 5.705171858096772, 58.991223635992029 ], [ 5.70517363114413, 58.991224031849654 ], [ 5.705173802964526, 58.991224063266486 ], [ 5.705194989627834, 58.991228332600365 ], [ 5.70522633055375, 58.991236590395154 ], [ 5.705246613396718, 58.991242832150157 ], [ 5.705247696039562, 58.99124316537327 ], [ 5.705248715135834, 58.991243442484553 ], [ 5.705268562394863, 58.991248774297439 ], [ 5.705269991445886, 58.991249134405734 ], [ 5.705270569669669, 58.991249274770048 ], [ 5.705297601966699, 58.991255616543455 ], [ 5.705317001588377, 58.991261628967578 ], [ 5.705318219508738, 58.991261992768557 ], [ 5.705320649553065, 58.991262638617187 ], [ 5.705323155927293, 58.991263196909628 ], [ 5.705325722484308, 58.991263675514041 ], [ 5.705328349674797, 58.991264066329634 ], [ 5.705331021017635, 58.99126435912622 ], [ 5.705332868418005, 58.991264513651814 ], [ 5.705343334609505, 58.991265247842151 ], [ 5.705353232584036, 58.991266281594328 ], [ 5.70535402678149, 58.99126635535589 ], [ 5.705356721762829, 58.991266567625772 ], [ 5.705359444959126, 58.991266682530252 ], [ 5.705362177029599, 58.991266706802591 ], [ 5.705363730209272, 58.991266674649474 ], [ 5.705382064182216, 58.991266170996695 ], [ 5.70538323429263, 58.991266137319187 ], [ 5.705385949252955, 58.991265973284776 ], [ 5.705388638260056, 58.99126571790439 ], [ 5.705388919163058, 58.991265689439672 ], [ 5.705401913611437, 58.991264195560952 ], [ 5.705404294588711, 58.991263888058612 ], [ 5.705406895929256, 58.991263459145394 ], [ 5.705409436007396, 58.99126293994491 ], [ 5.705411897199664, 58.991262337314637 ], [ 5.705413058141178, 58.991262034571811 ], [ 5.705430437382567, 58.991262576068181 ], [ 5.705443819457149, 58.991263959638133 ], [ 5.705444526586544, 58.991264031614563 ], [ 5.705447223977298, 58.991264235019869 ], [ 5.70544994741478, 58.991264349036165 ], [ 5.705451285313119, 58.991264374497518 ], [ 5.705469782464992, 58.991264539640923 ], [ 5.705471175370623, 58.99126453022474 ], [ 5.705473898660568, 58.991264464391982 ], [ 5.705476613620506, 58.99126430035566 ], [ 5.705477719942931, 58.991264211451877 ], [ 5.705492984860602, 58.99126282951427 ], [ 5.705513318565286, 58.991262538386508 ], [ 5.705515571476689, 58.991262470130827 ], [ 5.705518285985694, 58.991262314194387 ], [ 5.705518426437135, 58.991262299961846 ], [ 5.70553434140049, 58.99126105183371 ], [ 5.70554675933215, 58.991261762823136 ], [ 5.705557487628904, 58.991263033794731 ], [ 5.705566587071456, 58.991264757089155 ], [ 5.705571330264294, 58.991266163218405 ], [ 5.705571871587784, 58.991266329828647 ], [ 5.705574300371041, 58.991266967447551 ], [ 5.705576806058646, 58.991267534722148 ], [ 5.705579390725213, 58.991268004691463 ], [ 5.705582018160303, 58.991268394615702 ], [ 5.705584688814603, 58.99126869639408 ], [ 5.705587386206835, 58.991268899796474 ], [ 5.705588788585236, 58.991268971494762 ], [ 5.705603689120901, 58.991269593797256 ], [ 5.705618091547195, 58.991270508988748 ], [ 5.705630054885684, 58.991272332058927 ], [ 5.705648283136325, 58.991276211830581 ], [ 5.705666544831037, 58.991280657934141 ], [ 5.705667009399838, 58.991281074736882 ], [ 5.705668499623151, 58.991282253509453 ], [ 5.705670114718062, 58.991283391617692 ], [ 5.705671892068223, 58.991284461041737 ], [ 5.705673781243294, 58.991285479819879 ], [ 5.705675815710589, 58.991286421456181 ], [ 5.705677941846097, 58.99128730285404 ], [ 5.705680199535595, 58.991288106115526 ], [ 5.705682532862662, 58.991288830807633 ], [ 5.705684961199097, 58.991289476525282 ], [ 5.705687469299138, 58.991290034935155 ], [ 5.70569005396911, 58.99129050490231 ], [ 5.705692663752836, 58.991290895353742 ], [ 5.705697841335794, 58.991291566579619 ], [ 5.705700530098318, 58.991291859725557 ], [ 5.705703225084476, 58.991292071988269 ], [ 5.70570436914968, 58.991292127696838 ], [ 5.705705445968979, 58.991292173115184 ], [ 5.705714906401158, 58.991296485445659 ], [ 5.705715490643009, 58.99129675185884 ], [ 5.705717635911174, 58.991297633737283 ], [ 5.70571987618866, 58.991298436641237 ], [ 5.705722209517307, 58.991299161332662 ], [ 5.705724212319003, 58.991299697622182 ], [ 5.705731594759704, 58.991304639423838 ], [ 5.705731953556403, 58.991304891324241 ], [ 5.705733732386024, 58.991305961758094 ], [ 5.705735619846874, 58.991306980411089 ], [ 5.705737654317179, 58.991307922046502 ], [ 5.705739329299327, 58.9913086207685 ], [ 5.705750321600384, 58.991312953617943 ], [ 5.705750792579298, 58.991313127786988 ], [ 5.705753032858604, 58.99131393069041 ], [ 5.70575538360273, 58.991314655738165 ], [ 5.705757811942448, 58.991315301454513 ], [ 5.705759942266857, 58.991315787330109 ], [ 5.705769623211371, 58.991317812971872 ], [ 5.70577057852593, 58.991318034853919 ], [ 5.7057758306221, 58.99132173708351 ], [ 5.705776797091259, 58.991322381804451 ], [ 5.705778558058904, 58.991323459981622 ], [ 5.70578046362723, 58.991324470003875 ], [ 5.705782479994657, 58.991325420268794 ], [ 5.705784625266363, 58.991326302146199 ], [ 5.705786863830063, 58.991327104924771 ], [ 5.705788098814589, 58.991327496163727 ], [ 5.705805438439554, 58.991332835234125 ], [ 5.705806556369057, 58.991333161065718 ], [ 5.705808984711115, 58.991333806781149 ], [ 5.705811491099307, 58.991334365064425 ], [ 5.705814057669311, 58.991334843659395 ], [ 5.705816616149294, 58.99133522316454 ], [ 5.705831453052997, 58.991342889751543 ], [ 5.705831969024736, 58.99134313676273 ], [ 5.705833985394706, 58.99134408702691 ], [ 5.705836131601321, 58.991344959030215 ], [ 5.70583836992661, 58.99134576269423 ], [ 5.705839231857147, 58.991346044690033 ], [ 5.705847362605701, 58.991348606969161 ], [ 5.705855898412318, 58.991351502215366 ], [ 5.705856106594075, 58.991351696219631 ], [ 5.70585652193179, 58.991352075116836 ], [ 5.705858011923811, 58.991353254773756 ], [ 5.705859627028355, 58.991354392879856 ], [ 5.705861406105443, 58.99135546242583 ], [ 5.70586329357283, 58.991356481077126 ], [ 5.705865328049672, 58.991357422710692 ], [ 5.705867456152735, 58.991358303343695 ], [ 5.70586787627472, 58.991358458467715 ], [ 5.705879041663478, 58.991362624900255 ], [ 5.705880879691324, 58.991363264933732 ], [ 5.705881757078234, 58.991363548048071 ], [ 5.705882567217815, 58.991364368518916 ], [ 5.705883844004413, 58.991365578830774 ], [ 5.705885334238821, 58.991366757601142 ], [ 5.7058869493449, 58.991367895706937 ], [ 5.70588872842354, 58.99136896525259 ], [ 5.705890615892501, 58.991369983903525 ], [ 5.705892650370878, 58.991370925536685 ], [ 5.705894778234637, 58.991371807055515 ], [ 5.70589703421767, 58.991372610189195 ], [ 5.705899369272571, 58.991373335001938 ], [ 5.705901797619316, 58.991373980715771 ], [ 5.705904304012074, 58.991374538997334 ], [ 5.705906853864256, 58.991375008246671 ], [ 5.705907969121248, 58.991375189290622 ], [ 5.705910377196988, 58.99137659897707 ], [ 5.705910722730802, 58.991376796598075 ], [ 5.705912611918127, 58.991377815373021 ], [ 5.705913243920981, 58.991378118679727 ], [ 5.705929180633111, 58.991385759133834 ], [ 5.705950899799961, 58.99139702542783 ], [ 5.705951463531463, 58.991397309332918 ], [ 5.705953479907986, 58.9913982595954 ], [ 5.705954401240191, 58.991398651624081 ], [ 5.705964737773294, 58.991402923426769 ], [ 5.705978019835792, 58.991410074387687 ], [ 5.705979133320552, 58.991410642089406 ], [ 5.705980932433517, 58.991411496194047 ], [ 5.705998941253325, 58.991419495391121 ], [ 5.705999142037109, 58.991419581318397 ], [ 5.706022306641594, 58.991429743070597 ], [ 5.706024519506832, 58.991430653332749 ], [ 5.706037187869957, 58.9914354879418 ], [ 5.706038130075036, 58.991435835391663 ], [ 5.70607378908798, 58.991448669228852 ], [ 5.706075035293775, 58.991449096521613 ], [ 5.706077387771574, 58.991449821688192 ], [ 5.706079816127286, 58.991450467398863 ], [ 5.706082322528753, 58.991451025677172 ], [ 5.706084889111636, 58.991451504267076 ], [ 5.706087516326491, 58.991451895067733 ], [ 5.706090187691806, 58.991452187849106 ], [ 5.706092884410973, 58.991452400228354 ], [ 5.706093386278743, 58.991452422097986 ], [ 5.706100018837811, 58.991455916075822 ], [ 5.706100782998856, 58.991456312992852 ], [ 5.706102816796812, 58.991457263610002 ], [ 5.706104943645586, 58.99145813601433 ], [ 5.706107201356684, 58.991458939268874 ], [ 5.706107522413656, 58.991459046554112 ], [ 5.706122856390093, 58.991464046999141 ], [ 5.706124870399126, 58.991464664522866 ], [ 5.706127298515975, 58.991465311118979 ], [ 5.706129805160233, 58.991465868510147 ], [ 5.706132389609279, 58.991466339355199 ], [ 5.706135017066749, 58.991466729268659 ], [ 5.706137342022868, 58.991466995165993 ], [ 5.706138204949878, 58.99146708022348 ], [ 5.706142377720615, 58.991468426963813 ], [ 5.706144203876689, 58.991468994740799 ], [ 5.70614496857885, 58.991469202821875 ], [ 5.706150008425682, 58.991470580697268 ], [ 5.706153999514666, 58.991472731237067 ], [ 5.706155111621618, 58.991473316911467 ], [ 5.706155377578325, 58.991473440089592 ], [ 5.70615657727514, 58.991476022971241 ], [ 5.706157032381618, 58.991476906303475 ], [ 5.706157861780485, 58.991478248701611 ], [ 5.70615886784193, 58.991479559606155 ], [ 5.706160034869459, 58.991480838784611 ], [ 5.70616136252861, 58.991482068138588 ], [ 5.706162834672372, 58.99148325553633 ], [ 5.706164467898308, 58.991484385008789 ], [ 5.706166227169205, 58.991485463056904 ], [ 5.706168134475355, 58.991486473198236 ], [ 5.70617020172177, 58.991487442502105 ], [ 5.706173511028448, 58.991488893019934 ], [ 5.706180122548793, 58.991492593322683 ], [ 5.70618177959529, 58.991493480518272 ], [ 5.706183814089122, 58.99149442214722 ], [ 5.706185941968195, 58.991495303661651 ], [ 5.706188197966418, 58.991496106790592 ], [ 5.706190533036132, 58.99149683159844 ], [ 5.706192773543622, 58.991497427560731 ], [ 5.706200684560937, 58.991499381077034 ], [ 5.706209768373196, 58.991505472613802 ], [ 5.706210127175493, 58.991505724513019 ], [ 5.706211906271395, 58.991506794054629 ], [ 5.706213793516741, 58.991507813587553 ], [ 5.706215828253194, 58.991508754329779 ], [ 5.706217956133982, 58.991509635843713 ], [ 5.706219504154584, 58.991510196138123 ], [ 5.706231488263565, 58.991514365770087 ], [ 5.706232196243064, 58.991514608604021 ], [ 5.706234529597737, 58.99151533328682 ], [ 5.706236959678509, 58.991515979119029 ], [ 5.70623774191209, 58.991516161357296 ], [ 5.706247079784002, 58.991518322081404 ], [ 5.706248820106674, 58.991518690250217 ], [ 5.70625138669719, 58.991519168836966 ], [ 5.706254013919366, 58.991519559634419 ], [ 5.706256685532535, 58.99151985152622 ], [ 5.70625938201749, 58.991520064788418 ], [ 5.706262105479581, 58.991520178788114 ], [ 5.706264837572727, 58.991520203041823 ], [ 5.706265901826185, 58.991520185189664 ], [ 5.70626845644983, 58.991521319904876 ], [ 5.7062780747508, 58.991527281132242 ], [ 5.706279228063408, 58.991527966484746 ], [ 5.706281135375296, 58.991528976624558 ], [ 5.706283151768859, 58.991529926882279 ], [ 5.706285297998789, 58.991530798878713 ], [ 5.706287536347095, 58.991531602535481 ], [ 5.706289887358817, 58.991532326687867 ], [ 5.706292317201053, 58.99153297340537 ], [ 5.706294840334722, 58.991533541023635 ], [ 5.706303005231327, 58.991535204746114 ], [ 5.70630555510147, 58.991535673988004 ], [ 5.706308182325639, 58.991536064784398 ], [ 5.70631085324928, 58.991536365662164 ], [ 5.70631175169754, 58.991536442445103 ], [ 5.706323915646369, 58.99153744403668 ], [ 5.706325714376264, 58.991537571527637 ], [ 5.706328437840089, 58.991537685525998 ], [ 5.706331169934817, 58.991537709778285 ], [ 5.706333893697109, 58.991537635827079 ], [ 5.706336608225951, 58.991537479873813 ], [ 5.706337222276696, 58.991537424010687 ], [ 5.7063393114802, 58.991537971062264 ], [ 5.706341493377407, 58.991538466986221 ], [ 5.706352659646281, 58.991540800718113 ], [ 5.706352983470226, 58.991540872054678 ], [ 5.706355552472674, 58.991541341776703 ], [ 5.70635817822149, 58.991541731561547 ], [ 5.706360849596597, 58.991542024337527 ], [ 5.706361626148479, 58.991542098622546 ], [ 5.706365911049154, 58.991542459393706 ], [ 5.706377201673034, 58.991546584234804 ], [ 5.706378702630616, 58.991547098646208 ], [ 5.706381055121899, 58.991547823807572 ], [ 5.706383483490647, 58.991548469512864 ], [ 5.706385613839087, 58.991548955378697 ], [ 5.706392783751861, 58.991550459413546 ], [ 5.706393141712272, 58.991550540450632 ], [ 5.706395726412585, 58.991551010404393 ], [ 5.70639835387998, 58.991551400312737 ], [ 5.706401024564893, 58.991551702074922 ], [ 5.706403687158108, 58.991551904747297 ], [ 5.706420344889083, 58.99155290446933 ], [ 5.706422807388199, 58.991553012227605 ], [ 5.706423532092415, 58.991553264404345 ], [ 5.706425883108707, 58.991553988554372 ], [ 5.706427053293099, 58.991554315451275 ], [ 5.706442730003887, 58.991558480333659 ], [ 5.706443969843889, 58.99155880865758 ], [ 5.70644647650059, 58.991559366042864 ], [ 5.706449060270197, 58.991559845868885 ], [ 5.706451688430284, 58.991560226789147 ], [ 5.706454359116476, 58.991560528550266 ], [ 5.706457056538428, 58.991560731935124 ], [ 5.70645977976393, 58.991560846817023 ], [ 5.706460127558701, 58.991560855725226 ], [ 5.70646163730149, 58.991561460238458 ], [ 5.706463875897016, 58.99156226300606 ], [ 5.706466226673974, 58.991562988041629 ], [ 5.706468656762826, 58.991563633869667 ], [ 5.706469489857679, 58.99156383515097 ], [ 5.70648831973558, 58.99156816952631 ], [ 5.706489990408308, 58.991568536264886 ], [ 5.706492557697638, 58.991569005859986 ], [ 5.706495185167679, 58.991569395766405 ], [ 5.706497855855032, 58.991569697526657 ], [ 5.706498184853453, 58.991569724052056 ], [ 5.70650391645537, 58.991570238336706 ], [ 5.706520502034944, 58.991576187846618 ], [ 5.706521698418319, 58.991576605202262 ], [ 5.70652403350101, 58.991577330004375 ], [ 5.706526461874751, 58.991577975707052 ], [ 5.706528968293458, 58.991578533977091 ], [ 5.706531003725559, 58.99157891808072 ], [ 5.706555003703596, 58.991583088067976 ], [ 5.706555552976146, 58.991583173915373 ], [ 5.706558180207221, 58.991583564706843 ], [ 5.706560851587663, 58.99158385747878 ], [ 5.70656354901229, 58.991584060861477 ], [ 5.70656474463954, 58.991584126620005 ], [ 5.706578783814967, 58.991589561950775 ], [ 5.706578968570021, 58.99158962954639 ], [ 5.70658120864671, 58.991590433322635 ], [ 5.706583559669071, 58.991591157469912 ], [ 5.706585987804137, 58.991591804057812 ], [ 5.706587198233766, 58.991592085969764 ], [ 5.706596864573575, 58.991594255982655 ], [ 5.706598142700604, 58.99159454008354 ], [ 5.706599786371421, 58.991594851547369 ], [ 5.706600008872819, 58.991595063757096 ], [ 5.706601498209741, 58.991596252393357 ], [ 5.706603113591415, 58.991597389604792 ], [ 5.706604890987293, 58.991598459017119 ], [ 5.706606779966968, 58.991599478668995 ], [ 5.706608814720012, 58.991600419405415 ], [ 5.706610960030851, 58.991601301270052 ], [ 5.706613198632649, 58.991602104035188 ], [ 5.706615532001822, 58.991602828711429 ], [ 5.706617980201655, 58.991603465906529 ], [ 5.706620485932554, 58.991604033161913 ], [ 5.706621938649102, 58.991604312729429 ], [ 5.706623377051687, 58.991604574090424 ], [ 5.70663054646024, 58.991606814595315 ], [ 5.706633365246399, 58.991608845922364 ], [ 5.706634640378722, 58.991609714504278 ], [ 5.706636401388383, 58.991610792670791 ], [ 5.706638306998396, 58.991611802681369 ], [ 5.706640323407054, 58.991612752933889 ], [ 5.706642469410779, 58.991613625810984 ], [ 5.70664470801414, 58.991614428575637 ], [ 5.706647111375019, 58.99161517277674 ], [ 5.706651568787183, 58.991616445212678 ], [ 5.706652498072284, 58.991616756477789 ], [ 5.70666668119671, 58.991624316890487 ], [ 5.706667627358534, 58.991624817348004 ], [ 5.706669661873905, 58.991625758969832 ], [ 5.706671856329681, 58.991626659753521 ], [ 5.706678846625854, 58.991629327395827 ], [ 5.706681036330211, 58.991630110353569 ], [ 5.706683369702792, 58.99163083502868 ], [ 5.706685798533937, 58.991631472627788 ], [ 5.70668830450895, 58.991632038995661 ], [ 5.706689159503094, 58.991632204808546 ], [ 5.706696291009874, 58.991633573200147 ], [ 5.706709865178785, 58.991638052171979 ], [ 5.70672628947892, 58.991644402068481 ], [ 5.706726459229237, 58.991644460444419 ], [ 5.706728697595797, 58.991645264093968 ], [ 5.706731048625186, 58.991645988238702 ], [ 5.706731744370846, 58.991646185902454 ], [ 5.706735190251386, 58.991647127561954 ], [ 5.70675609816752, 58.991659595650098 ], [ 5.706756725344404, 58.991659961862176 ], [ 5.706758630960726, 58.99166097187117 ], [ 5.706760647375666, 58.991661922121956 ], [ 5.70676279338563, 58.991662794997197 ], [ 5.70676503199511, 58.991663597759917 ], [ 5.706767384502997, 58.991664322914637 ], [ 5.70676981288777, 58.991664968613001 ], [ 5.706772319317126, 58.991665526878592 ], [ 5.706772488732833, 58.99166556715609 ], [ 5.70677432270718, 58.991666421963963 ], [ 5.706776468717779, 58.99166729483904 ], [ 5.70677867490866, 58.9916680880253 ], [ 5.706789171642994, 58.991671590546183 ], [ 5.706791540183383, 58.991672334031293 ], [ 5.706793968569209, 58.991672979729252 ], [ 5.706794258258865, 58.991673041364251 ], [ 5.706795536471488, 58.991674233694127 ], [ 5.706797008645546, 58.991675421085375 ], [ 5.70679864190171, 58.991676550550586 ], [ 5.706800402919986, 58.991677628715074 ], [ 5.706802308538588, 58.991678638723471 ], [ 5.706803924072251, 58.991679408134367 ], [ 5.706813926423952, 58.991683905094078 ], [ 5.706814327307602, 58.991684085933322 ], [ 5.70681647286996, 58.991684966908522 ], [ 5.706817952635568, 58.991685507795175 ], [ 5.706825116007757, 58.991688009022027 ], [ 5.706838525861479, 58.991692925227156 ], [ 5.706840984368005, 58.991694155994871 ], [ 5.706842986473084, 58.991695088038 ], [ 5.706845130319572, 58.991695968888443 ], [ 5.706847371100893, 58.991696763673346 ], [ 5.70684774130445, 58.991696889876842 ], [ 5.706854903835318, 58.991699220240413 ], [ 5.706856884426724, 58.99169981906585 ], [ 5.706858343168851, 58.99170022468175 ], [ 5.706859906394444, 58.991700632438004 ], [ 5.706872592799968, 58.991707282902553 ], [ 5.706873307498911, 58.991707642797039 ], [ 5.706875324160681, 58.991708592159895 ], [ 5.706877470176535, 58.991709465033409 ], [ 5.706879708791848, 58.991710267794254 ], [ 5.706882061305471, 58.99171099294702 ], [ 5.706884489695852, 58.991711638643388 ], [ 5.706885646623673, 58.991711911257454 ], [ 5.706887792189633, 58.991712792231546 ], [ 5.706890032522713, 58.991713595116536 ], [ 5.70689238331951, 58.99171432014483 ], [ 5.706894811469472, 58.991714966727272 ], [ 5.706897318145527, 58.991715524104265 ], [ 5.706898189865558, 58.991715699259622 ], [ 5.706900224378288, 58.991716093231013 ], [ 5.706900596299558, 58.991716219558661 ], [ 5.706901084944842, 58.991716393194224 ], [ 5.706913031184836, 58.991724768574443 ], [ 5.70691394706838, 58.991725393357171 ], [ 5.706915725957084, 58.991726463776203 ], [ 5.706917613476705, 58.991727482413367 ], [ 5.706919647313938, 58.991728433018594 ], [ 5.706921776159136, 58.991729304648409 ], [ 5.706923998054094, 58.991730098064785 ], [ 5.706929314591028, 58.991731869163949 ], [ 5.706930202808453, 58.991732602196208 ], [ 5.706937376028917, 58.991738276137816 ], [ 5.706938008202791, 58.991738759288666 ], [ 5.706939623361471, 58.991739897382601 ], [ 5.706941402492558, 58.99174096691506 ], [ 5.706943290013737, 58.991741985551862 ], [ 5.706945326261062, 58.991742927293998 ], [ 5.70694569370066, 58.991743089445343 ], [ 5.706950360488219, 58.991745086433667 ], [ 5.706952120963511, 58.991745805785015 ], [ 5.706954376996904, 58.99174660890138 ], [ 5.706956712100744, 58.991747333696182 ], [ 5.706959140495163, 58.991747979391249 ], [ 5.706960503386364, 58.991748293119699 ], [ 5.706973992539395, 58.991751287442945 ], [ 5.706975136087133, 58.991751531976504 ], [ 5.706977720570603, 58.991752002805413 ], [ 5.706980330647021, 58.991752392345717 ], [ 5.706980760099522, 58.991752448733287 ], [ 5.706984173484513, 58.991753361825758 ], [ 5.706992099119419, 58.991756808365267 ], [ 5.706994108835471, 58.99175764154888 ], [ 5.706996366587995, 58.991758444788843 ], [ 5.706998699976276, 58.991759169458611 ], [ 5.70700090809649, 58.99175975583146 ], [ 5.707002847155049, 58.991760236877553 ], [ 5.707015058818143, 58.991764214141895 ], [ 5.70701703803384, 58.99176483093909 ], [ 5.707019467121909, 58.991765467646012 ], [ 5.707021972871798, 58.991766034894063 ], [ 5.707024557597926, 58.991766504835809 ], [ 5.707025020496207, 58.991766579910717 ], [ 5.707026898234176, 58.991767157733129 ], [ 5.707029326390566, 58.991767804313191 ], [ 5.707031833072844, 58.99176836168774 ], [ 5.707033372963844, 58.991768662019062 ], [ 5.707036662692082, 58.99176995927192 ], [ 5.707037132207579, 58.991770132426012 ], [ 5.707039372548032, 58.991770935308573 ], [ 5.707041723352069, 58.991771660334322 ], [ 5.707044153226382, 58.991772307038424 ], [ 5.707046659909251, 58.991772864412667 ], [ 5.707049226290288, 58.991773343870577 ], [ 5.707051854474386, 58.991773724779172 ], [ 5.707051990445431, 58.991773746368864 ], [ 5.707053378155012, 58.991774168529908 ], [ 5.707055806553282, 58.991774814223234 ], [ 5.707058314713005, 58.991775372607862 ], [ 5.707060898749213, 58.991775851535948 ], [ 5.707061498550806, 58.991775938327116 ], [ 5.707061816157964, 58.991776090545308 ], [ 5.707063959774445, 58.99177697227865 ], [ 5.70706620080718, 58.991777766173747 ], [ 5.707068533747999, 58.991778498943091 ], [ 5.707070981728478, 58.991779137016366 ], [ 5.7070734874803, 58.991779704263436 ], [ 5.707076054794287, 58.991780173847509 ], [ 5.707078682047233, 58.991780564628883 ], [ 5.707081351280707, 58.991780865366991 ], [ 5.707084048484012, 58.991781069625539 ], [ 5.707086528416701, 58.991781177728264 ], [ 5.707086980697759, 58.991781188775043 ], [ 5.70708930031056, 58.991781706400964 ], [ 5.707091884347727, 58.991782185328447 ], [ 5.707094512292186, 58.991782567122485 ], [ 5.707097183002459, 58.99178286887085 ], [ 5.707098391570092, 58.991782970805176 ], [ 5.707105945243872, 58.991783559103432 ], [ 5.707109857967628, 58.991783981473255 ], [ 5.707110213167654, 58.991784098456577 ], [ 5.707112563974175, 58.99178482348109 ], [ 5.707114993850879, 58.99178547018392 ], [ 5.707117500295131, 58.991786028443137 ], [ 5.707120066919106, 58.991786507013387 ], [ 5.707120666029905, 58.991786602791315 ], [ 5.707124784631434, 58.991787247010564 ], [ 5.707134709645763, 58.991789090485518 ], [ 5.70713587161345, 58.99178968608495 ], [ 5.707136139293532, 58.991789809385502 ], [ 5.707138155726749, 58.991790759630852 ], [ 5.707140300037366, 58.991791632375964 ], [ 5.707142540381756, 58.991792435256841 ], [ 5.707144891189585, 58.991793160280807 ], [ 5.707147319591064, 58.991793805972463 ], [ 5.707149826036499, 58.991794364231069 ], [ 5.707152392661604, 58.991794842800708 ], [ 5.707155019916677, 58.991795233580575 ], [ 5.70715769131972, 58.991795526340688 ], [ 5.707159661442288, 58.991795693335433 ], [ 5.707165780154488, 58.991797457417206 ], [ 5.707168308317713, 58.991798141958746 ], [ 5.70717081648115, 58.991798700341263 ], [ 5.707173401212022, 58.991799170280153 ], [ 5.707176028467683, 58.991799561059601 ], [ 5.70717778469084, 58.991799767698417 ], [ 5.70719631096853, 58.99180672784378 ], [ 5.707198473343624, 58.991807978740667 ], [ 5.707198737233331, 58.991808128877928 ], [ 5.707200642871127, 58.991809138880917 ], [ 5.707202659307323, 58.991810089125302 ], [ 5.707204804887872, 58.991810970094484 ], [ 5.70720704327695, 58.991811773736266 ], [ 5.707209378631714, 58.99181249764046 ], [ 5.70721116121154, 58.991812974587098 ], [ 5.707218981838517, 58.991814971195915 ], [ 5.707219627422085, 58.991815140826027 ], [ 5.707222134111205, 58.991815698197023 ], [ 5.707224717912143, 58.991816178008229 ], [ 5.707227346101779, 58.991816558913378 ], [ 5.70723001681611, 58.991816860659078 ], [ 5.707231519318169, 58.991816989288694 ], [ 5.707232131005879, 58.991817148332039 ], [ 5.707234637454524, 58.991817706589117 ], [ 5.707237221496666, 58.9918181855138 ], [ 5.707239849445762, 58.991818567304961 ], [ 5.707242520160379, 58.991818869050419 ], [ 5.707245217608786, 58.991819072419382 ], [ 5.707247941099831, 58.991819186398914 ], [ 5.707250671502196, 58.991819210507998 ], [ 5.707253246831993, 58.991819959913563 ], [ 5.707255812235132, 58.991820636304084 ], [ 5.707258318234185, 58.991821202661441 ], [ 5.70726088531326, 58.99182167312825 ], [ 5.707263512812652, 58.991822063019697 ], [ 5.70726452947248, 58.991822188114448 ], [ 5.707269851080445, 58.991822800110356 ], [ 5.707275063073463, 58.991823660824842 ], [ 5.707277756396141, 58.991824465762583 ], [ 5.707278380775532, 58.99182466187257 ], [ 5.707280827287044, 58.991825298931467 ], [ 5.707283333046033, 58.991825866174636 ], [ 5.707285902084011, 58.991826335878969 ], [ 5.70728852762594, 58.991826726531905 ], [ 5.707291129617751, 58.991827016976352 ], [ 5.70729770644724, 58.991827643005834 ], [ 5.707300290648108, 58.991828301778135 ], [ 5.707300968651899, 58.991828480983948 ], [ 5.70730185571769, 58.991828683454479 ], [ 5.707304160174436, 58.991829901254967 ], [ 5.707304956086454, 58.991830316728517 ], [ 5.707306990631992, 58.991831258341008 ], [ 5.707309118561833, 58.991832139838159 ], [ 5.707311374609684, 58.991832942948626 ], [ 5.707313709727405, 58.991833667737282 ], [ 5.707316138135167, 58.991834313425926 ], [ 5.707318644586565, 58.991834871681398 ], [ 5.707321228631323, 58.991835350604447 ], [ 5.707322137949197, 58.991835490522263 ], [ 5.707322825073877, 58.991835777929083 ], [ 5.70732413405486, 58.991836296507543 ], [ 5.707326372689379, 58.991837099261083 ], [ 5.707328725221711, 58.991837824406169 ], [ 5.707331153630064, 58.991838470094542 ], [ 5.707333659390923, 58.99183903733676 ], [ 5.707336226713351, 58.991839506915824 ], [ 5.707338612492602, 58.991839864851343 ], [ 5.707345301726171, 58.991840753858725 ], [ 5.707353440846981, 58.991843621186327 ], [ 5.707354367736494, 58.991843941309412 ], [ 5.707356701138615, 58.991844665973034 ], [ 5.707359147653108, 58.99184530303053 ], [ 5.707361653414988, 58.991845870272236 ], [ 5.707364220738338, 58.99184633985076 ], [ 5.707366848000127, 58.991846730626477 ], [ 5.707369518718287, 58.991847032369392 ], [ 5.707372216169897, 58.991847235735733 ], [ 5.707372840968871, 58.99184726920857 ], [ 5.707385733219104, 58.991847930292622 ], [ 5.707386208245457, 58.991848076732964 ], [ 5.707387037206429, 58.991848331930903 ], [ 5.707389466307815, 58.99184896863116 ], [ 5.707389703758158, 58.991849029194896 ], [ 5.707399425965335, 58.991851361333424 ], [ 5.707406306792658, 58.991853890874644 ], [ 5.707407873404408, 58.991854434424489 ], [ 5.70741022593976, 58.991855159568146 ], [ 5.707412654350994, 58.991855805255071 ], [ 5.707415160114598, 58.991856372495782 ], [ 5.707417727439576, 58.991856842073283 ], [ 5.70742035470287, 58.991857232847948 ], [ 5.707423026113498, 58.991857525602711 ], [ 5.707425722875276, 58.99185773795503 ], [ 5.707428359300354, 58.991857850147539 ], [ 5.70743311148237, 58.991858959531875 ], [ 5.707434970969945, 58.99185936613015 ], [ 5.70743582597373, 58.991859531938324 ], [ 5.707450670397316, 58.991862372162942 ], [ 5.707452347891306, 58.991862675218378 ], [ 5.707482346771487, 58.991867672306469 ], [ 5.707485026519315, 58.991868063263539 ], [ 5.70748769793146, 58.99186835601698 ], [ 5.707490394694608, 58.991868568367984 ], [ 5.707493117950043, 58.991868683228716 ], [ 5.707495187923346, 58.991868708333392 ], [ 5.707497721113525, 58.991869168209021 ], [ 5.707500348378836, 58.991869558982067 ], [ 5.707503019100198, 58.991869860722275 ], [ 5.707505716554661, 58.991870064085923 ], [ 5.707507796455404, 58.991870162205345 ], [ 5.707508734916503, 58.991870194882623 ], [ 5.707510581987183, 58.991870718062799 ], [ 5.707512824952032, 58.991871305140549 ], [ 5.707515331409652, 58.99187186339234 ], [ 5.7075170929697, 58.991872205064624 ], [ 5.707532093733362, 58.991874869527379 ], [ 5.707532900286538, 58.991875007428163 ], [ 5.707535527793593, 58.99187539731426 ], [ 5.707536681119054, 58.991875535009093 ], [ 5.707544002075948, 58.991876367608086 ], [ 5.707545519231926, 58.991876532538917 ], [ 5.70754821668724, 58.991876735901684 ], [ 5.707550644387119, 58.991876842925784 ], [ 5.707564815591889, 58.991877256762628 ], [ 5.707576110465118, 58.991878434810047 ], [ 5.707587759756544, 58.991879719840952 ], [ 5.707590194036723, 58.991880311726696 ], [ 5.707592666359405, 58.99188086027673 ], [ 5.707595232997907, 58.991881338837821 ], [ 5.707596605460383, 58.991881552940413 ], [ 5.707604935064496, 58.991882772122416 ], [ 5.707611567045658, 58.991884819136786 ], [ 5.707612701284124, 58.991885162398006 ], [ 5.707615129701612, 58.991885808081257 ], [ 5.707617636162125, 58.991886366331116 ], [ 5.707620219974622, 58.991886846134648 ], [ 5.707622401064462, 58.991887171176117 ], [ 5.707638285870181, 58.991889327562511 ], [ 5.70765813522668, 58.99189211519105 ], [ 5.707667986510271, 58.991894900368898 ], [ 5.707669803238273, 58.991895387009762 ], [ 5.707685129145023, 58.991899219980262 ], [ 5.707685487112412, 58.991899301013937 ], [ 5.707687993124992, 58.991899867363252 ], [ 5.707690560216576, 58.991900337821761 ], [ 5.707693187727646, 58.991900727704717 ], [ 5.707694736614282, 58.991900911196879 ], [ 5.707703097281942, 58.991901816323448 ], [ 5.707711230995752, 58.991903981959538 ], [ 5.707712471552282, 58.991904301284798 ], [ 5.707714977324878, 58.991904868519896 ], [ 5.707717563789451, 58.991905338572522 ], [ 5.707720189343099, 58.991905729216953 ], [ 5.707722860069623, 58.991906030952684 ], [ 5.707725557528661, 58.991906234311834 ], [ 5.70772828102918, 58.991906348281397 ], [ 5.707728698484217, 58.991906358612745 ], [ 5.707747723728829, 58.991911193119456 ], [ 5.707786268170204, 58.99192372285529 ], [ 5.707788231377809, 58.991924321310542 ], [ 5.70779065980163, 58.991924966990609 ], [ 5.707791852598891, 58.991925249421463 ], [ 5.7078000185194, 58.991927083915044 ], [ 5.707801333906117, 58.991927359855012 ], [ 5.70780263154345, 58.991927617339968 ], [ 5.707813673739237, 58.991932715425534 ], [ 5.707814492005497, 58.991933087328114 ], [ 5.707816620196084, 58.991933967931075 ], [ 5.707818876263175, 58.991934771033137 ], [ 5.707821211399251, 58.991935495813046 ], [ 5.707823639583705, 58.99193614237879 ], [ 5.707824507765118, 58.991936343478699 ], [ 5.707836862300925, 58.991939183291784 ], [ 5.707846945247191, 58.991942288865637 ], [ 5.707862551238255, 58.991949022191918 ], [ 5.707864444261412, 58.991949808055615 ], [ 5.707866700330716, 58.991950611156881 ], [ 5.707867172711537, 58.991950767344576 ], [ 5.707889337909876, 58.991957927478595 ], [ 5.707889913152506, 58.991958104666175 ], [ 5.707897421894972, 58.991960443755097 ], [ 5.707898725557564, 58.991960827290093 ], [ 5.707901155703513, 58.991961473092474 ], [ 5.707903662174643, 58.991962031337032 ], [ 5.707906228824058, 58.991962509892204 ], [ 5.707908856101883, 58.991962900657214 ], [ 5.707911527525805, 58.991963193402157 ], [ 5.707914222582523, 58.991963405620254 ], [ 5.707915922512084, 58.991963484366657 ], [ 5.707927076935785, 58.991967228679755 ], [ 5.707927210835352, 58.991967277229676 ], [ 5.707929544499567, 58.991968000997154 ], [ 5.707931972688493, 58.991968647561002 ], [ 5.707933951082311, 58.991969093482943 ], [ 5.707939789621001, 58.991970329365365 ], [ 5.707987322820948, 58.991983734592282 ], [ 5.707989480113469, 58.991984301905134 ], [ 5.707991988305177, 58.991984860272346 ], [ 5.707992757176478, 58.991985014420727 ], [ 5.708008848822204, 58.991988111121167 ], [ 5.70806020641562, 58.991999402796345 ], [ 5.708077245059048, 58.992005175211617 ], [ 5.708077532681282, 58.992005263805012 ], [ 5.708079883765522, 58.99200598792649 ], [ 5.708082311960189, 58.992006634487609 ], [ 5.708084818437837, 58.992007192728806 ], [ 5.708085314338262, 58.992007294588056 ], [ 5.70809382724357, 58.992008967105924 ], [ 5.70809589799897, 58.992009343798266 ], [ 5.70809852528286, 58.992009734559588 ], [ 5.708101196262318, 58.992010035401485 ], [ 5.708103357717282, 58.992010207190738 ], [ 5.708107997846398, 58.992011754868848 ], [ 5.708110364723201, 58.992012498206726 ], [ 5.708112795568006, 58.992013135018276 ], [ 5.708114260893089, 58.992013477835599 ], [ 5.708135426875484, 58.9920181418723 ], [ 5.708136485443466, 58.992018357651993 ], [ 5.708139052100723, 58.992018836202703 ], [ 5.708141679626737, 58.992019226076877 ], [ 5.708143816423869, 58.992019469281011 ], [ 5.708146506650548, 58.99201974440372 ], [ 5.708187546479193, 58.992030405899762 ], [ 5.708188482008233, 58.992030636270961 ], [ 5.708190987798637, 58.992031203497206 ], [ 5.708193555148578, 58.99203167305987 ], [ 5.708196182676287, 58.992032062932964 ], [ 5.708198853417695, 58.992032364659181 ], [ 5.708201550890394, 58.992032568008661 ], [ 5.708203630804025, 58.99203266611714 ], [ 5.708208345445829, 58.99203381070916 ], [ 5.708210799685401, 58.992034367878354 ], [ 5.708211654938562, 58.992034532795323 ], [ 5.708229920491173, 58.992038026273107 ], [ 5.708240834719265, 58.992040263867842 ], [ 5.708264390770283, 58.992045985577001 ], [ 5.708266830696678, 58.9920465245388 ], [ 5.708267582156627, 58.992046678329068 ], [ 5.708271069697514, 58.99204735094316 ], [ 5.708271989692838, 58.99204776093049 ], [ 5.708274133358723, 58.992048642644932 ], [ 5.70827637443869, 58.992049436520105 ], [ 5.708278707184623, 58.992050170154911 ], [ 5.708279081187469, 58.992050269517641 ], [ 5.708287018824963, 58.992052493220243 ], [ 5.708291472213624, 58.992053819524664 ], [ 5.708292047460048, 58.992053996710531 ], [ 5.708294475903254, 58.992054642381561 ], [ 5.708296847105997, 58.992055170043322 ], [ 5.708311843237493, 58.992064638065095 ], [ 5.708312286032817, 58.992064909591527 ], [ 5.708327295117202, 58.992074072192622 ], [ 5.708328233736433, 58.992074626312593 ], [ 5.70833012107739, 58.99207564581689 ], [ 5.708332157624729, 58.992076586652274 ], [ 5.708334301293995, 58.992077468365771 ], [ 5.708335479162982, 58.992077902436847 ], [ 5.708339657432951, 58.992079384148028 ], [ 5.708356187068477, 58.992086095686766 ], [ 5.708357127693438, 58.99208646198111 ], [ 5.708359366369668, 58.992087264717746 ], [ 5.708359653543321, 58.992087361411315 ], [ 5.708376659365083, 58.992092926266153 ], [ 5.708395261536844, 58.992099286229575 ], [ 5.708395699093969, 58.992099441702408 ], [ 5.708398032777625, 58.992100165461871 ], [ 5.708400460985377, 58.992100812017341 ], [ 5.708403070578728, 58.992101390365896 ], [ 5.708415406104786, 58.992103888045776 ], [ 5.708417818808798, 58.992104327434269 ], [ 5.708439299296432, 58.992107911656873 ], [ 5.708463244928605, 58.992113005429474 ], [ 5.708473542212524, 58.992116431008505 ], [ 5.70847587496743, 58.992117164639943 ], [ 5.708478303418792, 58.992117810307761 ], [ 5.708480809911585, 58.992118368541583 ], [ 5.708483411409981, 58.992118847798778 ], [ 5.708500795492947, 58.992121725281244 ], [ 5.708524885854244, 58.992130256362216 ], [ 5.708525880797213, 58.992130596763779 ], [ 5.70852823165926, 58.992131321763786 ], [ 5.708530660112672, 58.992131967430616 ], [ 5.708533165916623, 58.992132534650572 ], [ 5.708534687638697, 58.992132824610543 ], [ 5.708536777538479, 58.992133201776888 ], [ 5.708547218257103, 58.992137304663181 ], [ 5.708547638401268, 58.992137459778981 ], [ 5.708549877085492, 58.992138262512498 ], [ 5.70855222966592, 58.992138987636402 ], [ 5.708554658120367, 58.992139633302806 ], [ 5.708557164616106, 58.992140191535235 ], [ 5.708559731289006, 58.99214067007793 ], [ 5.708560108056926, 58.992140733491716 ], [ 5.708561869278476, 58.992141443835351 ], [ 5.708562791257363, 58.99214180787493 ], [ 5.708565133831391, 58.992142640718953 ], [ 5.708586810810594, 58.992149806959091 ], [ 5.708588246317446, 58.992150265997914 ], [ 5.708621913631057, 58.992160433578682 ], [ 5.708663703029127, 58.992173647893225 ], [ 5.708684088058996, 58.992182669007917 ], [ 5.708694887604601, 58.99218775215914 ], [ 5.708695988581861, 58.992188256573314 ], [ 5.708698134916697, 58.992189128532139 ], [ 5.708700373607971, 58.992189931263205 ], [ 5.708702726195298, 58.992190656384516 ], [ 5.708702979683145, 58.992190735276559 ], [ 5.708708956189454, 58.992194337965465 ], [ 5.708709731259377, 58.992194798009763 ], [ 5.708711636964279, 58.992195807992076 ], [ 5.708713653466385, 58.99219675821444 ], [ 5.708715093621619, 58.99219736127705 ], [ 5.708742588189714, 58.992208360868375 ], [ 5.708743292412604, 58.992208630526221 ], [ 5.708745532823572, 58.992209433380857 ], [ 5.708746207630036, 58.992209656628404 ], [ 5.708761874902861, 58.992214657346601 ], [ 5.708763533105053, 58.992215166839443 ], [ 5.708765961569135, 58.992215812502096 ], [ 5.708768468074161, 58.992216370730631 ], [ 5.708771052170238, 58.992216849625834 ], [ 5.70877190926235, 58.992216988464364 ], [ 5.708780767110628, 58.992220530354508 ], [ 5.708781470643333, 58.992220808999193 ], [ 5.708782143378027, 58.99222105920775 ], [ 5.70881847014672, 58.99223438694689 ], [ 5.708820038757489, 58.99223492971857 ], [ 5.708821001191132, 58.992235241557609 ], [ 5.708834832426716, 58.992239575312261 ], [ 5.70883622282729, 58.992239987706057 ], [ 5.708836628322779, 58.992240106516327 ], [ 5.708846789569801, 58.992242943846982 ], [ 5.708848792478808, 58.992243480090551 ], [ 5.70885129898734, 58.992244038317551 ], [ 5.708853885494849, 58.992244508348413 ], [ 5.708856511089313, 58.992244898970625 ], [ 5.708857923333944, 58.992245069848543 ], [ 5.708859905045435, 58.992245290972669 ], [ 5.708879169897719, 58.992253285716529 ], [ 5.708880444090667, 58.992253803567223 ], [ 5.708882700204811, 58.992254606651812 ], [ 5.708884272030389, 58.992255105373779 ], [ 5.708906938510162, 58.992261936491033 ], [ 5.708907719730631, 58.992262154786381 ], [ 5.708910148200919, 58.992262800446447 ], [ 5.708912654711944, 58.992263358672346 ], [ 5.708914193166888, 58.992263657971598 ], [ 5.708916008386637, 58.992263982720885 ], [ 5.708917618996383, 58.992264635167544 ], [ 5.708918474874219, 58.99226497182827 ], [ 5.708920714266514, 58.992265765568732 ], [ 5.708923048758991, 58.992266499316869 ], [ 5.708924949498159, 58.992267005573083 ], [ 5.708936461974507, 58.992269922602141 ], [ 5.708945611625126, 58.992273499150961 ], [ 5.708945964428771, 58.992273624992301 ], [ 5.708948204848925, 58.992274427843611 ], [ 5.708949286181004, 58.992274779011439 ], [ 5.708991128282634, 58.992287787361313 ], [ 5.708992399550167, 58.992288161310185 ], [ 5.708994827783211, 58.992288807855019 ], [ 5.708997333847745, 58.992289374180118 ], [ 5.708999883574249, 58.992289844257272 ], [ 5.709004410422019, 58.992290597479489 ], [ 5.70905175407595, 58.992303440006701 ], [ 5.70906763259955, 58.992308050207143 ], [ 5.709101245281284, 58.992322080643042 ], [ 5.70910263906736, 58.992322628834195 ], [ 5.709104877777209, 58.992323431558695 ], [ 5.709107230382693, 58.992324156673064 ], [ 5.709108315171368, 58.992324462904364 ], [ 5.709120812987939, 58.9923278009501 ], [ 5.70912215667822, 58.992328140375257 ], [ 5.709124663197778, 58.992328698597234 ], [ 5.709127229893562, 58.992329177129164 ], [ 5.709129858146862, 58.992329557997003 ], [ 5.709130442717115, 58.992329636445966 ], [ 5.709136830847731, 58.992330409579324 ], [ 5.709137421445726, 58.992330614079243 ], [ 5.709137876664392, 58.992330769019858 ], [ 5.709140227553776, 58.992331494009377 ], [ 5.709142656033647, 58.992332139665336 ], [ 5.709145161863204, 58.992332706873981 ], [ 5.709146855429906, 58.992333028238853 ], [ 5.709150434329535, 58.992333667674757 ], [ 5.709166160562628, 58.992339495878632 ], [ 5.709167879569663, 58.992340097424865 ], [ 5.709170232177702, 58.992340822538139 ], [ 5.709172660658856, 58.992341468193565 ], [ 5.709175166489631, 58.992342035401641 ], [ 5.709177733877832, 58.992342504945569 ], [ 5.709180361201368, 58.992342895685731 ], [ 5.709183032668022, 58.992343188405329 ], [ 5.709184708654701, 58.992343329564214 ], [ 5.709185604200319, 58.992343604026743 ], [ 5.709191154035577, 58.99234622511873 ], [ 5.709192322369836, 58.992346758802114 ], [ 5.709194468037013, 58.992347639740295 ], [ 5.709196706509942, 58.992348443349542 ], [ 5.709199040228357, 58.992349167095384 ], [ 5.709201488292152, 58.992349805130196 ], [ 5.709203994124053, 58.992350372337754 ], [ 5.709206561513339, 58.99235084188112 ], [ 5.709209189078683, 58.992351231734467 ], [ 5.709209910555844, 58.992351321897225 ], [ 5.709216264313904, 58.992352086213167 ], [ 5.70922442942197, 58.992354845941236 ], [ 5.709224699635953, 58.992354934175793 ], [ 5.709227135528493, 58.9923556879071 ], [ 5.709236477096721, 58.992358352023921 ], [ 5.709238822298207, 58.992358969059154 ], [ 5.709241310717176, 58.992359535909607 ], [ 5.709242679757327, 58.992359794930671 ], [ 5.709248460672288, 58.992362719215087 ], [ 5.709248644055728, 58.99236280478123 ], [ 5.709250660582913, 58.992363754995857 ], [ 5.709252806702526, 58.992364627832323 ], [ 5.70925504541879, 58.992365430554393 ], [ 5.709257396313166, 58.992366155541895 ], [ 5.709259826515218, 58.99236680132001 ], [ 5.70926185409505, 58.992367266141692 ], [ 5.709280784677968, 58.992371271178463 ], [ 5.70928827602957, 58.99237342998547 ], [ 5.709296513578384, 58.992377818001799 ], [ 5.709297475946999, 58.992378310572867 ], [ 5.709299492717286, 58.99237925990046 ], [ 5.709301638839151, 58.992380132736216 ], [ 5.709303877557622, 58.992380935457454 ], [ 5.709306230171512, 58.992381660568405 ], [ 5.709308658658283, 58.992382306221359 ], [ 5.709311165185108, 58.992382864439875 ], [ 5.709313731887836, 58.99238334296831 ], [ 5.709314281181061, 58.992383428804416 ], [ 5.709317417332517, 58.992384685960488 ], [ 5.709318121899834, 58.992384973713797 ], [ 5.709320378033333, 58.992385776791181 ], [ 5.709322154458885, 58.992386334593625 ], [ 5.709343982405816, 58.992392830222819 ], [ 5.709344541180767, 58.992392997174527 ], [ 5.709345441208824, 58.992393235812024 ], [ 5.709345863484251, 58.992393911612332 ], [ 5.709346853306021, 58.992395231250725 ], [ 5.709348019456541, 58.992396501292788 ], [ 5.709349347265572, 58.992397730617739 ], [ 5.709350836973952, 58.992398918339262 ], [ 5.709352470349629, 58.992400047775114 ], [ 5.709353884204953, 58.992400928170873 ], [ 5.709357892257794, 58.992403268698098 ], [ 5.7093582397803, 58.992403465548591 ], [ 5.709360127170548, 58.992404485039039 ], [ 5.70936216204905, 58.992405425735093 ], [ 5.709364290069277, 58.992406307200518 ], [ 5.709366546205293, 58.992407110277156 ], [ 5.709368881408039, 58.992407835030647 ], [ 5.709371309897912, 58.992408480682521 ], [ 5.709373816427749, 58.992409038899865 ], [ 5.709376400547704, 58.992409517783514 ], [ 5.709377654242267, 58.992409711523251 ], [ 5.709380092328592, 58.992410070491673 ], [ 5.70943894886935, 58.992428562673709 ], [ 5.709440370774635, 58.992428994510306 ], [ 5.709442817372368, 58.992429631530243 ], [ 5.709445323214433, 58.992430198733345 ], [ 5.709447892330711, 58.992430668396416 ], [ 5.709450450697743, 58.992431048718721 ], [ 5.709451035565557, 58.992431673928138 ], [ 5.709452363379636, 58.99243290325213 ], [ 5.70945383372061, 58.992434091378215 ], [ 5.709455467342184, 58.992435219926605 ], [ 5.709457228243456, 58.992436298944156 ], [ 5.709459133984225, 58.992437308916323 ], [ 5.709461150521755, 58.992438259127887 ], [ 5.709463296892341, 58.992439131074839 ], [ 5.709465537335947, 58.992439933917744 ], [ 5.709467888240107, 58.992440658901643 ], [ 5.709470316493496, 58.992441305438042 ], [ 5.70947282326827, 58.992441862767315 ], [ 5.70947538973712, 58.992442342178926 ], [ 5.709478017312972, 58.99244273202703 ], [ 5.709480688790464, 58.992443024740666 ], [ 5.709483385614848, 58.992443237051383 ], [ 5.709484112955594, 58.992443273414587 ], [ 5.709489884349892, 58.992443564509955 ], [ 5.709490613408009, 58.99244360099739 ], [ 5.709492607902394, 58.992443678443415 ], [ 5.709495148070416, 58.992443706811009 ], [ 5.709496649397875, 58.992444033238321 ], [ 5.70949923352238, 58.992444512119611 ], [ 5.709501861548493, 58.992444893866448 ], [ 5.709504532576627, 58.992445194680393 ], [ 5.709507282094195, 58.992445399958982 ], [ 5.709507843801391, 58.992445710810877 ], [ 5.709509302945281, 58.992446476096568 ], [ 5.709511321442937, 58.992447425545379 ], [ 5.709513465857298, 58.992448298253528 ], [ 5.709515587164556, 58.992449062652696 ], [ 5.70951667132571, 58.992449925515963 ], [ 5.709518306426677, 58.99245105507417 ], [ 5.709518945892231, 58.992451466441388 ], [ 5.709527789478109, 58.9924604366905 ], [ 5.70952786999859, 58.992460501257582 ], [ 5.709529179711596, 58.992461739211571 ], [ 5.709530670119542, 58.992462917944181 ], [ 5.709532285399291, 58.992464056008679 ], [ 5.709534064650211, 58.992465125508325 ], [ 5.709535952289935, 58.992466144110118 ], [ 5.709537986936261, 58.992467085689881 ], [ 5.709540132379305, 58.992467967509015 ], [ 5.709542371109305, 58.992468770226388 ], [ 5.709544706320151, 58.992469494976888 ], [ 5.709545029019775, 58.99246958339365 ], [ 5.710066524150484, 58.992616158083649 ], [ 5.710072920354537, 58.992617398061441 ], [ 5.7100767458729, 58.992618348112821 ], [ 5.710171658906368, 58.992636549684143 ], [ 5.710235584901165, 58.992649707700053 ], [ 5.71025798155818, 58.992660550447241 ], [ 5.710284213195677, 58.992666391231751 ], [ 5.710322290389707, 58.992672041673686 ], [ 5.710367787673558, 58.992669742294211 ], [ 5.710401183880685, 58.992656229916264 ], [ 5.71041898921755, 58.992643274008181 ], [ 5.710420992696681, 58.992641049456026 ], [ 5.710431166203442, 58.992628546288422 ] ] } },
{ "type": "Feature", "properties": { "objectid": 8740, "eier": "MELLOM AS", "eierorgnr": 925668389, "st_length(shape)": 3162.6817241948802, "objekttype": "EL_Sjøkabel", "nvenetbasid": null, "komponentkodesystem": null, "nvenettnivaa": "1", "sosinettnivaa": "Sentralnett", "navn": "RE_132HL02_02_1", "spenning_kv": 132.0, "driftsattaar": 1978.0, "nveopprettetdato": null, "nveendretdato": null, "kildeendretdato": 1774458231000, "malemetode": 82.0, "noyaktighet": null, "globalid": "{95B3809C-DB28-4DB5-BA6B-1FCEC6E55CA9}", "nve_layer": "sjokabel", "voltage_kv": 132.0, "geod_km": 3.1589753071403237, "osm_covered_frac": 0.40625 }, "geometry": { "type": "LineString", "coordinates": [ [ 7.870580230676923, 63.114069754243594 ], [ 7.870522474285946, 63.114112420622014 ], [ 7.870518720855019, 63.11412292825446 ], [ 7.870529358543767, 63.114133867160675 ], [ 7.870557671608181, 63.114140772345095 ], [ 7.870668907360611, 63.114155669770106 ], [ 7.870747532578403, 63.114166081314252 ], [ 7.870844721170981, 63.114175078142388 ], [ 7.870918270278069, 63.114179883637732 ], [ 7.871513073842276, 63.114293411635231 ], [ 7.873432400166887, 63.114619506194408 ], [ 7.874252824207153, 63.114699961607919 ], [ 7.875298255560613, 63.114836848519282 ], [ 7.877486774535708, 63.115156381036506 ], [ 7.878614433036341, 63.115371051038672 ], [ 7.87981407426357, 63.115560561519672 ], [ 7.885753231042063, 63.116678933175912 ], [ 7.885883446097566, 63.124280536077741 ], [ 7.885870570723932, 63.137587592900346 ] ] } }
]
}
