country,publisher,dataset_name,contents,voltage_floor_kv,voltage_detail,format,access_method,download_url,download_size,licence_name,licence_verbatim,licence_odbl_mixable,last_updated,fetch_verified,assessment,notes
Norway,NVE (Norges vassdrags- og energidirektorat),"Kraftlinjer / NVE Kraftsystem Nettanlegg (Nettanlegg4 MapServer, layers 0-3)","Overhead line centrelines for the whole Norwegian high-voltage network, split into layers: 0 Transmisjonsnett luftledning (390 features, count-verified), 1 Regionalnett luftledning (3,706 features, count-verified), 2 Distribusjonsnett, 3 Sjokabler (submarine cables). Attributes verified on layer 0: spenning_kv (double), eier + eierorgnr (owner name and org number), navn, objekttype, nveNettnivaa, sosiNettnivaa, driftsattaar (commissioning year), malemetode, noyaktighet (positional accuracy), nveEndretDato, globalID.",1.0,"Dataset scope stated as ""det hoyspente luftledningsnettet i Norge... sentral-, regional- og hoyspent distribusjonsnett"", 1 kV and above. Per-feature kV in spenning_kv, so a 50 kV filter is trivial. Overhead lines only - underground cables excluded (submarine cables are in layer 3).","ArcGIS REST (GeoJSON/JSON via /query), WMS; SOSI via the NVE download portal",arcgis_rest,https://kart.nve.no/enterprise/rest/services/Nettanlegg4/MapServer/0/query?where=1%3D1&outFields=*&f=geojson,"small - 390 + 3,706 line features in the two transmission/regional layers; maxRecordCount 2000 so paginate with resultOffset",NLOD 1.0 (Norsk lisens for offentlige data),,yes,Metadata revision date on data.norge.no is 2013-01-01 with metadata last updated 2026-05-09; the service itself carries per-feature nveEndretDato/kildeEndretDato so real currency is checkable per row. Service description text is stale (mentions a 2011 update) - treat the stated date as unreliable and use nveEndretDato.,True,supersedes_osm,"Best-in-region source. Verified this session: MapServer root JSON (layer list, Query supported, maxRecordCount 2000), layer 0 field list, layer 0 count=390, layer 1 count=3706. Licence NLOD 1.0 confirmed on data.norge.no DCAT record (http://publications.europa.eu/resource/authority/licence/NLOD_1_0) - attribution-only, ODbL-compatible. The interactive download portal at http://nedlasting.nve.no/gis/ is a JS app and could not be fetched, but the ArcGIS REST /query route needs no portal. copyrightText field on the service is empty - cite NVE + NLOD from the DCAT record, not the service. Geonorge kartkatalog pages are JS-only; use data.norge.no mirrors (uuid 5a99af63-9ae1-3635-b686-1dff6aceddba) for metadata."
Norway,NVE (Norges vassdrags- og energidirektorat),"Transformatorstasjoner (Nettanlegg4 MapServer, layer 5)","Point locations of transformer/substations in the Norwegian high-voltage network. Verified field list: navn, eier, eierorgnr, objekttype, nveNetbasID, nveNettnivaa, sosiNettnivaa, spenning_kv, driftsattaar, nveOpprettetDato, nveEndretDato, kildeEndretDato, malemetode, noyaktighet, globalID.",1.0,"spenning_kV populated per station; scope is ""storre transformatorer i det hoyspente kraftnettet"".","ArcGIS REST (GeoJSON/JSON via /query), WMS; SOSI via NVE download portal",arcgis_rest,https://kart.nve.no/enterprise/rest/services/Nettanlegg4/MapServer/5/query?where=1%3D1&outFields=*&f=geojson,"small (point layer, maxRecordCount 2000)",NLOD 1.0 (Norsk lisens for offentlige data),,yes,"data.norge.no DCAT: issued 2012-01-01, modified 2013-01-01; per-feature nveEndretDato available",True,supersedes_osm,"Separate entry per instruction 6 - it is a distinct layer with a distinct DCAT record (uuid d4c046a3-dc76-3f47-a19c-caf87811b979) even though it shares the MapServer with the line layers. Layer 5 field list fetch-verified this session. Point geometry only - no substation polygons, so OSM substation areas still carry footprint information NVE does not."
Denmark,"GeoDanmark (municipalities + Klimadatastyrelsen), served via Datafordeler",GeoDanmark Vektor - object type Hoejspaendingsledning (Teknik theme),"Nationwide high-voltage overhead line traces. Definition verbatim: ""trace for hoejspaendingsledning ophaengt paa staal- eller parvise traemaster"". Geometry GM_Curve with Z, EPSG:25832. Two attributes: geometri and spaending. Sibling object types in the same Teknik theme: Mast, Telemast, TekniskAnlaegFlade, TekniskAnlaegPunkt, Vindmoelle.",10.0,"spaending = ""det nominelle spaendingsinterval for ledningen"", banded: 10-49 kV (>=10 and <50), 50-131 kV (>=50 and <132), 132-399 kV (>=132 and <400), 400 kV (>=400), Ukendt. Bands map almost exactly onto a 50 kV floor - select 50-131, 132-399, 400. Bands not exact kV, so no per-line rating.","GeoPackage, GML, JSON, CSV (pre-generated file download); also WFS and WMS",api_key_or_registration,https://datafordeler.dk/dataoversigt/geodanmark-vektor/geodanmark-vektor-fildownload/,"not stated on the service page (nationwide GeoDanmark vector, pre-generated per-entity files)",Vilkaar for brug af frie geografiske data (GeoDanmark-data),"data, som frit bl.a. kan: kopieres, distribueres og offentliggoeres; aendres og sammensaettes | attribution: ""Indeholder grunddata fra GeoDanmark"" (plus retrieval date, e.g. ""Indeholder grunddata fra GeoDanmark, januar 2021"")",yes,unknown - update frequency not stated on the Fildownload page; GeoDanmark is maintained on a continuous municipal update cycle,True,supersedes_osm,"This is the Danish answer, not Energinet. Verified this session: the Teknik object-type index, the Hoejspaendingsledning object-type page (definition, geometry, spaending value list), the GeoDanmark licence PDF (permission grant and attribution wording), and the Datafordeler Fildownload service page (GPKG/GML/JSON/CSV, nationwide, self-service account). Access needs a free Datafordeler account: ""En bruger med MitID eller e-mail/adgangskode"" plus ""Et IT-system og tilhoerende autentifikation (API keys med mere)"". Licence has a pass-through clause - you must ""stille en kopi af disse vilkaar, evt. ved hjaelp af et link, til raadighed for tredjepart"" - workable alongside ODbL but the attribution string must be carried. NO substation object type in GeoDanmark: Teknik has Mast but nothing for transformerstation, and TekniskAnlaegPunkt is a BBR marker with no type attribute (checked). So Danish substations have no ODbL-mixable authoritative source - keep OSM for those."
Denmark,Energinet,El kabler og Luftledninger (INSPIRE_Electricity_cables),"Energinet's in-service transmission network. WFS serves two feature types, verbatim: INSPIRE_Electricity_cables:Electricity_cables_underground and INSPIRE_Electricity_cables:Electricity_cables_overhead.",132.0,"""det idriftsatte transmissionsnet 400 kV, 150 kV og 132 kV i Danmark"" - transmission only, three discrete levels, includes underground cable as well as overhead.","WFS 2.0.0 with GeoJSON, SHAPE+ZIP, GeoPackage, GML2/3/3.2, KML, CSV output; also WMS",wfs_wms,https://agis.energinet.dk/server/services/INSPIRE/INSPIRE_Electricity_cables/MapServer/WFSServer?SERVICE=WFS&REQUEST=GetCapabilities,small (national transmission network only),Rettigheder til Energinets GIS produkter (Energinet copyright terms),"Maa ikke anvende i forbindelse med projektering, lednings paavisning og gravearbejder | attribution: ""Copyright, Energinet.dk"" or ""(c) Energinet.dk""",no,"Metadata: published 2013-11-28, last revision 2024-08-20 (INSPIRE service record separately dated 2019-04-24)",True,unusable,"Technically excellent, legally blocked. Verified this session: geodata-info.dk record 9e479f3e (service) and a4234f1b (dataset, incl. the ISO constraints in Danish), plus the live WFS GetCapabilities (feature types and output formats confirmed; Fees and AccessConstraints elements are empty in the capabilities, which is misleading - the real terms are in the ISO metadata). Access constraint says ""no limitations to public access"", but the USE constraints bar exactly what we would do with it: digital sharing with third parties is limited to raster with your own information overlaid, internet publication requires a separate agreement with Energinet, and the data may not be used ""i forbindelse med projektering"" - i.e. design/routeing use. Marked unusable for ODbL fusion and for study work rather than complements_osm, to avoid inflating it. It remains the reference to cite if Denmark becomes commercially material - then negotiate a licence with Energinet directly."
Denmark,Energinet,WMS_WFS_TowerSubstationLine_N (Tower / Substation),"Energinet asset service with three layers, verbatim: 0 Tower, 1 Substation, 2 hovedkort_line_tab. Substation is the layer of interest; Tower is a pylon layer (excluded per instruction 6). Query supported, maxRecordCount 15,000.",132.0,Energinet transmission assets only (400/150/132 kV estate). Service description and copyrightText fields are both empty - no voltage documentation on the service itself.,"ArcGIS REST / WMS / WFS (MapServer, Query capability confirmed)",arcgis_rest,https://agis.energinet.dk/server/rest/services/INSPIRE/WMS_WFS_TowerSubstationLine_N/MapServer,small,Rettigheder til Energinets GIS produkter (assumed same Energinet terms as the cables dataset - no separate licence record found),,no,"unknown - no dates exposed on the service, no separate metadata record located",True,unusable,"Fetch-verified the MapServer JSON this session (layer names, Query support, maxRecordCount 15000). This is the only authoritative Danish substation geometry found - GeoDanmark has no substation object type - but it sits behind the same Energinet rights regime as the cables dataset, so it cannot be fused or published. Recorded so the gap is explicit rather than invisible: Denmark = authoritative lines available and mixable (GeoDanmark), authoritative substations available but not mixable (Energinet). No standalone metadata record for this service was found on geodata-info.dk, so the licence is inferred from the sibling Energinet INSPIRE dataset - treat as inferred, not established."
Sweden,Lantmateriet,"Topografi 10 Nedladdning, vektor - Tema Ledningar","Two layers: Ledningslinje (line) and Transformatoromraade (transformer area, polygon - the Swedish substation proxy). Ledningslinje power classes verbatim: ""Kraftledning stam"" = ""ledningslinje foer elkraftdistribution i regel med en spaenning hoegre aen 200 kV""; ""Kraftledning region"" = ""i regel med en spaenning mellan 25 och 200 kV""; ""Kraftledning foerdelning"" = ""i regel med en spaenning mellan 6 och 24 kV"". Also Roerledning (pipeline) and Telefonledning in the same theme.",6.0,"No kV attribute. Voltage is encoded only in the three class names (>200 kV / 25-200 kV / 6-24 kV). Attributes are objektidentitet (UUID), versiongiltigfran, lagesosakerhetplan, objekttypnr. A 50 kV floor cannot be applied from the data - the 25-200 kV ""region"" class straddles it, so you would take stam + region and inherit OSM voltages by spatial match.",GeoPackage (.gpkg) plus JSON metadata; SWEREF 99 TM (EPSG:3006); QGIS/ArcGIS style files included,api_key_or_registration,https://geotorget.lantmateriet.se/geodataprodukter/topografi-10-nedladdning-vektor,"not stated; selectable as whole Sweden, per laen or per kommun",Creative commons Erkaennande 4.0 Internationell (CC BY 4.0),Produkten aer avgiftsfri och faar anvaendas enligt anvaendningsvillkor foer vaerdefulla datamaengder som innehaaller personuppgifter,yes,Metadata revision 2026; metadata stamp 2026-06-15; update frequency stated as weekly,True,complements_osm,"Verified this session: the Tema Ledningar content page (class definitions quoted above), the Atkomst och leverans page (GeoPackage, EPSG:3006, order via Geotorget, manual browser download or Geotorget download API), Lantmateriet's open-data page (CC0 statement for some products), and the Arctic-SDI harvested ISO record d09898c1-94aa-4ea5-bda5-da34946aca70 which is where CC BY 4.0 is actually asserted for this product. Two licence caveats: (1) Lantmateriet's general open-data page says ""Vissa produkter tillhandahaalls enligt Creative Commons, CC0"" - CC0 applies to some products, but the ISO record for Topografi 10 names CC BY 4.0, so treat CC BY 4.0 as the operative licence and attribute; (2) access constraints flag ""Innehaaller personuppgifter - Icke Kaensliga"" (contains non-sensitive personal data) via the place-name register - relevant to redistribution paperwork, not to the Ledningar theme. Geotorget product pages are JS-only - use the geotorget.lantmateriet.se/dokumentation/GEODOK/51/ documentation tree and the Arctic-SDI record for metadata. Classed complements_osm not supersedes because there is no kV attribute: geometry is better than OSM, attribution is worse."
Sweden,Svenska kraftnaet (data service hosted by Metria),Transmissionsnaet foer el i Sverige (INSPIRE US.TransmissionsnatForEl / SVK_STAMNAT),"The Swedish transmission grid: ""hoegspaenningsledningar och stationer"" - lines (overhead and cable) plus substations, in one pre-defined dataset download.",220.0,"Not stated in the metadata. Svenska kraftnaet's transmission remit is 220 kV and 400 kV, so treat the floor as 220 kV pending inspection of the shapefile. No per-feature voltage documented.","GML (INSPIRE US schema) and ESRI Shapefile, via an INSPIRE ATOM pre-defined dataset download service; WMS also published; WFS is published in the metadata but returns ""Service WFS is disabled""",direct_file,https://gis-services.metria.se/svkfeed/filer/SVK_STAMNAT.zip,unknown - could not retrieve the file (see notes),Villkor okaenda (conditions unknown),Villkor foer aatkomst och anvaendning okaend,unclear,Data revision 2026-02-02; metadata updated 2026-02-16,True,complements_osm,"Download offer seen with my own eyes on a fetched metadata page - the Laensstyrelsen Planeringskatalogen record 08ec56a0-6b5c-4f83-b29e-375e6f1a34b9_C - which lists, verbatim: ATOM https://gis-services.metria.se/svkfeed/svk_topfeed_transmission.xml, GML https://gis-services.metria.se/svkfeed/filer/US.TransmissionsnatForEl.zip, Shapefile https://gis-services.metria.se/svkfeed/filer/SVK_STAMNAT.zip, WMS https://inspire-skn.metria.se/geoserver/skn/ows?. The URLs are copied from that page, not constructed. I could NOT open the files or the ATOM feed: gis-services.metria.se is robots-disallowed to WebFetch and the agent proxy refuses CONNECT to that host (403), so file contents, size and layer list are unverified. I did fetch the GeoServer WFS endpoint directly and it returns an OWS ExceptionReport ""Service WFS is disabled"" - so the ATOM/static zips are the only vector route. Licence is the blocker: the ISO record explicitly says access/use conditions are unknown, and svk.se's own transmission map page offers only a PDF and points elsewhere for data. Do not fuse until Svenska kraftnaet confirms terms in writing. Until then Lantmateriet Topografi 10 (CC BY 4.0) is the usable Swedish source and this is a cross-check."
Finland,Maanmittauslaitos / National Land Survey of Finland,Maastotietokanta (Topographic Database) - Johtoverkosto theme,"Nationwide topographic database. Johtoverkosto (utility networks) theme contains the sahkolinja (power line) table plus muuntoasema (substation, kohdeluokka 24221); muuntaja (transformer, 24211) was removed in the May 2025 update. Line geometry is ""viiva"".",,"No kV attribute. Only a two-way class split by kohdeluokka: 24311 ""Suurjaennitelinjan symboli"" (high-voltage/transmission line) and 24312 ""Jakelujaennitelinjan symboli"" (distribution-voltage line). No kV thresholds are published for either class. Because Finland's network is effectively 400/220/110 kV transmission and 20 kV distribution with very little 50-110 kV, 24311 is a workable proxy for "">= 110 kV"" but it is not a 50 kV filter and it carries no rating.",GeoPackage (thematic download by theme) and OGC API Features / OGC API Processes file service,api_key_or_registration,https://avoin-paikkatieto.maanmittauslaitos.fi/tiedostopalvelu/ogcproc/v1/,"not stated; selectable by bounding box, polygon, map sheet, municipality or theme",Creative Commons Attribution 4.0 International (Maanmittauslaitoksen avoimen tietoaineiston Nimeae CC 4.0 -lisenssi),Kaeyttaejae tunnistetaan API-avaimella (API key required; use is free of charge under the NLS open data CC BY 4.0 licence),yes,"avoindata.suomi.fi record last modified 2026-06-18; object catalogue ""Maanmittauslaitoksen maastotietokohteet"" updated 27.5.2025",True,complements_osm,"Verified this session: the avoindata.suomi.fi dataset record (CC BY 4.0 with licence URL, distribution endpoints), the NLS thematic GeoPackage page (10 themes listed, Johtoverkosto explicitly containing a ""sahkolinja"" table), the paikkatiedon-tiedostopalvelu page (API key required, free, 24/7, CC BY 4.0), and the Maastotietokohteet object catalogue (codes 24311/24312 for sahkolinja, 24221 muuntoasema). The OGC API Features endpoint returns HTTP 401 without a key - confirmed by direct fetch - so a free NLS account is a hard prerequisite. Substations (muuntoasema) live in the same dataset and theme, so no separate entry. Classed complements_osm: survey-grade geometry that improves on OSM, but with no kV attribute you must inherit voltage from OSM by spatial join, and there is no owner/operator or commissioning-date attribution. The karttapaikka file-service UI (asiointi.maanmittauslaitos.fi) is robots-disallowed; use the OGC API Processes endpoint instead."
Finland,Fingrid Oyj,"Fingrid Karttapalvelut (transmission grid map, Verkkokiikari, line-project map) and Fingrid Open Data (data.fingrid.fi)","Four browser map services: Finnish transmission grid map, Verkkokiikari connection-capacity viewer, vegetation-management map, and a power-line project map showing route alternatives for schemes in planning or construction. No vector export offered. The separate data.fingrid.fi ""Open data"" service is market and system time-series only (consumption, production, transmission capacity) - no geometry.",110.0,Fingrid's estate is 400/220/110 kV. Voltage is shown cartographically only; nothing is exposed as attributed geometry.,web map viewers only; time-series API (JSON/CSV) on the separate open-data service,viewer_only_no_download,,,"unknown - no licence or terms statement about map data on the Karttapalvelut page; only a general ""Sivuston kaeyttoeehdot"" site-terms link",,unclear,unknown,True,metadata_only,"Recorded as a verified negative so nobody re-searches it. Fetched the Karttapalvelut page this session: four viewers described, no shapefile, GeoPackage, WFS or ArcGIS REST offer and no data licence. I also probed candidate ArcGIS hosts (kartta.fingrid.fi, gis.fingrid.fi) - the agent proxy refused CONNECT (403) so I cannot state whether a public FeatureServer exists behind the viewers; that is the one remaining thing worth a browser check, since the project map with ""route alternatives for schemes in planning or construction"" would be directly useful as a compelling-event layer if it is backed by a public service. Finland's usable authoritative geometry is the NLS Maastotietokanta entry, not Fingrid."
Germany,Geobasis NRW (Bezirksregierung Koeln) - ATKIS Basis-DLM for North Rhine-Westphalia,Digitales Basis-Landschaftsmodell NW (adv:AX_Leitung),"ATKIS Basis-DLM object class AX_Leitung (object type 51005) - overhead line centrelines. Schema elements verified by DescribeFeatureType: bauwerksfunktion (AX_Bauwerksfunktion_Leitung), spannungsebene (gml:MeasureType, minOccurs=0), name, hat3D, qualitaetsangaben, ergebnisDerUeberpruefung. 3,518 AX_Leitung features in NRW (numberMatched, verified). Substations are carried separately as AX_IndustrieUndGewerbeflaeche with funktion 2540 ""Umspannstation"" (""Anlage zur Umformung des elektrischen Stroms auf andere Spannungsebenen"", Nutzungsartkennung 12030400).",,"CAUTION - the schema has a voltage field but the data does not. spannungsebene exists in AX_Leitung (gml:MeasureType, optional) but a live GetFeature of 3 features returned bauwerksfunktion=1110 for all three and NO spannungsebene element at all. bauwerksfunktion 1110 decodes to ""Freileitung"" and is the ONLY permitted value of AX_Bauwerksfunktion_Leitung in the Saxon ATKIS catalogue - so the class does not distinguish 380 kV from an 11 kV wood-pole overhead line. A 50 kV floor cannot be derived from this data.",Shapefile and NAS (zip); WFS 2.0.0 / 1.1.0 with GML 3.1/3.2 output; Atom feed,wfs_wms,https://www.wfs.nrw.de/geobasis/wfs_nw_atkis-basis-dlm_aaa-modell-basiert?REQUEST=GetCapabilities&SERVICE=WFS,"basis-dlm_EPSG25832_Shape.zip = 4,691,808,737 bytes (4.69 GB); basis-dlm_EPSG25832_NAS.zip = 1,182,730,388 bytes (1.18 GB); both timestamped 2026-08-19. WFS is the sane route for AX_Leitung alone.",Datenlizenz Deutschland - Zero - Version 2.0 (DL-DE/Zero-2.0),Es gelten die durch den IT-Planungsrat im Datenportal fuer Deutschland (GovData) veroeffentlichten einheitlichen Lizenzbedingungen 'Datenlizenz Deutschland - Zero'... Jede Nutzung ist ohne Einschraenkungen oder Bedingungen zulaessig.,yes,"Dataset last update 15.07.2026, monthly update cycle; download files timestamped 2026-08-19; WFS response timestamp 2026-08-19T21:27:54+02:00",True,complements_osm,"Most thoroughly verified entry in this survey, and the result is a downgrade. Verified this session: opengeodata.nrw.de directory listing (both zip names and exact byte sizes), the Open.NRW DCAT record 4c8955f8-7c72-498e-bb3a-55b1680a4ec6 (DL-DE/Zero-2.0 with licence URL https://www.govdata.de/dl-de/zero-2-0, ""Ueberlandleitung"" in keywords, monthly updates), WFS GetCapabilities (adv:AX_Leitung and adv:AX_IndustrieUndGewerbeflaeche feature types, Fees text quoted above, AccessConstraints NONE), DescribeFeatureType for adv:AX_Leitung, a live GetFeature (geometry returned as LineString with Z in EPSG:25832; spannungsebene absent), and RESULTTYPE=hits (3,518). The licence is the best in the region - DL-DE/Zero is CC0-equivalent, no attribution even required. The killer is the missing voltage: geometry is cadastral-grade and clearly better than OSM, but you cannot filter to 50 kV+ and you cannot rate a line, so this is a geometry-refinement source only, joined to OSM voltages. Scope is NRW only - Basis-DLM is held per Bundesland, so national coverage means 16 separate acquisitions (see the Sachsen and basemap.de entries). Before investing, sample spannungsebene across several Laender - it may be populated in some even though NRW leaves it empty."
Germany,Staatsbetrieb Geobasisinformation und Vermessung Sachsen (GeoSN),ATKIS Basis-DLM Sachsen (Downloadbereich Basis-DLM),"Whole-Saxony ATKIS Basis-DLM including object class AX_Leitung / 51005 (the Saxon ATKIS object catalogue confirms 51005 AX_Leitung with attribute spannungsebene, and bauwerksfunktion value 1110 ""Freileitung"").",,"Same limitation as NRW: bauwerksfunktion has the single value 1110 Freileitung; spannungsebene is listed in the Saxon catalogue with no permitted-value list, no unit and no mandatory marker. Population not tested for Saxony.",NAS (zip) and Shapefile (zip); GeoPackage in WGS 84 via basemap.de,direct_file,https://geocloud.landesvermessung.sachsen.de/public.php/dav/files/DtPWngtLEJP8K3k/basisdlm_sn_shape.zip,"Shape zip 1,180 MB; NAS zip 1,130 MB","unknown - the download page states only ""kostenfreien Download"" with no licence named on the page",,unclear,"quarterly update cycle (""Die Daten werden quartalsweise aktualisiert""); page last modified 2026-08-05",True,complements_osm,"Included as the second-Land datapoint showing the German pattern: free download, but licence terms not stated at the point of download. Verified this session: the geodaten.sachsen.de Basis-DLM download page (both file names, both sizes, quarterly cycle) and the Saxon ATKIS object catalogue PDF (51005 AX_Leitung, spannungsebene listed, bauwerksfunktion 1110 = Freileitung as the sole value). The download URLs go through a Nextcloud-style public share path (public.php/dav/files/<token>/) - that token can be rotated, so re-read the landing page rather than hard-coding the URL in a pipeline. Resolve the licence with GeoSN before use; most Saxon geobasis data is DL-DE/Zero-2.0 but I did not verify that for this product, so it stays unclear."
Germany,AdV / basemap.de (federal-state surveying agencies),basemap.de Open Data - basisviews (Basis-DLM GeoPackages per Bundesland),"Basis-DLM-derived vector data as one GeoPackage per Bundesland, EPSG:4326, all 16 states published together - the only practical route to near-national German coverage in a single consistent format. Verified file names and sizes include basisviews_bdlm_BB_EPSG4326_2026-08-19.gpkg (593M), _BE_ (83M), _BW_ (2.3G), _BY_ (3.6G), plus HB, HE, HH, MV, NI, NW, RP, SH, SL, SN, ST, TH.",,unknown - see notes; layer list not verified,"GeoPackage, EPSG:4326",direct_file,https://basemap.de/dienste/opendata/basisviews,"per state, 83 MB (Berlin) to 3.6 GB (Bavaria); all files dated 2026-08-19",Datenlizenz Deutschland - varies by Bundesland between Zero 2.0 and Namensnennung 2.0,,yes,all files timestamped 2026-08-19 (fetched same day),True,complements_osm,"LAYER CONTENT UNVERIFIED - do not treat this as a confirmed power-line source until someone opens one gpkg and lists its layers. I verified the file offer itself (names, sizes, dates, GeoPackage/EPSG:4326) and the open-data page's licence statement that terms are per-state ""Datenlizenz Deutschland"" in Zero or Namensnennung variants, both of which are ODbL-compatible. What I could NOT verify: whether basisviews includes AX_Leitung. ""basisviews"" are AdV Smart Mapping cartographic views over Basis-DLM, not the full object model, and the open-data page does not enumerate layers; the AdV product-specification PDF 404'd. Cheapest test: pull basisviews_bdlm_BE_EPSG4326 (83 MB) and run ogrinfo -so. If AX_Leitung is absent, fall back to per-Land Basis-DLM (NRW entry) for the states you need. Per-state currency table is at https://basemap.de/dienste/opendata/basisviews_bdlm_datenaktualitaet.html but it renders client-side and could not be read."
Germany,Bundesamt fuer Kartographie und Geodaesie (BKG),"Digitales Landschaftsmodell 1:250 000 (DLM250, Ebenen) and Digitales Basis-Landschaftsmodell (Basis-DLM, national)","DLM250 is BKG's national open-data landscape model - roads, railways, water, settlement, vegetation, administrative boundaries. It contains NO power line layer. BKG's national Basis-DLM (Ebenen and kompakt), which does carry AX_Leitung, is a priced product.",,n/a - DLM250 has no power line objects at all.,"Shapefile (DLM250: dlm250.utm32s.shape.ebenen.zip, 300 MB); WFS also published",direct_file,https://daten.gdz.bkg.bund.de/produkte/dlm/dlm250/aktuell/dlm250.utm32s.shape.ebenen.zip,300 MB (DLM250),"Datenlizenz Deutschland Namensnennung 2.0 (DL-DE/BY-2.0) for DLM250; national Basis-DLM is priced from EUR 2,000",Die Daten werden geldleistungsfrei gemaess der Datenlizenz Deutschland Namensnennung 2.0 zur Verfuegung gestellt.,yes,"DLM250 data currency 2025-12-31, last change 2026-06-19, annual cycle",True,unusable,"Verified negative, recorded to close off the obvious federal route. Fetched the DLM250 open-data page (direct zip URL, 300 MB, licence sentence quoted, currency 2025-12-31) and confirmed the documented object layers do not include Leitungen. Also fetched the BKG Digitale Landschaftsmodelle index: the two Basis-DLM products (Ebenen and kompakt) are listed under licensed products at ""ab 2.000,00 EUR"", and the standalone Basis-DLM open-data URL 404s. So there is no free NATIONAL German power-line dataset from BKG - German coverage has to be assembled from the Laender. Licence marked mixable because DL-DE/BY-2.0 is attribution-only, but the assessment is unusable because the dataset carries no power line geometry."
Germany,TenneT TSO GmbH,Web Map Service mit den Netzdaten der TenneT TSO GmbH (geowms Leitungsnetz),"WMS layers, verbatim: Energiekabel, Energiekabel-ab2500, Leitungen, Maste, UW-Standorte (transformer station locations). Raster rendering only - no vector export.",,"Not documented. Coverage is described as TenneT's territory in Bavaria rather than its full German control area, so this is not even a complete TenneT DE picture.",WMS (GetMap / GetFeatureInfo),wfs_wms,https://geowms.tennet.eu/geowms/Leitungsnetz?request=GetCapabilities&service=WMS,,TenneT TSO GmbH proprietary - all rights to the network data reserved to TenneT; use bound to the provider's Impressum and terms of use,,no,"published 2019-01-01, updated fortnightly",True,metadata_only,"Verified via the GDI-DE metadata record 58e8e8b8-52d1-4f6f-ad24-521cd29551d3 this session. WMS only, no WFS and no downloadable vector, and the record states all rights in the network data remain with TenneT - so it is a visual cross-check at best. Useful for eyeballing whether an OSM line exists in reality, useless for fusion. Note the alternative endpoint the record also lists: https://geowms.tennet.eu/server/services/open/Leitungsnetz/MapServer/WMSServer - that path shape suggests an ArcGIS Server behind it, so a REST directory MAY be exposed at .../server/rest/services/open/Leitungsnetz/MapServer; I did not verify that and it would not fix the licence. No equivalent published service was found for 50Hertz, Amprion or TransnetBW. The VDE/FNN ""Deutsches Hoechstspannungsnetz"" map is a printed/PDF cartographic product, not geodata. Licence marked verbatim-null because the record text I saw was machine-translated to English, not the original German."
Germany,LUBW Landesanstalt fuer Umwelt Baden-Wuerttemberg (data from TransnetBW and Amprion via Bundesnetzagentur),Netzausbauplan der Uebertragungsnetzbetreiber,"PLANNED transmission projects, not the existing grid: route trajectories, corridor lengths, and the nature and purpose of each scheme, covering the projects in the Bundesbedarfsplan and the Energieleitungsausbaugesetz.",,"Not documented. Bundesbedarfsplan schemes are 380 kV AC and HVDC, so effectively 380 kV+, but the metadata does not state it.",WMS (ArcGIS MapServer WMSServer) - raster only,wfs_wms,https://rips-gdi.lubw.baden-wuerttemberg.de/arcgis/services/wms/Netzausbauplan/MapServer/WMSServer?SERVICE=WMS&REQUEST=GetCapabilities,,Nutzungsvereinbarung fuer Daten des Umweltinformationssystems (UIS) Baden-Wuerttemberg,Es gelten die Bedingungen der Nutzungsvereinbarung fuer Daten des UIS,unclear,Last data revision 2023-07-15; metadata stamp 2026-07-01; annual update cycle,True,metadata_only,"Verified via the GDI-DE record 19359BA9-1D32-4873-BCC0-7683E590BB86 this session. Two reasons it does not qualify as a geometry source: WMS only (no WFS, no file download), and it is a Baden-Wuerttemberg-hosted redistribution of BNetzA project data rather than a national dataset. Licence is a bespoke UIS usage agreement (terms at https://www.lubw.baden-wuerttemberg.de/umweltinformationssystem/nutzungsvereinbarung) - unresolved, so unclear. Relevance to this project is the compelling-event angle rather than the grid model: it is planned-corridor geometry for BBPlG/EnLAG schemes. Separately I checked BNetzA's own https://www.netzausbau.de/Vorhaben/uebersicht/karte/karte.html - view-only, no shapefile/GeoJSON/WFS/KML offer and no geodata licence statement, so BNetzA publishes no downloadable project geometry."
France,RTE (Réseau de Transport d'Électricité) via Open Data Réseaux Énergies (ODRÉ); mirrored on data.gouv.fr by DDTM de l'Eure (DDTM 27),Lignes aériennes RTE (data.gouv.fr mirror of ODRÉ dataset lignes-aeriennes-rte-nv),"Overhead transmission line segments of the French public transmission network operated by RTE, whole of metropolitan France. Line geometry only (no substations).",45.0,"RTE's network spans 45 kV to 400 kV plus DC (voltage tiers confirmed from the sibling ODRÉ dataset 'Nombre de postes électriques RTE par région et par niveau de tension'). CRITICAL: the published line schema carries no voltage field - the fetched ODRÉ field list is Code ligne, Nom ligne and ouvrage/LIT identifiers only. Voltage must be joined from RTE ouvrage references or parsed from line names.",ESRI Shapefile (also WMS/WFS); GeoJSON/SHP/CSV via the ODRÉ export API,direct_file,https://www.data.gouv.fr/api/1/datasets/r/9ab44d2c-3066-4074-ba1c-271002d1401d,4.6 MB (dataset page) / 4.8 MB (API resource record),Licence Ouverte / Open Licence version 2.0 (Etalab),Licence Ouverte / Open Licence version 2.0,yes,Data content dated 2023-06-30 (ODRÉ snapshot); mirror page last updated 2024-11-16; API last_modified 2023-11-02. ODRÉ master edition is 2026-06-16.,True,supersedes_osm,"This is the workhorse France line source. Verified twice: the data.gouv.fr dataset page and the /api/1/datasets/lignes-aeriennes-rte/ JSON both list the shapefile resource with the URL above under Licence Ouverte 2.0, and the description states national metropolitan coverage (not just Eure). Two material caveats before fusing: (1) the mirror is a 2023-06-30 snapshot, three years behind the current ODRÉ edition of 2026-06-16, so new-build corridors will be missing; (2) no voltage attribute, so it cannot by itself honour a 50 kV floor. Second shapefile resource on the same page: https://www.data.gouv.fr/api/1/datasets/r/63eacc3a-784e-49eb-a368-65913f7bed1b"
France,RTE via ODRÉ; mirrored on data.gouv.fr by DDTM de l'Eure (DDTM 27),Lignes souterraines RTE (underground cables),"Underground cable circuits of the RTE transmission network, metropolitan France. Line geometry only.",45.0,Same RTE 45-400 kV network scope; no voltage attribute confirmed in the published schema.,ESRI Shapefile (also WMS/WFS),direct_file,https://atom.geo-ide.developpement-durable.gouv.fr/atomArchive/GetResource?id=0d0a1d88-d5a0-4bae-98b1-b6010d461292&dataType=dataset,,Licence Ouverte / Open Licence version 2.0,Licence Ouverte / Open Licence Version 2.0,yes,2023-11-02 (API last_modified),True,supersedes_osm,"Verified on the data.gouv.fr search API (q=lignes souterraines RTE), which returned the DDTM 27 record with the Géo-IDE atom shapefile URL above under LO 2.0. Underground circuits are systematically under-mapped in OSM, so this is the highest-value France addition after the overhead layer. A second, older mirror exists from DDT du Cantal (LO 1.0, 2018) and a current département-scoped one from DDT Haute-Loire (2025-01-16): https://atom.geo-ide.developpement-durable.gouv.fr/atomArchive/GetResource?id=e5ca418c-6d4a-4b0d-8d5a-4c166a10c9e3&dataType=dataset"
France,RTE via Open Data Réseaux Énergies (ODRÉ),Sites électriques RTE et points de piquage (ODRÉ dataset id postes-electriques-rte),"All electrical sites owned or co-owned by RTE plus non-RTE sites where an RTE line terminates; distinguishes transformation substations from tap-off points. Point geometry, metropolitan France.",45.0,"All RTE voltage levels aggregated per site; the sibling statistics dataset enumerates 45, 63, 90, 150, 225, 400 kV and DC. RTE states it deliberately degraded GPS precision for security reasons.",Opendatasoft exports (GeoJSON / SHP / CSV / KML) via the ODRÉ portal,portal_robots_blocked,,,Licence Ouverte / Open Licence v2.0 (as stated for ODRÉ datasets mirrored on data.gouv.fr; not shown on the ODRÉ dataset page itself),,yes,2026-06-16 (edition date shown on the ODRÉ information page),False,complements_osm,"Honest status: I fetched https://odre.opendatasoft.com/explore/dataset/postes-electriques-rte/information/ and saw title, producer RTE, 2026-06-16 edition and the description - but NOT a download link, so this is fetch_verified=false per the rules. Everything under odre.opendatasoft.com/api/ is robots-disallowed (both /api/explore/v2.1/catalog/datasets/{id} and /exports returned ROBOTS_DISALLOWED), and the /explore/.../export page renders its format list client-side. ODRÉ's geo datasets are NOT mirrored on data.gouv.fr - I pulled the full ODRÉ organisation dataset list (https://www.data.gouv.fr/api/1/organizations/open-data-reseaux-energies-1/datasets.csv) and only statistical tables are there. However the export URL pattern IS confirmed from a fetched page: the data.gouv.fr record for 'Nombre de postes électriques RTE par région et par niveau de tension' exposes https://odre.opendatasoft.com/api/explore/v2.1/catalog/datasets/postes-electriques-region-tension/exports/csv?use_labels=true - the same /exports/{format} route with dataset id postes-electriques-rte should yield geojson, but I did not construct or verify it. Fetch it with a normal HTTP client (not a robots-respecting fetcher) to confirm."
France,"Direction Départementale des Territoires de la Haute-Loire (DDT 43), Géo-IDE / data.gouv.fr - mirror of ODRÉ RTE data",Postes électriques de RTE en Haute-Loire,"RTE substation points, département 43 only. Proof that the Géo-IDE mirror route delivers RTE substation geometry as a plain shapefile under an open licence.",45.0,Not stated in the metadata; inherits RTE site scope (45-400 kV).,ESRI Shapefile (also WMS/WFS),direct_file,https://atom.geo-ide.developpement-durable.gouv.fr/atomArchive/GetResource?id=d61ec0a2-33b8-4400-9051-78fca55e67a3&dataType=dataset,,Licence Ouverte / Open Licence version 2.0,Licence Ouverte / Open Licence Version 2.0,yes,2025-01-16,True,complements_osm,"Included only because it is the one RTE substation file I could verify end to end. Département-scoped, so useless as a national layer - but it demonstrates that DDT/DREAL bodies republish the ODRÉ RTE layers on Géo-IDE under LO 2.0, and a sweep of those publishers may assemble national substation coverage if the ODRÉ export route stays blocked. A regional alternative with a download link: DREAL Auvergne-Rhône-Alpes 'Postes du Réseau de Transport d'Electricité de RTE en Auvergne-Rhône-Alpes', https://telechargement.open-datara.fr/download/6ff46060-caa3-11de-ace6-0030485c9eb6 (licence not stated, 2019). A national-coverage WFS mirror also exists at Communauté d'Agglomération du Puy-en-Velay (layer electricite-transport:postes_electriques, https://geoportail.lepuyenvelay.fr/geoserver/wfs?, data as of 2024-06-10) but its data.gouv.fr record states no licence."
France,IGN (Institut national de l'information géographique et forestière),"BD TOPO (energy theme: ligne_electrique, poste_de_transformation)",National topographic vector database. Contains an electricity line class (ligne_electrique) and a transformer/substation class (poste_de_transformation) among 35+ classes. Both lines and substations in one product.,,"unknown - I could not verify the attribute schema this session. bdtopoexplorer.ign.fr returned 403 and documentation.geoservices.ign.fr failed TLS hostname verification, so I cannot confirm whether ligne_electrique carries numeric kV or a coarse HT/THT class. Treat the voltage attribute as unverified.","GeoPackage, ESRI Shapefile, SQL (per-département, per-région and France entière archives)",direct_file,https://www.data.gouv.fr/datasets/bd-topo-r,,Licence Ouverte / Open Licence version 2.0 (Etalab),Licence Ouverte / Open Licence version 2.0,yes,2026-07-31 (data.gouv.fr dataset page),True,complements_osm,"The URL given is the data.gouv.fr DATASET PAGE, not a file - be aware. I fetched it and confirmed IGN as publisher, LO 2.0, a 2026-07-31 update and 149 resources including shapefile entries with https://www.data.gouv.fr/api/1/datasets/r/{id} URLs, plus a resource titled 'Télécharger BD TOPO® régions, France entière format SQL et GeoPacKage' pointing at https://geoservices.ign.fr/bdtopo#telechargementshpreg. That geoservices URL 302s to https://cartes.gouv.fr/rechercher-une-donnee/dataset/IGNF_BD-TOPO which is a JS app and returned an empty body, so I could NOT copy a national archive file URL. Value proposition: BD TOPO is surveyed 1:5000-class geometry and, unlike the RTE layer, it includes substation polygons - but it is topographic mapping of visible infrastructure, so completeness at 50-90 kV and voltage tagging both need checking against a sample before it is trusted as a voltage-filterable source."
Belgium,Nationaal Geografisch Instituut / Institut Géographique National (NGI/IGN Belgium),Top10Vector – High-voltage network,"Two feature types: HT_hightensionlinesegment (high-voltage line segments, x/y/z geometry) and HT_powerpylon (pylons). National coverage of Belgium. No substations - I verified separately that the Top10Vector 'Constructions' theme (CO_Building, CO_Brunnel, CO_Particular*, CO_TowerOnBuilding, ZO_ParticularZone) contains no electricity substation or transformer feature type.",,unknown - the metadata record names the feature types but does not state a voltage threshold or a voltage attribute. As topographic capture of overhead HV lines it will not distinguish 70 kV from 380 kV and will omit underground cable. Attribute schema is in Top10Vector_ProductSpecification_EN.pdf (https://ac.ngi.be/remoteclient-open/ngi-standard-open/Specifications/Vectordata/Top10Vector_ProductSpecification_EN.pdf).,"GeoPackage 1.3.0 and ESRI Shapefile, in EPSG:3812 (Lambert 2008) and EPSG:4326",direct_file,https://ac.ngi.be/remoteclient-open/ngi-standard-open/Vectordata/Top10Vector/Top10Vector-HighTensionNetwork/c6c6d674-e3c5-47a9-8398-f4e1082d3e8e_geopackage+sqlite3_4326.zip,,Creative Commons Attribution 4.0 (CC BY 4.0),"""Creative Commons Attribution 4.0"" (https://creativecommons.org/licenses/by/4.0/); ""No limitations on public access"". NGI's open-data FAQ adds: ""you as the user must credit NGI as the creator of the data and provide a link to the licence"", modifications must be indicated, and no additional restrictions may be imposed.",yes,2026-01-23 (revision date on the geo.be metadata record),True,complements_osm,"The single best Belgium source and cleanly licensed. Verified on the federal catalogue record at https://publish.geo.be/geonetwork/srv/api/records/c6c6d674-e3c5-47a9-8398-f4e1082d3e8e, which lists the four direct archive URLs (GPKG and SHP, in 3812 and 4326), the CC BY 4.0 constraint and the 2026-01-23 revision. EPSG:3812 variant: .../c6c6d674-e3c5-47a9-8398-f4e1082d3e8e_geopackage+sqlite3_3812.zip; shapefiles substitute _x-shapefile_. ATOM download service: https://ac.ngi.be/remoteclient-open/ngi-standard-open/ATOM/52fa45ee-89df-11ee-b89a-089204088251-en.xml. WMS: https://data.geo.be/ws/top10vector/wms?service=wms&request=getcapabilities&version=1.3.0. Not marked supersedes_osm because there is no voltage attribute (so it cannot be filtered to the 50 kV floor), no substations, and probably no underground cable - it is a geometry-accuracy reference and a completeness check, not a replacement. Note the file bundles pylons with lines; drop HT_powerpylon on import."
Belgium,Elia Transmission Belgium,Elia Open Data Portal (opendata.elia.be) - negative finding,"106 datasets, but market and system operation timeseries (load, physical flows, generation, balancing, congestion), not network geometry. No downloadable line or substation GIS layer found. The transmission hosting-capacity map at https://opendata.elia.be/map/ is an interactive viewer.",,"Elia operates 30, 36, 70, 150, 220 and 380 kV in Belgium - all of which sit above the 50 kV floor except the 30/36 kV tier - but none of it is published as open geometry.",CSV / JSON / API (timeseries),viewer_only_no_download,,,Elia Open Data Licence,,unclear,,False,metadata_only,"Recorded as a negative so nobody spends time here. I fetched https://www.elia.be/en/grid-data/open-data and it describes only generation, load, balancing, transmission and congestion data - no geospatial infrastructure layer. https://www.elia.be/en/grid-data/elia-open-data-license returned 403 and https://data.gov.be/en/license/elia-open-data-license failed robots.txt retrieval, so the licence terms are unverified - do not assume ODbL compatibility. Belgian line geometry therefore has to come from NGI Top10Vector, and Belgian substation geometry has no authoritative open source I could find."
Luxembourg,Administration du cadastre et de la topographie / Géoportail Luxembourg (data.public.lu),INSPIRE Annex III - ElectricityNetwork UtilityLink - BD-L-TC electricity transmission lines from the official carto-/topographic database,"Electricity transmission line geometry for Luxembourg, derived from BD-L-TC, the official carto-topographic database at 1:5000, transformed into the INSPIRE Utility Networks model. Lines only.",,"unknown - the record says 'electricity transmission lines' without a voltage threshold. The INSPIRE US ElectricityNetwork model has an optional nominalVoltage attribute, so inspect the GML before assuming it is absent.",GML (INSPIRE schema); WMS view service,direct_file,https://download.data.public.lu/resources/inspire-annex-iii-utility-and-governmental-services-electricitynetwork-utilitylink-bd-l-tc-electricity-transmission-lines-from-the-official-carto-topographic-database-3/20260612-122754/us.electricitynetwork-utilitylink.gml,,Creative Commons Zero (CC0),Creative Commons Zero (CC0) / cc-zero (licence id on data.public.lu),yes,2026-06-12,True,complements_osm,"Cleanest licence in the whole region - CC0, no attribution obligation at all. Verified on the data.public.lu dataset page and again via the /api/1/datasets/?q=electricitynetwork search, which returned the full resource URL above. Luxembourg is small enough that a full authoritative rebuild is trivial. WMS: https://wms.inspire.geoportail.lu/geoserver/us/wms?service=WMS&version=1.3.0&request=GetCapabilities. Not marked supersedes_osm only because voltage attribution is unconfirmed; if the GML carries nominalVoltage this becomes a straight replacement for Luxembourg."
Luxembourg,Administration du cadastre et de la topographie / Géoportail Luxembourg (data.public.lu),INSPIRE Annex III - ElectricityNetwork Appurtenance - Electricity Station - BD-L-TC power stations from the official carto-/topographic database,"Electricity station (substation) objects from BD-L-TC, INSPIRE-transformed. Companion 'Transformer' (surface) and 'Transformer Point' layers cover transformer objects.",,unknown - no voltage threshold stated in the metadata.,GML (INSPIRE schema); WMS view service,direct_file,https://download.data.public.lu/resources/inspire-annex-iii-utility-and-governmental-services-electricitynetwork-appurtenance-electricity-station-bd-l-tc-power-stations-from-the-official-carto-topographic-database-1/20260612-122753/us.electricitynetwork-appurtenance-electricitystation.gml,,Creative Commons Zero (CC0),cc-zero,yes,2026-06-12,True,complements_osm,"Substation counterpart to the UtilityLink layer, same publisher, same CC0 terms, same 2026-06-12 vintage. Two further companion layers with verified full URLs: transformer surface objects at https://download.data.public.lu/resources/inspire-annex-iii-utility-and-governmental-services-electricitynetwork-appurtenance-transformer-bd-l-tc-surface-objects-of-the-transformators-from-the-official-carto-topographic-database-1/20260612-122755/us.electricitynetwork-appurtenance-transformer.gml and transformer points at https://download.data.public.lu/resources/inspire-annex-iii-utility-and-governmental-services-electricitynetwork-appurtenance-transformer-point-bd-l-tc-point-objects-of-the-transformators-from-the-official-carto-topographic-database-3/20260612-122757/us.electricitynetwork-appurtenance-transformerpoint.gml . An ElectricityNetwork Pole layer (pylons) also exists in the same series - skipped."
Netherlands,TenneT TSO B.V.,TenneT Assets Hoogspanning (ArcGIS FeatureServer),"Six layers verified from the service directory: Mast (0), Bliksemdraad (1), Hoogspanning leiding bovengronds (2, overhead lines), Hoogspanning kabel ondergronds (3, underground cables), Opstijgpunt (4), Hoogspanning station (5, substations). Lines AND substations in one service. Service description: 'Hoogspanningsnet Nederland - Asset gegevens TenneT TSO B.V.'",110.0,"Service description states 'public information about Dutch high-voltage stations and connections of 110 kV and above currently in operation'. The OSM wiki documents the source voltage field as SE_FLD**_SPANNINGSNIVEAU, mapped to OSM voltage in volts (e.g. 110000, or 110000;10000 at mixed substations). So a usable numeric voltage attribute exists - the only entry in this region where that is confirmed.","ArcGIS FeatureServer (JSON query; supports ConvertFormat, Get Estimates, Create Replica - so extract is possible). Max 2000 records per query.",arcgis_rest,https://services-eu1.arcgis.com/WjozPuR5ROn6NZE8/arcgis/rest/services/TenneT_Assets_Hoogspanning/FeatureServer,,"""Alle rechten voorbehouden. TenneT TSO B.V."" (all rights reserved) per the ArcGIS item licenseInfo - contradicted by a public-domain statement recorded by the OSM community","licenseInfo: ""Alle rechten voorbehouden. TenneT TSO B.V.""; accessInformation: ""TenneT TSO B.V."" (fetched from https://www.arcgis.com/sharing/rest/content/items/02d4cfaf2a9241b68f9520748081d7e9?f=json). Counter-evidence on the OSM wiki: ""TenneT states that this dataset is in the public domain and fit for use within OpenStreetMap"", sourced to an email from TenneT, plus ""ArcGIS states that they are only providing the online environment and do not pose any additional license restrictions.""",unclear,2025-05-12 (ArcGIS item modified date),True,complements_osm,"Two things matter here. (1) The licence is the gate and it is genuinely ambiguous: the machine-readable licenseInfo says all rights reserved, while https://wiki.openstreetmap.org/wiki/Power_networks/Netherlands/TenneT_Hoogspanning_Dataset records an emailed public-domain declaration. Get that in writing before fusing, or the ODbL output is contaminated. (2) Circularity risk: OSM's Dutch 110 kV+ network has already been built from this dataset under that permission, so fusing it may add little beyond currency and will not be an independent cross-check. Use it to date-check rather than to fill gaps. Not supersedes_osm precisely because the licence is not established as reusable."
Netherlands,"Liander / Alliander N.V. (regional DSO - Gelderland, Noord-Holland, Friesland, Flevoland, Zuid-Holland part)",Liander Open Data Elektra (ArcGIS FeatureServer) / 'Liggingsgegevens elektriciteitsnetten',"Nine layers with verified individual endpoints, including Hoogspanningskabel (FeatureServer/632, underground), Hoogspanningskabel bovengronds (638, overhead), Hoogspanningsstation (641), Stationsterrein (530), Stationsgebouw (644), plus MS/LS cables and stations. Lines AND substations. Layers follow the Netbeheer Nederland Open Data Guidelines; sourced from Alliander's asset register and refreshed monthly by script.",50.0,"The uniform Netbeheer Nederland classification used by this dataset (confirmed on the data.overheid.nl record) is HS >= 50 kV, MS >400 V and <50 kV, LS <=400 V. So the Hoogspanning layers are exactly the 50 kV sub-transmission tier that the OSM dataset's floor is set to capture. Item snippet notes the HS content is 'deels van Liander, deels van TenneT' - partly TenneT-owned assets shown for context, so deduplicate against the TenneT service.",ArcGIS FeatureServer (JSON query / ConvertFormat),arcgis_rest,https://services1.arcgis.com/v6W5HAVrpgSg3vts/arcgis/rest/services/Liander_Open_Data_Elektra/FeatureServer,,CC BY 4.0,"ArcGIS item licenseInfo: ""Open data: CC-BY (4.0)""; accessInformation: ""Alliander"". data.overheid.nl records the licence as ""CC-BY (4.0)"". Disclaimer on the companion web map: ""Aan deze data en/of informatie kunt u geen rechten ontlenen. Gebruik ervan is geheel voor eigen rekening en risico.""",yes,2025-01-07 (FeatureServer item modified); web map 2024-04-30; monthly automated refresh claimed,True,complements_osm,"The strongest sub-transmission find in the region: a DSO publishing 50 kV lines and substations under plain CC BY 4.0. Verified via https://www.arcgis.com/sharing/rest/content/items/11b7bcf1b78b4462b91db0dff234cf78?f=json (licence + service URL) and the web-map item data at .../items/0097c633fb7f421aad7053f55060fa9c/data?f=json which enumerated the layer endpoints. Layer ids to pull: 632 and 638 (HS cable), 641 (HS station), 530/644 (station terrain/building). Beware: the no-rights-derived disclaimer is a liability disclaimer, not a licence restriction - the licence field is unambiguous. Note PDOK retired Liander's 'Ligging Elektriciteitsnetwerken' service, so use this ArcGIS endpoint rather than the old geodata.nationaalgeoregister.nl WFS."
Netherlands,"Stedin Netbeheer B.V. (regional DSO - Zuid-Holland, Utrecht, Zeeland)",Open liggingsdata kabels en leidingen,"Per-asset shapefile archives. High-voltage set: hoogspanningsverbindingen.zip (HS connections/lines) and hoogspanningsstations.zip (HS substations). Also MS/LS stations and connections, and a Zeeland basisgegevens bundle.",50.0,Page states the classification explicitly: HS (hoogspanning) >= 50 kV; MS >400 V and <50 kV; LS <=400 V. Coordinates in Amersfoort / RD New (EPSG:28992).,ESRI Shapefile in ZIP; also an ArcGIS-based interactive map,direct_file,https://www.stedin.net/-/media/project/online/files/zakelijk/branches/liggingsdata/hoogspanningsverbindingen.zip?rev=74e27d1e113a4a44a450940e160f26b3,,No licence stated; disclaimer only,"""Aan deze gegevens kunnen geen rechten worden ontleend"" and ""Getoonde gegevens vervangen in GEEN geval de verplichting voor een KLIC-melding"". No open licence is named anywhere on the page.",unclear,,True,complements_osm,"Direct static ZIPs, verified by re-fetching the page for literal hrefs. Companion substation file: https://www.stedin.net/-/media/project/online/files/zakelijk/branches/liggingsdata/hoogspanningsstations.zip?rev=e6f391619c7d43cd82dcdb21e5e99157 . Licence is the problem - Stedin publishes this as 'open data' but names no licence, so it is 'unclear' and must not be mixed into an ODbL product without written confirmation. Since Liander (CC BY 4.0) and Enexis publish equivalent HS layers under the same Netbeheer Nederland schema, the three DSO sets plus TenneT would give complete Dutch 50 kV+ coverage if the licences can be resolved."
Netherlands,"Enexis Netbeheer (regional DSO - Noord-Brabant, Limburg, Overijssel, Drenthe, Groningen)",Dataset liggingsgegevens elektriciteitsnetten / Assetdata,Described as 'liggingsgegevens van alle elektriciteitstransportkabels én de belangrijkste stations' - all electricity transport cables plus the principal stations. Separate Assetdata product gives geographical information on the physical components of the electricity and gas networks.,50.0,"Not stated on the open-data page; Enexis uses the same Netbeheer Nederland HS/MS/LS classification (HS >= 50 kV) as Liander and Stedin, and a datapaspoort PDF exists at https://www.enexis.nl/-/media/enexis-nl/pdf-documents/open-data/datapaspoort_liggingsgegevens_elektriciteitsnet_enexis.pdf. Treat 50 kV as the expected floor, unverified.",unknown - not stated; requests are handled through a form,api_key_or_registration,,,unknown - not stated on the open-data page,,unclear,,False,metadata_only,"I fetched https://www.enexis.nl/over-ons/waar-staan-wij-voor/open-data and confirmed the network-location dataset is listed, but access runs through a Spotler request form - no direct file URL, no format, no licence on the page. Worth a request email because Enexis owns 110 kV sub-transmission in the south and east, which is inside the OSM dataset's voltage band. Note the sector-level claim 'Elektriciteitsnet regionale netbeheerders als uniforme open data beschikbaar' (https://www.enexisgroep.nl/nieuws/elektriciteitsnet-regionale-netbeheerders-als-uniforme-open-data-beschikbaar/) - the three DSOs agreed a common schema, so one licence conversation may unlock all three."
Netherlands,Rijksinstituut voor Volksgezondheid en Milieu (RIVM),Bovengrondse hoogspanningslijnen met rekenafstanden (Netkaart),Overhead high-voltage lines across the Netherlands with the calculation distance for the magnetic-field zone. Explicitly excludes underground cables and substations.,,unknown - the metadata record does not state voltage levels. RIVM's Netkaart is built for magnetic-field policy and covers overhead HV lines generally; the voltage tiers included need checking against the source publication (RIVM report 2018-0094).,unknown - no distribution format stated in the metadata record,viewer_only_no_download,,,No restrictions / Creative Commons Public Domain Mark 1.0,"Use and access constraints both recorded as ""geen beperkingen"" / ""Geen beperkingen"", with reference to Creative Commons Public Domain Mark 1.0.",yes,2023-11-01 (revision date),False,metadata_only,"Licence is ideal (public domain mark, no restrictions) but I could not verify a download. Fetched https://data.rivm.nl/meta/1XZpg5YpO/api/records/52f9b70a-f1f1-4345-ba64-acf851e87419 for the metadata; https://data.overheid.nl/dataset/54398-bovengrondse-hoogspanningslijnen-met-rekenafstanden returned 404. The viewer is at https://data.rivm.nl/apps/netkaart/ and the RIVM geodata catalogue root is https://data.rivm.nl/meta/srv/ - RIVM normally exposes WMS/WFS/ATOM alongside, so a second pass on their geoserver is likely to yield a downloadable layer. Would be a genuinely independent cross-check on overhead lines since it is not derived from TenneT's own GIS."
Netherlands,Kadaster (via PDOK) - Basisregistratie Topografie,"BRT TOP10NL (object type hoogspanningsleiding, class inrichtingselement)","National topographic base registration at 1:10,000. Contains a hoogspanningsleiding object type defined as 'Leiding waarop elektrische spanning van meer dan 500 volt staat' and a separate hoogspanningsmast type. Lines only; no substation object type identified.",0.5,"Inclusion criterion is >500 V, i.e. far below the 50 kV floor - so the layer will mix distribution and transmission and there is no voltage attribute in the catalogue entry to separate them. That makes it a geometry reference rather than a voltage-filterable source.",GeoPackage and GML (national 'landelijke' download); also WMS/WMTS and OGC API Features/Tiles,direct_file,https://service.pdok.nl/kadaster/brt-topnl/atom/index.xml,,"unknown - not stated on the pages I fetched (Kadaster BRT is generally CC BY 4.0, but I did not verify it this session)",,unclear,,True,complements_osm,"ATOM feed URL copied verbatim from https://www.pdok.nl/atom-downloadservices/-/article/basisregistratie-topografie-brt-topnl, which states the national download offers GeoPackage and GML including current and historic. Object definition verified at https://catalogus.kadaster.nl/brt/nl/page/Hoogspanningsleiding. Do NOT record the licence as CC BY 4.0 until it is read off a Kadaster page - the PDOK introduction page states no licence. Lower priority than the TenneT/Liander/Stedin route because of the >500 V inclusion threshold and the absence of a voltage attribute."
Switzerland,Bundesamt für Energie (BFE) with the network operators (Werksbetreiber); ESTI-related federal inventory,Elektrische Anlagen mit einer Nennspannung von über 36 kV,"Geographic overview of Swiss high and extra-high voltage infrastructure: transmission LINES, substations AND transformer stations in one dataset. National scope. Explicitly incomplete - 'not all operators have submitted data'.",36.0,"Threshold is nominal voltage above 36 kV, which sits below the OSM dataset's 50 kV floor - so this dataset should be a superset at the low end and is the right instrument for checking 50-132 kV completeness in Switzerland. INTERLIS model at http://models.geo.admin.ch/BFE/ElektrischeAnlagenNennspannungUeber36kV_V1.ili defines the attribute schema.","GeoPackage, ESRI Shapefile, CSV, INTERLIS; plus WFS, WMS and OGC API Features",direct_file,https://geodienste.ch/downloads/elektrische_anlagen_ueber_36kv?data_format=gpkg,,"Opendata BY (Swiss federal open-data terms: free use, attribution mandatory)","""Opendata BY: Freie Nutzung. Quellenangabe ist Pflicht"" (geocat.ch record); geodienste.ch phrases it as ""Free use. Source attribution is mandatory.""",yes,2026-01-13 (revision date on the geocat.ch record); BFE product page last modified 2021-08-26,True,complements_osm,"The GPKG URL and the licence string were both copied from the geocat.ch metadata record at https://www.geocat.ch/geonetwork/srv/api/records/d4aba7f1-426a-4427-9b62-97c6513a51d8?language=ger . Note opendata.swiss returned 403 to WebFetch (both the dataset slug and the perma link), so route Swiss verification through geocat.ch instead. INTERLIS bulk: https://geodienste.ch/downloads/interlis/elektrische_anlagen_ueber_36kv/Broker/elektrische_anlagen_ueber_36kv_v1_0_Broker_lv95.zip ; WFS: https://geodienste.ch/db/elektrische_anlagen_ueber_36kv_v1_0_0/deu . Marked complements rather than supersedes solely because of the stated incompleteness - if a coverage check against OSM shows it is materially complete, upgrade it: it is the only source in this region that bundles authoritative lines and substations with a sub-50 kV threshold and an attribution-only licence."
Switzerland,"Bundesamt für Energie (BFE), Dienst Geoinformation",Sachplan Übertragungsleitungen (SÜL) - Electricity Transmission Lines sectoral plan,"Planned corridors for construction and expansion of 220/380 kV transmission lines requiring sectoral-plan designation. Planning geometry (corridors), not the operating network.",220.0,Projects at the 220/380 kV level only.,OGC GeoPackage and INTERLIS 2 (XTF),direct_file,https://data.geo.admin.ch/ch.bfe.sachplan-uebertragungsleitungen_kraft/sachplan-uebertragungsleitungen_kraft/sachplan-uebertragungsleitungen_kraft_2056.gpkg,,"Opendata BY (free use, attribution mandatory)","""Opendata BY: Open use. Must provide the source.""",yes,2023-02-22 (revision date),True,complements_osm,"Verified at https://www.geocat.ch/geonetwork/srv/api/records/e1134feb-55d7-4b44-8e13-125e983b259b?language=eng which lists the direct data.geo.admin.ch GPKG and XTF URLs. Not an operating-network source, so it will not fix OSM geometry - but it is the Swiss reinforcement pipeline as spatial data, which is directly usable for corridor screening and compelling-event work rather than for the dataset fusion. INTERLIS variant: https://data.geo.admin.ch/ch.bfe.sachplan-uebertragungsleitungen_kraft/sachplan-uebertragungsleitungen_kraft/sachplan-uebertragungsleitungen_kraft_2056.xtf.zip . A consultations dataset (sachplan-ubertragungsleitungen-sul-anhorungen) exists alongside it."
Austria,Austrian Power Grid AG (APG),Austrian Power Grid AG Hochspannungsnetz - Kabel (and companion record 'Leitungen'),"High-voltage lines and cables of the APG transmission network, national extent (9.53E-17.17E, 46.41N-49.02N). The ATOM service feed lists three sibling datasets: Kabel, Umspannwerke and Leitungen - so overhead lines, cables and substations are all published as records.",110.0,"Abstract states 110 kV, 220 kV and 380 kV.",ESRI Shapefile and GML (version 1.0),api_key_or_registration,,,INSPIRE-restricted: no open licence. Access 'public access limited according to Article 13(1)(b) of the INSPIRE Directive'; use 'auf Anfrage bei der zuständigen Geodatenstelle' (on request from the responsible geodata office),"Access constraint: ""public access limited according to Article 13(1)(b) of the INSPIRE Directive"". Use constraint: ""auf Anfrage bei der zuständigen Geodatenstelle"".",unclear,2022-09-22 (revision date),False,metadata_only,"Austria's transmission geometry EXISTS as shapefile/GML but is gated. The distribution URL shown on the record is https://inspire.lfrz.gv.at/011501/ds/INSPIRE_APG_Kabel_210922.zip?key=[token] - the token is literally elided in the metadata, so there is no fetchable URL and fetch_verified is false. Verified the record itself at https://geoportal.inspire.gv.at/metadatensuche/c6dnRBxn/api/records/b2632835-53c9-493c-be59-fa7a74c28ce4 ; the ATOM service at https://geometadatensuche.inspire.gv.at/metadatensuche/srv/atom/describe/service?uuid=901e4074-9b2d-4382-a6ae-40a93165d110 lists all three APG datasets but carries no direct file links. Named APG geodata contact on the record: rafael.kucfal@apg.at. Article 13(1)(b) is the public-security exemption, so expect a conditional grant at best - ask specifically whether onward publication under ODbL is permitted, because a restricted grant is worse than nothing for this dataset. WMS (viewable now): https://inspire.lfrz.gv.at/011501/wms?version=1.3.0&request=GetCapabilities"
Austria,Austrian Power Grid AG (APG),Austrian Power Grid AG Hochspannungsnetz - Umspannwerke (substations),"APG substations, national extent.",110.0,"Substations operating at 110 kV, 220 kV or 380 kV.",ESRI Shapefile and GML (version 1.0),api_key_or_registration,,,INSPIRE-restricted: access limited under Article 13(1)(b); use on request from the competent geodata office,"""auf Anfrage bei der zuständigen Geodatenstelle""; access ""public access limited according to Article 13(1)(b) of the INSPIRE Directive"".",unclear,2022-09-22 (revision date),False,metadata_only,"Separate record from the lines/cables entry, same gate and same contact. Distribution URL on the record is https://inspire.lfrz.gv.at/011501/ds/INSPIRE_APG_Werke_130922.zip?key=[token] - key elided, so nothing to fetch. Verified the metadata at https://geoportal.inspire.gv.at/metadatensuche/c6dnRBxn/api/records/b637e8ea-2140-43af-b9f6-62fc4978075b . Handle in the same request as the lines datasets."
Austria,"Netz Niederösterreich GmbH (DSO, Lower Austria)",Downloaddienst Netz Niederösterreich (INSPIRE download service for grid assets),"Download service for high-voltage lines, high-pressure gas pipelines and transformer stations within the Netz Niederösterreich supply area. Lines and substations together.",,"unknown - the record says 'Hochspannungsleitungen' without stating levels. Netz NÖ operates 110 kV and 30 kV sub-transmission, both relevant to a 50 kV floor at the upper tier.",unknown - service record only,api_key_or_registration,,,INSPIRE-restricted: access limited under Article 13(1)(b); use on request from the competent geodata office,"Access: ""public access limited according to Article 13(1)(b) of the INSPIRE Directive"". Use: ""auf Anfrage bei der zuständigen Geodatenstelle"".",unclear,2025-11-13 (revision date),False,metadata_only,"Verified the record at https://geoportal.inspire.gv.at/metadatensuche/inspire/api/records/ab5bc2de-ec2d-400c-abd7-d326d6a97b0c . Correction to an earlier third-party claim: the Awesome-Electrical-Grid-Mapping list describes this as cc-by-4.0, but the authoritative INSPIRE record states Article 13(1)(b) restricted access and on-request use. Do not treat it as open. Service ATOM: https://geometadatensuche.inspire.gv.at/metadatensuche/srv/atom/describe/service?uuid=ab5bc2de-ec2d-400c-abd7-d326d6a97b0c . This is the only Austrian DSO INSPIRE grid service I found; other Bundesland portals turned up nothing."
United Kingdom (Great Britain),NESO (National Energy System Operator),ETYS GB Transmission System Boundaries (ETYS 2024 boundary GIS data),"Name and geographical path data for the ETYS study boundaries used in GB transmission constraint analysis. Boundary geometry only - no circuits, no substations.",,"n/a - boundary geometry, not network assets",ESRI Shapefile in ZIP,direct_file,https://api.neso.energy/dataset/997f4820-1ad4-499b-b1fe-4b8d3d7fbc72/resource/e914fcec-1dc9-4f1f-97e7-59c0d9521bea/download/etys-boundary-gis-data-mar25.zip,,NESO Open Licence (based on Open Government Licence v3.0 with NESO amendments),"copy, publish, distribute and transmit the Information; adapt the Information; exploit the Information commercially and non-commercially ... [attribution:] ""Supported by National Energy SO Open Data""",yes,2025-05-30,True,complements_osm,"Fetched the dataset landing page and read the download row directly. This is the ONLY geometry NESO publishes - it holds no circuit or line geometry at all. Same portal, same licence, also offers GIS Boundaries for GB Grid Supply Points (GSP regions) and GB DNO Licence Areas, both ESRI shapefile, useful for zonal aggregation of the OSM network. Licence page states it 'maintains compatibility with Creative Commons Attribution 4.0 and the Open Data Commons Attribution License'."
United Kingdom (Great Britain),NESO (National Energy System Operator),Electricity Ten Year Statement (ETYS) 2025 Appendix B - System technical data,"Circuit-by-circuit technical data for NGET, SPT and SSET: connectivity (substation-to-substation), impedance and ratings for transmission network modelling. No geometry.",132.0,"GB transmission system - 400 kV, 275 kV and 132 kV (Scotland)",PDF,direct_file,https://www.neso.energy/document/383936/download,,"Not stated on the appendices page (NESO Open Licence governs data-portal datasets, not publications)",,unclear,2025 (ETYS 2025 edition),True,metadata_only,"Fetched the ETYS documents-and-appendices page and read the appendix list with my own eyes. Appendix B is the cheapest authoritative cross-check on OSM topology (which substations are actually connected by which circuits) and the best source for PyPSA line impedances/ratings, but it is a PDF with no geometry - hence metadata_only. Scheme prefix added to the page's relative link; verify before scripting. The same tables are republished as machine-readable ODS datasets on each TO's own portal (e.g. 'ETYS 24 (2024/25) - SSEN Transmission - Circuits'), which is the route to take for automation."
United Kingdom (Great Britain),National Grid Electricity Transmission (NGET),Transmission network route maps - shapefiles,"Zip of ESRI shapefiles for the national electricity transmission network: Substation Site, Overhead Line, Cables, Towers. Stated to be 'approximate location ... for indicative purposes only'.",275.0,NGET transmission network in England and Wales (400 kV and 275 kV); voltage attribution of individual features not confirmed from the landing page,ZIP of ESRI Shapefiles,direct_file,https://www.nationalgrid.com/electricity-transmission/document/81201/download,,Bespoke National Grid route-map terms of use (non-commercial),"These datasets are for indicative purposes only. They can only be used for emergency and land use planning and cannot be used for commercial purposes. They are owned by National Grid and you are required to acknowledge us in your product or application using ""© National Grid UK"".",no,2026-03-10,True,unusable,"I fetched the route-maps page and saw the 'Zip File containing all Shape Files' download offer and the verbatim terms. Geometry is authoritative and would materially improve the 400/275 kV layer - but the explicit bar on commercial use makes it non-mixable with an ODbL product and unusable for this work. Do not ingest. The download_url was copied from Icebreaker One's Open Net Zero resource listing (fetched this session), not from the nationalgrid.com HTML, and Open Net Zero dates its copy '3 years ago' while the page says last modified 2026-03-10 - treat the document ID as possibly stale. OSM wiki characterises this licence as 'Custom, very restrictive license'. Tower shapefile in the same zip, out of scope."
United Kingdom (Great Britain),SSEN Transmission / Scottish Hydro Electric Transmission plc (SHET),SSEN Transmission Overhead Line Supergrid,"Supergrid overhead line geometry (line features) for the north of Scotland transmission network, with QML/LYRX style sheets.",275.0,"275 kV and 400 kV, AC overhead","GeoJSON, ESRI Shapefile (ZIP), FlatGeobuf, Parquet, KML, CSV, JSON, XLSX",api_key_or_registration,https://ssentransmission.opendatasoft.com/api/explore/v2.1/catalog/datasets/ssen-transmission-overhead-line-supergrid/exports/geojson,,CC BY 4.0,CC BY 4.0 (https://creativecommons.org/licenses/by/4.0/),yes,2026-03-05,True,supersedes_osm,"Single biggest quality win in this region: authoritative 400/275 kV geometry for north Scotland under an attribution-only licence. Verified by fetching the Open Net Zero record for this dataset (which renders the ODS export endpoints) plus the SSEN Transmission portal page for the sibling 132 kV dataset, where 'CC BY 4.0' with the creativecommons.org link is displayed. The SSEN portal UI says 'To view or download this data, please register or login', so I have marked access as registration; ODS export endpoints often serve anonymously but ssentransmission.opendatasoft.com/api/ is robots-disallowed to WebFetch so I could not confirm that. Test anonymously before building a pipeline round it."
United Kingdom (Great Britain),SSEN Transmission / Scottish Hydro Electric Transmission plc (SHET),SSEN Transmission Overhead Line Grid,Grid (132 kV) overhead line geometry for the north of Scotland transmission network. Line features.,132.0,"132 kV, AC overhead","GeoJSON, ESRI Shapefile (ZIP), FlatGeobuf, Parquet, KML, GPX, CSV, JSON, XLSX",api_key_or_registration,https://ssentransmission.opendatasoft.com/api/explore/v2.1/catalog/datasets/overhead-line-grid/exports/geojson,,CC BY 4.0,CC BY 4.0 (https://creativecommons.org/licenses/by/4.0/),yes,2026-03-05,True,supersedes_osm,"I fetched the SSEN Transmission portal page for this dataset and saw the CC BY 4.0 licence, the publisher string ('Scottish Hydro Electric Transmission plc, company SC213461'), the modified timestamp and the export format list; export URLs copied from the fetched Open Net Zero record. Data coverage period given as 2023-10-26 to 2025-10-27. 132 kV in the SHET area is transmission (not distribution), so this sits cleanly above the 50 kV floor."
United Kingdom (Great Britain),SSEN Transmission / Scottish Hydro Electric Transmission plc (SHET),SSEN Transmission Substation Site Supergrid,Supergrid substation sites for the north of Scotland transmission network (site geometry).,220.0,"220 kV, 275 kV, 320 kV, 400 kV (320 kV indicates HVDC converter sites, e.g. Eastern Green Link)","GeoJSON, ESRI Shapefile (ZIP), Parquet, KML, GPX, CSV, JSON, XLSX, RDF/Turtle",api_key_or_registration,https://ssentransmission.opendatasoft.com/api/explore/v2.1/catalog/datasets/ssen-transmission-substation-site-supergrid/exports/geojson,,CC BY 4.0 (per portal; licence field not rendered on the Open Net Zero record for this dataset),,yes,2026-01-30,True,complements_osm,"Fetched the Open Net Zero record and saw the full export URL table. Authoritative substation site geometry - use to validate and name OSM substation polygons in the SHET area, and to anchor the 320 kV HVDC converter stations. Licence inferred from the same portal's CC BY 4.0 statement on the overhead-line datasets; the per-dataset licence field was blank on the mirror, so confirm on the portal page before publishing."
United Kingdom (Great Britain),SSEN Transmission / Scottish Hydro Electric Transmission plc (SHET),SSEN Transmission Substation Site Grid,Grid (132 kV) substation sites for the north of Scotland transmission network (site geometry).,132.0,132 kV,"GeoJSON, ESRI Shapefile (ZIP), Parquet, KML, CSV, JSON, XLSX",api_key_or_registration,https://ssentransmission.opendatasoft.com/api/explore/v2.1/catalog/datasets/ssen-transmission-substation-site-grid/exports/geojson,,CC BY 4.0 (per portal; licence field not rendered on the Open Net Zero record for this dataset),,yes,2026-08 (Open Net Zero showed 'updated 7 days ago'; issued 2026-01-30),True,complements_osm,Fetched the Open Net Zero record and saw the full export URL table (csv/json/geojson/kml/shp/parquet/xlsx). Pairs with the Overhead Line Grid dataset to give a complete authoritative 132 kV node-and-edge set for north Scotland.
United Kingdom (Great Britain),SP Energy Networks (SP Transmission plc + SP Distribution plc + SP Manweb plc),SPD & SPT GIS Shapefiles - Line Assets,"GIS geo points and shapes for line assets by asset type and voltage level across both the SP Distribution and SP Transmission licence areas, with asset status, SP ENID identifiers, operating voltage and local authority attribution.",,"Landing page says 'each asset type and voltage level' for SPD and SPT but does not enumerate voltages; SPT is 400/275/132 kV, SPD/SPM 132/33 kV and below",ESRI Shapefile (per dataset title),api_key_or_registration,,,SP Energy Networks Shared Data Licence Terms and Conditions,This section of the Portal is subject to our Shared Data Licence Terms and Conditions.,unclear,,True,complements_osm,"I fetched the asset landing page and saw the download gate and the licence reference. This is the ONLY route to authoritative SPT 400/275 kV and SPD/SPM 132 kV geometry - there is no separate SPT route-map publication (searched). Blocker: the Shared Data Licence text does not render to WebFetch (the portal's /p/ licence pages return navigation shell only) and neither spenergynetworks.co.uk/pages/asset_data.aspx nor the energy_data_hub page states terms. 'Shared' rather than 'Open' tier implies conditions; treat as unusable until the licence PDF is read by a human. SPEN also publishes an Open Data Licence separately - if any line assets sit under that tier, ask them to say which."
United Kingdom (Great Britain),"National Grid Electricity Distribution (NGED, formerly Western Power Distribution)",132kV Overhead Lines - full NGED area (4 DNOs) in ESRI Shapefile format,"132 kV overhead line geometry across all four NGED licence areas (East Midlands, West Midlands, South West, South Wales).",132.0,132 kV,"ESRI Shapefile (SHP), AutoCAD DWG, Bentley MicroStation v8i DGN, small-scale PDF mapping",api_key_or_registration,,,NGED Shared Data Licence,,unclear,2021-03-17 (dataset page metadata),True,complements_osm,"Fetched the Connected Data Portal dataset page: the only resource served from that page is the Data Sharing Assessment PDF (https://connecteddata.nationalgrid.co.uk/dataset/79a221b3-8167-46e8-9536-5fd53157261b/resource/90ee2c3c-de51-441e-99c6-1fb0d2cabf75/download/dsa063-132kv-overhead-lines.pdf); the actual GIS files come from dataportal2 (registration required, per the fetched 'Network plans and information' page). Companion datasets in the same series, same licence and access: 132kV Underground Cables, 33kV Overhead Lines, 33kV Underground Cables. Licence blocker: this is the Shared, not Open, tier. The separate NGED Open Data Licence IS attribution-only and permits commercial exploitation ('copy, publish, distribute and transmit ... adapt ... exploit the Information commercially and non-commercially', attribution 'Supported by NGED Open Data'), but it only covers datasets marked Open, and the OSM wiki records that NGED asset data 'was available as an OGLv3 clone, however has now reverted to a non-open license' after July 2024."
United Kingdom (Great Britain),National Grid Electricity Distribution (NGED),132kV Substations - full NGED area (4 DNOs) in ESRI Shapefile format,132 kV substation locations/extents across all four NGED licence areas.,132.0,132 kV,"ESRI Shapefile (SHP), AutoCAD DWG, Bentley MicroStation v8i DGN, small-scale PDF mapping",api_key_or_registration,,,NGED Shared Data Licence,,unclear,,True,complements_osm,Fetched the dataset page and saw the four formats listed and the licence name; page states update frequency 'Not Applicable' and gives no last-updated date. Files served from dataportal2.nationalgrid.co.uk after registration. Same licence blocker as the 132kV Overhead Lines entry. A 33kV Substations dataset exists in the same series (below the 50 kV floor).
United Kingdom (Great Britain),Northern Powergrid (Northeast plc / Yorkshire plc),NPG EHV Feeders,"Line geometry for the extra-high-voltage overhead network across the North East and Yorkshire licence areas. Geometry stated to be simplified to reduce file size, with +/-1 m positional accuracy.",33.0,"33 kV, 66 kV and 132 kV (only GB DNO publishing 66 kV geometry)",GeoJSON (application/geo+json) and GeoPackage (application/geopackage+sqlite3),direct_file,,,Northern Powergrid Open Data Licence v1.0,"You are encouraged to use and re-use the Information that is available under this Licence freely and flexibly, with only a few conditions.",yes,2026-07-02,True,supersedes_osm,"Best open-access source in GB distribution: I fetched the dataset page and it states in terms 'This dataset does NOT require a login to view', names the licence, and lists GeoJSON + GeoPackage exports. download_url is null because northernpowergrid.opendatasoft.com/api/ AND /explore/dataset/.../download/ are both robots-disallowed to WebFetch, so no URL could be copied from a page per rule 2 - a human or a plain HTTP client will get it straight off the Export tab. No data.gov.uk mirror exists (searched). Licence verbatim above is from the licence page's meta description and is the opening line of the Open Government Licence, consistent with the OSM wiki's description of it as an 'OGLv3 clone'; the full text did not render. Caveat: publisher warns 'These plans are only indicative and should not be used to inform digging works.'"
United Kingdom (Great Britain),Northern Powergrid (Northeast plc / Yorkshire plc),Substation Sites List,"Inventory of all Northern Powergrid substations with transformer ratings, customer numbers, location data and site metadata.",,"LV, HV and EHV site classifications combined in one dataset",GeoJSON (coordinates present),direct_file,,,Northern Powergrid Open Data Licence v1.0,,yes,2026-07-23,True,complements_osm,"Fetched the dataset page: licence named, GeoJSON with coordinates, and explicitly no login required. Filter to EHV sites for the >=50 kV fusion. Sites serving fewer than 5 customers are redacted for privacy - affects LV only. download_url null for the same robots reason as the EHV Feeders entry."
United Kingdom (Great Britain),"UK Power Networks (EPN, LPN, SPN)",UK Power Networks Licence Area 132kV Overhead Lines,"132 kV overhead line geometry across all three UKPN licence areas, extracted from UKPN's NetMap geospatial system.",132.0,132 kV,"ESRI Shapefile (ZIP), GeoJSON, CSV, JSON",api_key_or_registration,https://ukpowernetworks.opendatasoft.com/api/v2/catalog/datasets/ukpn-132kv-overhead-lines/exports/geojson,,"Portal terms name three licences - CC BY 4.0, Open Government Licence v3, Shared Dataset Agreement - and the per-dataset licence field did not render","[from the portal terms] Creative Commons Attribution 4.0 ... UK Power Networks, [dataset name], [dataset URL], [date of last update] ... The use of the UK Power Networks logo is strictly prohibited.",unclear,2026-08-19 (Open Net Zero showed 'updated 10 hours ago'),True,complements_osm,"I fetched the UKPN dataset page and its /information/ tab and saw 'Login and registration are required' / 'PLEASE LOGIN TO VIEW DATASETS', plus the shapefile description; export URLs copied from the fetched Open Net Zero record. Marked unclear rather than yes because UKPN operates three licence tiers and the login gate on asset geometry means it may sit under the Shared Dataset Agreement rather than CC BY - the dataset page does not say which, and the ODS catalog API is robots-blocked so I could not read the licence field. The OSM wiki source table records UKPN as CC-BY 4.0 and adds that UKPN 'refuse to provide' an ODbL waiver 'despite significant attempts'. Companion dataset in the same portal: 'UK Power Networks Licence Area 132kV Underground Cables' (fetched - login-gated, partial coverage, 'not all locations are fully vectorised yet')."
United Kingdom (Great Britain),"UK Power Networks (EPN, LPN, SPN)",UK Power Networks Licence Area 33kV Overhead Lines,"Position of UKPN's 33 kV overhead lines for all licence areas, from NetMap.",33.0,33 kV - below the 50 kV floor of the OSM-derived dataset,"ESRI Shapefile (ZIP), GeoJSON, CSV, JSON",api_key_or_registration,https://ukpowernetworks.opendatasoft.com/api/v2/catalog/datasets/ukpn-33kv-overhead-lines/exports/geojson,,As per UKPN portal terms (CC BY 4.0 / OGL v3 / Shared Dataset Agreement); per-dataset licence field not rendered,,unclear,2026-08-19 (Open Net Zero showed 'updated 13 hours ago'),True,complements_osm,Export URLs read off the fetched Open Net Zero record. Recorded for completeness only: at 33 kV this sits under the 50 kV floor and is not a fusion candidate unless the floor is lowered. Same licence ambiguity as the 132 kV entry.
United Kingdom (Great Britain),"UK Power Networks (EPN, LPN, SPN)",UK Power Networks Grid and Primary Sites,"Grid Sites and Primary Sites with spatial coordinates, commissioning years, asset counts, power transformer quantities, local authority, seasonal demand and transformer ratings. Derived from UKPN geospatial/asset domains plus Ordnance Survey and ONS.",,Grid sites (132/33 kV) and primary sites (33/11 kV); the dataset description does not state a voltage field,"ESRI Shapefile (ZIP), GeoJSON, CSV, JSON",api_key_or_registration,https://ukpowernetworks.opendatasoft.com/api/v2/catalog/datasets/grid-and-primary-sites/exports/geojson,,As per UKPN portal terms (CC BY 4.0 / OGL v3 / Shared Dataset Agreement); per-dataset licence field not rendered,,unclear,2026-08-19 (Open Net Zero showed 'updated 9 hours ago'),True,complements_osm,"Export URLs read off the fetched Open Net Zero record; coordinates confirmed present. Warning for fusion: this dataset is partly derived from Ordnance Survey and ONS inputs, so OS licensing may reach through it independently of UKPN's own terms. Check before mixing."
United Kingdom (Great Britain),SP Electricity North West (Electricity North West Limited),SP ENW - GIS - 132kV Overhead Conductors,Sections of ENWL's 132 kV overhead conductors as GIS line features for the North West licence area.,132.0,132 kV overhead only - publisher states '132kV network underground assets are currently not available for sharing',GIS (ODS dataset; export formats not enumerated without login),api_key_or_registration,,,CC BY 4.0,CC BY 4.0,yes,2026-03-19,True,complements_osm,"Fetched the dataset page and read the CC BY 4.0 licence, the modified timestamp, the underground-assets exclusion, and 'Actual dataset content is available to registered users only.' Register to get the export URL - none could be copied from a page. Note the portal is now branded 'SP Electricity North West' but is a SEPARATE OpenDataSoft portal from spenergynetworks.opendatasoft.com, so both must be harvested. Sibling datasets exist at 33 kV, 11 kV, 6.6 kV and LV (all below the floor). OSM wiki: waiver requested November 2023, no response received."
United Kingdom (Great Britain),SP Electricity North West (Electricity North West Limited),SP ENW - GIS - Substations,"Point locations of substations on the ENWL network, each with a unique 6-digit code, infeed/outfeed voltages, situation detail and upstream hierarchy. Classified as Distribution, Primary, BSP, GSP and Network sites.",,Infeed/outfeed voltage attributes present per site; GSP and BSP classes cover the 132 kV and above tiers,GIS point data (ODS dataset),api_key_or_registration,,,CC BY 4.0,CC BY 4.0,yes,2026-08-07,True,complements_osm,"Fetched the dataset page: CC BY 4.0, point geometry, voltage attributes, 'Actual dataset content is available to registered users only.' The infeed/outfeed voltage fields plus upstream hierarchy make this unusually good for reconstructing DNO substation topology, better than most GB DNO substation publications."
United Kingdom (Great Britain),SSEN Distribution (SEPD and SHEPD) - mapping.services@sse.com,"SSEN Full Network GIS shapefiles (network maps, shapefile service)","'Full Network' shapefiles: overhead and underground line routes for all voltages plus text labels, ancillary cables, joints, poles, towers and substations, for the SEPD and SHEPD distribution licence areas. Quarterly refresh.",,"All distribution voltages (SEPD/SHEPD run 132 kV, 33 kV, 11 kV, LV); no voltage-selective product offered",ESRI Shapefile,api_key_or_registration,,,Bespoke SSEN Data Licence Agreement (signed with SSEN's Asset Data Manager),the asset data provided is only current as of the date extracted and must NOT be used for safe dig purposes,unclear,,True,complements_osm,"Fetched SSEN's own GIS shapefile guide PDF and read the process: email mapping.services@sse.com stating intended use, sign a Data Licence Agreement, receive files via SSE File Transfer. Free of charge, no download link, no published licence text - so redistribution rights are unknown and it cannot be fused until the agreement is read. This is the widest-coverage GB DNO offer (all voltages, both licence areas including the Scottish Highlands and southern England) and worth the ask, but treat the licence as a hard gate. Distinct from SSEN Transmission's CC BY 4.0 portal."
United Kingdom (Great Britain),SSEN Distribution (SEPD and SHEPD),SSEN Substation Data,"Details of SSEN substations - type, identification and location coordinates - for both the SEPD and SHEPD licence areas. Three resources.",,Substation 'type' recorded; the asset description does not state a voltage field,Not stated on the asset page (data.ssen.co.uk data asset with 3 resources),api_key_or_registration,,,Creative Commons Attribution 4.0,Creative Commons Attribution 4.0,yes,2026-08-17 (asset page showed 'updated 2 days ago'),True,complements_osm,"Fetched the data.ssen.co.uk asset page and read the description, the CC BY 4.0 licence and the resource count; the resource-level download links did not render and the portal offers Login/Sign Up, so access marked as registration. SSEN Distribution publishes substation points on this portal but NO line geometry - line geometry is only available through the request-based Full Network shapefile route (previous entry)."
United Kingdom (Northern Ireland),Northern Ireland Electricity Networks Limited (NIE Networks),NIE Networks - Assets - Sites - Grid Bulk and Primary Sites,"Grid Supply Points, Bulk Supply Points and Primary Substations in Northern Ireland.",,"GSP/BSP/Primary site classes (NIE transmission is 275/110 kV, distribution 33/11 kV); the page does not state a voltage field",ODS dataset with map builder and API (geospatial); export formats not enumerated on the page,direct_file,,,CC BY 4.0,CC BY 4.0,yes,2026-08-19,True,complements_osm,"Fetched the NIE Networks Open Data Hub dataset page and read the CC BY 4.0 licence, the publisher and the modified timestamp (today). No login requirement stated. NIE publishes asset REGISTERS (sites, transformers, transmission circuit breakers) - I found no circuit or line geometry anywhere on the hub, and a companion 'Primary Substations' dataset covers the same ground. SONI, the NI transmission system operator, publishes no network geometry. So NI has authoritative nodes but no authoritative edges. Icebreaker One's Open Net Zero currently indexes zero NIE datasets, so the hub itself is the only route."
Ireland,EirGrid plc,All-Island Transmission System Map 2025,"Static geographic map of the all-island transmission system: lines, stations and generation, drawn at 400/275/220/110 kV.",110.0,"400 kV, 275 kV, 220 kV and 110 kV (per the map series title '400, 275, 220 & 110 kV Transmission System')",PDF,direct_file,https://cms.eirgrid.ie/sites/default/files/publications/EirGrid-Transmission-System-Map-February-2025.pdf,,None stated on the publication page,,unclear,2025-02,True,metadata_only,"Fetched the publication page and saw the single PDF download offer - no GIS, no viewer with export, no API. Also fetched EirGrid/SONI's Smart Grid Dashboard transmission map page: a static map image with a PDF download, no GeoJSON/shapefile/API. Searched data.gov.ie (no electricity network datasets returned), GeoHive and SEAI: no authoritative Irish line or substation geometry is published for download by either EirGrid or ESB Networks. Useful only as a human cross-check on OSM circuit existence and voltage class."
Ireland,ESB Networks,Network capacity heatmap (customer heatmap download),"Tabular capacity/heatmap data for network planning, plus two hosted interactive heatmap viewers (demand view and generation capacity). No network geometry.",,Capacity by station; no line voltages or geometry published,XLSX (plus Maptive web viewers),direct_file,https://media.esbnetworks.ie/media/docs/default-source/publications/customer-heatmap-download-july-2026.xlsx,6.61 MB,Website terms and conditions only; no data licence named,"we do not warrant, and do not accept any responsibility or liability for, the accuracy or completeness of the content",unclear,2026-07,True,metadata_only,"Fetched the ESB Networks capacity heatmap page and saw the XLSX download offer (name, size) and the two Maptive viewer links. ESB Networks publishes NO GIS shapefiles, no 110/38 kV line vectors and no substation coordinate dataset. Station names in the heatmap can be geocoded against OSM substations as a weak validation set, nothing more."
Ireland,Unidentified ArcGIS Online organisation (service naming suggests a consultant project dataset; NOT an ESB Networks publication),"ESB High Voltage Lines (FeatureServer layer 19, service IRL_28493900_SLNCR_ESB_HighVoltageLines)","Polyline layer of the ESB high-voltage network in Irish Grid (EPSG:2157) with fields including Voltage, Object_Group and MicroStation level/colour/style attributes - i.e. a conversion of an ESB MicroStation DGN extract.",,A 'Voltage' attribute exists per feature; values not inspected,"ArcGIS FeatureServer; Query and Sync enabled, export to shapefile, GeoPackage, CSV and GeoJSON offered",arcgis_rest,https://services-eu1.arcgis.com/2SKFae1eIZzQkE0d/arcgis/rest/services/IRL_28493900_SLNCR_ESB_HighVoltageLines/FeatureServer/19,,None - copyrightText field is empty,,unclear,,True,unusable,"Fetched the layer JSON and confirmed with my own eyes: esriGeometryPolyline, Query+Sync capabilities, export formats enabled, field list as above, copyrightText EMPTY, description 'IRL_28493900_INF_REF.SLNCR.UTI_ESB_HighVoltageNetwork_Ln'. Recorded as a LEAD ONLY, deliberately not treated as authoritative: the hosting org (2SKFae1eIZzQkE0d) is unidentified, the 'IRL_28493900' / 'SLNCR' naming is a project reference, and there is no evidence ESB published or licensed it. This is the only openly queryable Irish HV line geometry I found anywhere - which is itself the point: if you want Irish geometry you will have to license it from EirGrid/ESB, not scrape a consultant's service."
Spain,Instituto Geográfico Nacional / CNIG (Centro Nacional de Información Geográfica),"Base Topográfica Nacional (BTN) — thematic layer ""Energía"" (file BTN_T_ENERGIA_GPKG.ZIP)","Energy thematic layer of the national 3D multiscale topographic database (1:2,000–1:25,000). National coverage, downloadable per province / thematic layer / MTN50 sheet. Content of the Energía theme (line geometry vs point plants, and whether a voltage attribute exists) was NOT verified — the feature catalogue could not be obtained this session.",,unknown — the CNIG product page does not state voltage detail for the Energía layer and the BTN feature catalogue / especificaciones document was not retrievable (datos.ign.es blocked by TLS/robots failure),GeoPackage (also Shapefile and DWG for BTN generally),direct_file,https://centrodedescargas.cnig.es/CentroDescargas/detalleArchivo?sec=12165674,37.73 MB (BTN_T_ENERGIA_GPKG.ZIP),CNIG use licence under Orden FOM/2807/2015 — stated as compatible with CC-BY 4.0,"El uso de la información de los productos y servicios de datos geográficos… conlleva la aceptación por el usuario de las condiciones generales de dicha orden, concretada en una licencia de uso, compatible con CC-BY 4.0. Esta licencia obliga a reconocer y mencionar el origen y la propiedad.",yes,2026-06-26,True,complements_osm,"Best national-level Spanish candidate and the only one in this region with an unambiguously attribution-only licence. Verified by fetching https://centrodedescargas.cnig.es/CentroDescargas/btn (product page, formats, licence text, 'BTN Tema - Energia' listed) and then the file-detail page above, which showed the exact file name BTN_T_ENERGIA_GPKG.ZIP, 37.73 MB, 26/06/2026. Download is via the Centro de Descargas file-detail page (button/form, licence acceptance; no API key seen) — no static href was exposed, so scripted retrieval may need a session/POST. CAVEAT: I did NOT verify that the Energía layer contains transmission LINE geometry with voltage classification; at 37.73 MB it is cheap to download and inspect, and that inspection should happen before any claim of superseding OSM. The BTN product page also displayed a ~908.16 MB figure against an Energía entry (probably a different format bundle) — ambiguous, do not rely on it. A coarser BTN100 (1:100,000, Shapefile) also exists at https://centrodedescargas.cnig.es/CentroDescargas/btn100."
Spain,"Agencia Andaluza de la Energía / Consejería de Industria, Junta de Andalucía (IDEAndalucía INSPIRE catalogue)","Líneas eléctricas (Mapa de Infraestructuras Energéticas de Andalucía, MIEA)","Line routes of the transmission grid (400 kV, 220 kV) and distribution grid (132 kV, 66 kV, 50 kV) across Andalusia. Sourced from Red Eléctrica (transmission) and Endesa (distribution), held in a spatial PostgreSQL database and published by WMS and WFS. Updated every six months; QC completed 2023-06-30.",50.0,"Explicitly 400 / 220 / 132 / 66 / 50 kV — an exact match to the 50 kV floor, the best voltage fit found anywhere in this region",WMS / WFS (endpoint URLs not exposed in the metadata record),wfs_wms,https://www.agenciaandaluzadelaenergia.es/es/informacion-energetica/cartografia-energetica-de-andalucia/mapa-de-infraestructuras-energeticas-de-andalucia-miea,,"No open licence — ""Todos los derechos reservados""; access and use constraints recorded as ""Trademark""",Todos los derechos reservados,no,2023-06-30,False,unusable,"Licence is the blocker, not availability. The metadata record WAS fetched this session (http://www.ideandalucia.es/catalogo/inspire/srv/api/records/ac76afe7-6129-493f-ab16-b5be5580b449) and the voltage list, lineage and the all-rights-reserved use limitation are quoted verbatim from it — but fetch_verified is false because I never saw an actual download offer: the record exposes only the MIEA landing page as an online resource, and that landing page is robots-blocked (robots.txt ConnectTimeout on agenciaandaluzadelaenergia.es). Two consequences: (a) the WMS/WFS endpoint URLs remain unknown, (b) even if found, ""Todos los derechos reservados"" plus REE/Endesa as upstream owners makes this non-mixable with ODbL without written permission. Do not ingest. If Andalusian sub-transmission matters commercially, this is the dataset to ask the Agencia Andaluza de la Energía about directly."
Spain,Ministerio para la Transición Ecológica (MITECO) — planning map of the REE transmission grid,"mapree.es — Mapa interactivo, Planificación de la red de transporte 2021-2026","Interactive map of planned Spanish transmission projects, filterable by category, plus the full planning document and executive summary as PDFs. No lines/substations dataset.",,unknown — not stated; positions are declared approximate,Web viewer + PDF,viewer_only_no_download,,,unknown — no licence or terms statement on the page,"La situación geográfica de todos los recursos es aproximada y no representa, en ningún caso, su situación o alcance exactos",unclear,,True,unusable,"Fetched https://mapree.es/ this session. No geospatial download, no API, no licence. The site itself disclaims positional accuracy (quoted above), so even scraped geometry would be worthless for corridor work. Points to www.miteco.gob.es and www.ree.es as sources. Recorded so nobody re-chases it. REE's own project/substation map at https://www.ree.es/es/transporte-electricidad/proyectos-transporte/mapa-proyectos was not fetched — same expected outcome (viewer, no licence)."
Spain,"Generalitat de Catalunya, Direcció General d'Energia, Seguretat Industrial i Seguretat Minera (+ local authorities), catalogued by the Comissió de Coordinació Cartogràfica de Catalunya (PCC 2022)","Xarxa de línies elèctriques / Red de líneas eléctricas (PCC 2022, semantic id red-lineas-electricas)","Catalan electricity line network: high-voltage installations for generation, transport and distribution, plus municipal public-lighting networks. Maintained on a 3-year update cycle.",,"unknown — described only as ""alta tensión … así como las redes de alumbrado público municipal""; no voltage bands published",unknown — no distribution listed,none_found,,,"No open licence — access conditions recorded as ""Parcialmente público"" (partially public)",Parcialmente público,no,,True,metadata_only,"Fetched the PCC catalogue entry (https://www.cccartografica.cat/es/Tenemos-un-Plan/Que-geoinformacion-recoge-el-PCC/Catalogo-del-PCC-2022/Servicios-de-utilidad-publica-y-estatales/Red-de-lineas-electricas). The dataset exists and is officially catalogued, but Catalonia classifies it as only partially public and publishes no scale, voltage bands or download. ICGC (the Catalan mapping agency, CC-BY) is not the custodian — the energy directorate is. Treat as a permission conversation, not a data source."
Italy,"Regione del Veneto (Infrastruttura dei Dati Territoriali, IDT2) — catalogued on RNDT/geodati.gov.it",Linee elettriche (tematismi derivati dalla Carta Tecnica Regionale),"Electricity line geometry for the whole Veneto region, derived from the Regional Technical Map. MultiCurve geometry. Schema verified: altez_max (double), cl_altezza, tipol_cod, cl_alt_des, tipologia, note.",,"NO voltage attribute. DescribeFeatureType confirms the only classifying fields are maximum height (altez_max), height class (cl_altezza / cl_alt_des) and typology (tipologia / tipol_cod). A 50 kV floor cannot be applied to this layer.",Shapefile via WFS SHAPE-ZIP; also WMS and WMTS,wfs_wms,http://idt2-geoserver.regione.veneto.it/geoserver/wfs?service=WFS&VERSION=1.0.0&REQUEST=GetFeature&typeName=rv:linee_elettriche&outputFormat=SHAPE-ZIP,,Italian Open Data Licence 2.0 (IODL 2.0) — attribution-only,http://publications.europa.eu/resource/authority/licence/IODL_2_0,yes,2021-01-27 (metadata publication date),True,complements_osm,"Strongest verified Italian find. Two fetches: the RNDT record https://geodati.gov.it/resource/id/r_veneto:linee_elettriche (gave the SHAPE-ZIP URL, IODL 2.0 and publisher) and a WFS DescribeFeatureType against rv:linee_elettriche (gave the attribute schema). The download URL above is a one-shot GetFeature — copy it exactly, note it is WFS 1.0.0 and http (not https). Cannot supersede OSM because it carries no voltage: it is a topographic layer of overhead electric lines at all voltages, so it will contain large volumes of sub-50 kV distribution mixed with the HV network and offers no way to separate them. Use it as a positional cross-check for Veneto (does OSM geometry sit on the CTR trace?) and as a completeness hint, not as a voltage-classified source. Viewer: https://idt2.regione.veneto.it/idt/webgis/viewer?previewLayerId=11750"
Italy,Regione Basilicata (RSDI — Repertorio Sistema Informativo Territoriale),"Database Topografico — TEMA: RETE ELETTRICA, class TR_ELE 070301 ""Tratto di linea della rete elettrica""","Line segments of the electricity network for the whole Basilicata region, from the 1:5,000 regional topographic database (DBT). Part of the ""Reti di sottoservizi"" layer.",,"unknown — the DBT TR_ELE class normally carries a voltage-level code, but DescribeFeatureType against the Basilicata GeoServer was robots-blocked so I did not see the schema. Verify on download.","Shapefile (ZIP), GeoJSON (ZIP), WMS, KML",direct_file,https://rsdi.regione.basilicata.it/webGis/shape-zip/rete_elettr_tratto.zip,,"Italian Open Data License 2.0 (licence id ""iodl2"") — attribution-only",,yes,2026-01-08 (metadata_modified),True,complements_osm,"Verified via dati.gov.it CKAN package_show (id a4af14fc-ba9f-44d1-893e-cd050e5e7802), which returned the exact resource URLs and the iodl2 licence. GeoJSON alternative: https://rsdi.regione.basilicata.it/webGis/shape-zip/rete_elettr_tratto_json.zip ; WMS: https://rsdi.regione.basilicata.it/rbgeoserver2016/db5k_bas/tr_ele/wms?service=WMS&version=1.3.0&request=GetCapabilities . Same caveat as Veneto — a 1:5,000 DBT network layer will be dominated by MV/LV distribution unless a voltage code turns out to be present. Regional extent only (Basilicata is ~10,000 km2)."
Italy,Regione Basilicata (RSDI),"Database Topografico — TEMA: RETE ELETTRICA, class ND_ELE 070302 ""Nodo della rete elettrica""","Point nodes of the electricity network for Basilicata (the substation/node counterpart to the TR_ELE line class), from the 1:5,000 regional DBT.",,unknown — schema not inspected (Basilicata GeoServer DescribeFeatureType robots-blocked),"Shapefile (ZIP), GeoJSON (ZIP), WMS, KML",direct_file,https://rsdi.regione.basilicata.it/webGis/shape-zip/rete_elettr_nodo.zip,,"Italian Open Data License 2.0 (licence id ""iodl2"") — attribution-only",,yes,2026-01-08 (metadata_modified),True,complements_osm,"Separate resource of the same CKAN package as the TR_ELE lines above; listed separately because it is a separate file with its own URL and is the substation-side dataset. GeoJSON: https://rsdi.regione.basilicata.it/webGis/shape-zip/rete_elettr_nodo_json.zip . Expect a mix of true substations and MV/LV cabinets — DBT ND_ELE is a topographic node class, not a substation register."
Italy,"Provincia autonoma di Bolzano / Alto Adige — GVCC (Gemeindenverband / Consorzio dei Comuni), geoservices3.civis.bz.it",Stromleitungen — Reti elettriche (WFS layer gvcc-Infrastructures:Power-Pipes),"Electricity cable/line geometry for South Tyrol municipalities, part of a municipal utility-network cadastre (alongside water, sewerage, district heating, fibre, street lighting). Schema verified and includes VOLTAGE (decimal), PIPE_CLASS, PIPE_TYPE_DE/IT, POWER_SUPPLIER, OPERATORS, CABLE_TYPE, CABLE_DIAMETER, STATUS, YEAR_PRODUCT, FROMDATE.",,"A VOLTAGE attribute (xsd:decimal, nillable) IS present — verified by DescribeFeatureType. But this is a municipal utility cadastre (fields such as POWER_SUPPLIER, INSTALLER, CABLE_DIAMETER, cable protection), so the population is expected to be predominantly LV/MV. Whether any >=50 kV content exists is unverified.","WFS (GML; GeoServer, so SHAPE-ZIP/GeoJSON output formats likely available) and WMS",wfs_wms,https://geoservices3.civis.bz.it/geoserver/gvcc-Infrastructures/ows?Service=WFS&Request=GetCapabilities,,Creative Commons CC0 1.0 Universal — Public Domain Dedication,Creative Commons CC0 1.0 Universale - Public Domain Dedication (CC0 1.0),yes,2026-08-15 (metadata_modified on dati.gov.it),True,complements_osm,"Three verifications: dati.gov.it package_show for the companion nodes dataset (gave the CC0 1.0 licence and the WFS URL), the WFS GetCapabilities (listed Power-Pipes ""Stromleitungen - Reti elettriche"" and Power-Nodes among 15 utility feature types), and DescribeFeatureType on Power-Pipes (gave the 40-field schema including VOLTAGE). Cleanest licence in the whole region — CC0 needs no attribution at all. Value is limited by extent (South Tyrol) and by being a distribution-level cadastre; filter on VOLTAGE >= 50000 (units unverified — could be V or kV) before believing anything. WFS GetCapabilities reported empty Fees and empty AccessConstraints."
Italy,Provincia autonoma di Bolzano / Alto Adige — GVCC,Nodi della rete elettrica / Stromknoten (WFS layer gvcc-Infrastructures:Power-Nodes),"Point nodes of the South Tyrol municipal electricity network — described as ""Pozzetti, trasformatori, connettori, pali e nodi"" (chambers, transformers, connectors, poles and nodes).",,unknown — schema not inspected for this layer (only Power-Pipes was described). Description makes clear it mixes transformers with poles and cable chambers.,WFS and WMS,wfs_wms,https://geoservices3.civis.bz.it/geoserver/gvcc-Infrastructures/ows?Service=WFS&Request=GetCapabilities,,Creative Commons CC0 1.0 Universal — Public Domain Dedication,Creative Commons CC0 1.0 Universale - Public Domain Dedication (CC0 1.0),yes,2026-08-15 (metadata_modified on dati.gov.it),True,complements_osm,"Separate WFS FeatureType and separate RNDT/dati.gov.it record (ids b13e2032-b719-4d59-a632-85ed6fa4a0fb and dce2e1b3-6f35-401a-ba03-311eb1678bfe — two records for the same layer). Contains poles among the nodes, so it partly overlaps the pylon/tower category the brief says to skip; the transformer subset is the only part of substation interest. WMS: https://geoservices3.civis.bz.it/geoserver/gvcc-Infrastructures/wms?"
Italy,"Regione Piemonte — Direzione Ambiente, Energia e Territorio (Geoportale Piemonte / BDTRE)",Infrastrutture di produzione e distribuzione energia elettrica Alta e Altissima Tensione (132-220-380 kV) — Elettrodotti e Impianti (Storico),"High and extra-high voltage electricity lines and installations for Piedmont, collected from the infrastructure operators. Vector, visible from 1:39,000. Explicitly labelled ""Storico"" (historic).",132.0,"132 / 220 / 380 kV, stated in the dataset title — voltage bands are named but the dataset is above the 50 kV floor, so it would not cover 50–132 kV sub-transmission",WMS only (source held as ESRI ArcSDE 9.x); no shapefile or WFS distribution in the record,wfs_wms,https://geomap.reteunitaria.piemonte.it/ws/taims/rp-01/taimswms/bdtre_serv?service=WMS&version=1.3&request=getCapabilities,,"unknown — access ""no limitations to public access"", use conditions ""Condizioni sconosciute""",Condizioni sconosciute,unclear,2007-08-01,True,metadata_only,"Fetched https://www.geoportale.piemonte.it/geonetwork/srv/api/records/r_piemon:f8543fca-8068-471f-9b2d-87c9acef2337 . Two disqualifiers: last updated 2007 and use conditions explicitly ""unknown"" — under rule 4 that is 'unclear', and an unclear licence on 19-year-old data is not worth pursuing. WMS only, so no geometry extraction. Named here mainly so it is not mistaken for a live source; the rest of BDTRE is CC-BY but this layer's constraints are not."
Italy,ARPAV — Agenzia Regionale per la Prevenzione e Protezione Ambientale del Veneto,Catasto georeferenziato delle linee elettriche ad alta tensione (ELF / CEM cadastre),"Georeferenced cadastre of Veneto HV lines with technical attributes (line type, voltage, nominal current) built for EMF regulatory work under LR 27/93: 132 kV 2,975 km, 220 kV 1,300 km, 380 kV 618 km, total 4,893 km. Stated to be 80% complete.",132.0,"132 / 220 / 380 kV with per-voltage line lengths published, and voltage plus nominal current held as attributes — the richest attribute set found in Italy, but only >=132 kV",unknown — no distribution offered,none_found,,,"unknown — no licence, access condition or terms stated",,unclear,,True,metadata_only,"Fetched https://www.arpa.veneto.it/temi-ambientali/agenti-fisici/radiazioni-non-ionizzanti/attivita-arpav/catasto-georeferenziato-delle-linee-elettriche-ad-alta-tensione . The page describes the cadastre and publishes the km-by-voltage totals but offers no download, no service endpoint and no licence. Worth knowing it exists: those totals (4,893 km of >=132 kV in Veneto, 80% complete) are a usable independent yardstick for validating OSM completeness in Veneto even without the geometry. Every Italian region has an equivalent ARPA CEM/ELF cadastre — same pattern, generally not published."
Italy,"Comune di Arezzo (SIT), harvested to dati.gov.it under Regione Toscana",Linee elettriche alta tensione,"""Il dataset individua la rete di distribuzione elettrica ad alta tensione (1996)"" — HV distribution network lines, municipality of Arezzo only, 1996 vintage. A companion ""Linee elettriche media tensione (enel)"" dataset exists on the same portal.",,"unknown — ""alta tensione"" asserted, no voltage bands or attribute stated","Shapefile, GeoJSON, GML, KML, ZIP",direct_file,https://sit.comune.arezzo.it/metarepo2/api/datasets/rete_elettrodotti/resources/303/SHP,,Creative Commons Attribuzione 4.0 Internazionale (CC BY 4.0),Creative Commons Attribuzione 4.0 Internazionale (CC BY 4.0),yes,data vintage 1996; metadata_modified 2026-08-15,True,complements_osm,"Verified by dati.gov.it package_show?id=linee-elettriche-alta-tensione, which returned the six resource URLs and CC-BY 4.0. Being blunt: near-zero value for a European fusion — one municipality, 1996 data, no voltage attribute. Recorded because it is genuinely open and genuinely downloadable, and because it illustrates the shape of the Italian long tail: dozens of municipal/DBT fragments under CC-BY or IODL, none with national coverage. GeoJSON variant: https://sit.comune.arezzo.it/metarepo2/api/datasets/rete_elettrodotti/resources/303/GeoJSON . A comparable municipal DBT record exists for Comune di Milano (RNDT id 38d19b9e-94d9-4581-85a6-f97d5a919d01, ""L070301 - Tratto di linea della rete elettrica"", SHP, CC-BY 4.0) — resource URLs not verified."
Italy,Terna S.p.A. (TSO),Rete di Trasmissione Nazionale (RTN) — line and substation geometry,"The national transmission network (150/220/380 kV). Terna publishes the RTN as cartographic PDFs and in the Piano di Sviluppo, plus extensive non-geographic operational data on dati.terna.it. No GIS distribution of RTN line or substation geometry was found.",150.0,"RTN is 150/220/380 kV in Italy, but no voltage-attributed geometry product was located","PDF (cartographic), plus tabular/statistical data on dati.terna.it",none_found,,,unknown — no data licence located for any geographic product,,unclear,,False,metadata_only,"Negative finding, recorded so it is not re-chased. Attempts this session: https://www.terna.it/it/sistema-elettrico/transparency-report/download-center fetched but returned only CMS boilerplate, no enumerable download list; https://www.mase.gov.it/portale/rete-elettrica-di-trasmissione-nazionale returned HTTP 403; https://geoportale.mase.gov.it/ robots.txt unresolvable (DNS); dati.gov.it CKAN searches for ""rete di trasmissione nazionale"" and ""elettrodotti"" returned 0 Terna datasets. An independent curated survey (MapYourGrid) also lists the Terna grid only as a PDF. Conclusion: Italy has NO authoritative national grid geometry download — the only Italian material is the regional/municipal fragments above. Related lead not verified: GSE (Gestore dei Servizi Energetici) runs a substations map at https://mappe.gse.it/portal/apps/experiencebuilder/experience/?id=7cdfc4cfb0bb4beead292e9290fdeebd — an ArcGIS Experience Builder app, so an underlying FeatureServer may be public, but https://mappe.gse.it/server/rest/services?f=pjson was robots-blocked (robots.txt ConnectTimeout). Worth one retry from an unblocked client."
Portugal,REN — Redes Energéticas Nacionais (TSO),REN Data Hub — Rede Elétrica / RNT Map (Map of the National Electricity Transmission Network),"Interactive viewer of the Rede Nacional de Transporte plus CSV/Excel exports of tabular characterisation only: 9,895 km of transmission line across 400/220/150 kV and 71 substations with transformer capacity, 2025 figures. No line or substation geometry.",150.0,"400 / 220 / 150 kV named, with line length per voltage in the tabular export — but as statistics, not geometry",Web viewer; CSV and Excel for the tabular data,viewer_only_no_download,https://datahub.ren.pt/en/networks/electrical-grid/,,unknown — no terms of use or licence statement on the page,,unclear,2025 figures,True,metadata_only,"Fetched this session. Explicitly no shapefile/GeoJSON/KML and no licence. The CSV/XLSX totals (9,895 km at 400/220/150 kV, 71 substations) are still useful as an independent completeness benchmark for the Portuguese OSM extract."
Portugal,DGEG — Direção-Geral de Energia e Geologia,DGEG SIG — Energia Elétrica WMS/WFS services and portalgeo ArcGIS,"Six public WMS/WFS services covering generation and self-consumption only: Autoconsumo coletivo (ACC), Centrais cogeração (CC), Centrais eólicas (CE), Centrais hídricas (CH), Centrais solares (CS), Centrais térmicas (CT). Plus a gas distribution viewer. NO electricity transmission or distribution network lines or substations.",,"n/a — generation assets only, no network","WMS / WFS (ArcGIS Server), plus ArcGIS REST FeatureServer/MapServer",wfs_wms,https://servergeo.dgeg.gov.pt/arcgis/services/Visualizadores/CE/MapServer/WFSServer?request=GetCapabilities&service=WFS,,unknown — no licence or terms text published for the individual services,,unclear,,True,unusable,"Thorough negative finding for the Portuguese regulator/ministry. Three fetches: the DGEG SIG energy page and its energia-eletrica sub-page (gave the six WMS/WFS endpoint pairs verbatim), https://servergeo.dgeg.gov.pt/arcgis/rest/services?f=pjson (folders CBE, Hosted, Minas, RoteiroMineiro, SIG, UPP, Utilities, Visualizadores) and the full Visualizadores folder listing (61 services, none network-related; the SIG folder returned ""Token Required"", code 499). Conclusion: DGEG publishes generation plants and gas distribution, not the electricity grid. Contact for SIG queries: sig@dgeg.gov.pt. Viewer: https://portalgeo.dgeg.gov.pt/arcgis/apps/webappviewer/index.html?id=de764a4a5ccd446292cb26a7e5c2e725"
Portugal,"E-REDES (DSO, Grupo EDP) — Open Data Portal","E-REDES Open Data (Opendatasoft) — Postos de Transformação de Distribuição (PTD), Capacidade de Receção na RND, Características da Rede","Known datasets are secondary substations (PTD — MV/LV transformer posts, points), hosting-capacity maps, network characterisation tables, consumption and outage data. No evidence of MV/HV line geometry being published.",,"unknown — PTD are MV/LV transformer posts (typically 10-30 kV to 400 V), i.e. far below the 50 kV floor",Opendatasoft API / CSV / GeoJSON exports (not verified),portal_robots_blocked,,,unknown — could not reach the portal's licence metadata,,unclear,,False,unusable,"Robots-blocked on all three Opendatasoft hosts tried this session: e-redes.opendatasoft.com, e-redes.aws-ec2-eu-1.opendatasoft.com and e-redes.huwise.com (catalog API v2.1 in each case). Per rule 3 I looked for a national mirror: dados.gov.pt returns HTTP 403 to WebFetch (robots.txt 500) and the municipal mirror dados.cm-lisboa.pt also returns 403, so no mirror was reachable. Unverified candidate landing pages seen only in search results / an external survey, NOT fetched: https://e-redes.opendatasoft.com/explore/dataset/postos-transformacao-distribuicao/ (secondary substations) and https://e-redes.opendatasoft.com/pages/capacidade_rececao_rnd/ (hosting capacity). An independent curated survey lists no E-REDES line-geometry dataset either. Also unverified: a dados.gov.pt dataset ""Traçado e Georeferenciação da Rede de Distribuição Elétrica"" (Lisbon MV/LV grid, 2020) — MV/LV, below the 50 kV floor, so not worth chasing for this purpose."
Greece,ADMIE / IPTO — Independent Power Transmission Operator (TSO),Χάρτης Γραμμών Μεταφοράς / Transmission Lines Map,"The Greek transmission network map. Presented as a web page hub with an embedded map; no iframe src, script src, map service endpoint, KML/KMZ/GeoJSON or PDF link was present in the fetched HTML. A separate Projects Map and the ten-year development plan are linked.",,unknown — no voltage bands or attributes exposed,Web viewer,viewer_only_no_download,,,unknown — no terms of use published,,unclear,,True,metadata_only,"Both language versions fetched (https://www.admie.gr/en/grid/description/lines-map and https://www.admie.gr/systima/perigrafi/hartis-grammon). Neither exposed a download, a service endpoint or a licence. An independent curated survey also records the ADMIE grid map as a viewer only. Searches for an ADMIE ArcGIS Online / Hub / FeatureServer presence returned nothing. Related: the ten-year development plan (ΔΠΑ 2024-2033) is a PDF at https://www.admie.gr/sites/default/files/2023-10/ΔΠΑ 2024-2033 Κύριο Τεύχος.pdf — schedule and scheme names, no geometry."
Greece,"RAAEY / RAE — Ρυθμιστική Αρχή Αποβλήτων, Ενέργειας και Υδάτων (energy regulator), geo.rae.gr GeoServer","RAE/RAAEY Γεωπληροφοριακός Χάρτης — GeoServer WFS/WMS (workspaces rae_status, rae_epo, rae_apovlita)","Verified layer inventory is renewables and waste only: wind stations and turbines, solar/thermal-solar, geothermal, small hydro, storage, RES licensing status and exemptions, waste-management bodies, administrative boundaries. NO transmission lines, interconnections, substations or distribution network layers.",,n/a — no grid layers present,WFS 2.0.0 and WMS 1.3.0 (GeoServer),wfs_wms,https://geo.rae.gr/geoserver/wfs?request=GetCapabilities,,"No stated licence, but the service declares Fees NONE and AccessConstraints NONE",Fees: NONE / AccessConstraints: NONE,unclear,,True,unusable,"This is the lead most likely to be mistaken for a Greek grid source, so it is worth killing precisely. Three fetches: WFS 2.0.0 GetCapabilities twice (second time enumerating ~60 FeatureType names verbatim to check for GRAM/LINE/DIKTY/YPOSTATH/ADMIE/DEDDIE/METAFOR patterns) and WMS 1.3.0 GetCapabilities. Provider given as ""Regularity Authority of Energy"". Zero grid layers in either. The open Fees/AccessConstraints and a live GeoServer make it attractive, but the content is RES generation, not network. data.gov.gr's service record for it (https://data.gov.gr/data-service/geomap-raaey) is robots-blocked."
Greece,"geodata.gov.gr — national open geodata catalogue / INSPIRE SDI, run by IMIS/Athena RC",geodata.gov.gr catalogue (CKAN) — searched for electricity network datasets,"Could not be searched. The catalogue is the most likely Greek home for a legacy DEI/ADMIE transmission-network layer, but no dataset was confirmed to exist.",,unknown,unknown (CKAN resources; the platform also runs GeoServer),portal_robots_blocked,,,unknown — the About page carries no data licence statement,,unclear,,False,unusable,"Four attempts, all robots-blocked with robots.txt itself unreachable (ConnectTimeout / parse failure): https://geodata.gov.gr/api/3/action/package_search (https and http variants) and http://geodata.gov.gr/geoserver/wfs?request=GetCapabilities. Oddly, http://geodata.gov.gr/content/about-en/ DID fetch — which confirms the host is reachable and only the robots check is failing intermittently, so a retry from a client that tolerates a missing robots.txt would probably work. Per rule 3 I looked for mirrors: data.europa.eu (which harvests geodata.gov.gr) is robots-blocked, and inspire-geoportal.ec.europa.eu now 302-redirects to data.europa.eu. This is the single highest-value unresolved gap in my region — someone with unblocked access should run the CKAN query for ηλεκτρ / δίκτυο μεταφοράς before concluding Greece has nothing. Also checked and found nothing: HEDNO/ΔΕΔΔΗΕ (the DSO) publishes no open network geometry — its GIS is an internal implementation project (https://www.deddie.gr/en/digital-projects/geographic-information-system-gis-installation/)."
Czechia,Český úřad zeměměřický a katastrální / Zeměměřický úřad (ČÚZK / ZÚ),"ZABAGED® – Polohopis (Základní báze geografických dat ČR), feature types ft_at030 ELEKTRICKÉ VEDENÍ and ft_ad030 ROZVODNA, TRANSFORMOVNA","National 1:10,000 topographic base. Electricity line axis as line geometry (ft_at030) with attributes NAZEV (line designation), NAPETI ('nejvyšší napětí v kV' = highest voltage in kV, VARCHAR2(11)), FID_ZBG. Separate substation feature type ft_ad030 ROZVODNA, TRANSFORMOVNA in the same category 3 'Rozvodné sítě a produktovody'. Stated positional precision 1.5 m; capture threshold 'bez omezení' (no size limit).",,"No stated voltage floor — capture threshold is 'bez omezení'. NAPETI carries the highest voltage in kV per line as free text, so a numeric ≥50 kV filter is possible after parsing. In practice ZABAGED captures VVN/VN overhead lines; LV distribution is not systematically captured.",FGDB (whole-country ZIP); also WFS and ATOM services,direct_file,https://openzu.cuzk.gov.cz/opendata/ZABAGED-FGDB/epsg-5514/ZABAGED-5514-fgdb-20260818.zip,"3,996,203,142 bytes (~3.7 GB) for EPSG:5514; ~3.8 GB for the EPSG:3045 twin at https://openzu.cuzk.gov.cz/opendata/ZABAGED-FGDB/epsg-3045/ZABAGED-3045-fgdb-20260818.zip",Creative Commons CC BY 4.0,"ČÚZK open data page: ""Creative Commons CC BY 4.0"", legal code at https://creativecommons.org/licenses/by/4.0/legalcode.cs. ZABAGED has been published as open data since 1.7.2023. The ATOM service record additionally points to 'Zásady užívání dat a služeb ZÚ' (https://geoportal.cuzk.gov.cz/Dokumenty/Podminky.pdf) and states the service is 'veřejně dostupná, bezúplatná'.",yes,2026-08-18,True,supersedes_osm,"Strongest single source in the region. Verified chain this session: ČÚZK open-data page (CC BY 4.0, ZABAGED open since 1.7.2023) → ATOM service metadata → dataset feed CZ-00025712-CUZK_ZABAGED-FGDB_1.xml, from which the concrete dated ZIP href above was copied verbatim. Object catalogue pages for ft_at030 and ft_ad030 fetched separately and confirm line geometry + kV attribute + a distinct substation feature type. 1.5 m positional precision beats OSM materially. Two caveats for fusion: (1) the dated filename rotates — re-read the dataset feed rather than hardcoding; (2) NAPETI is a VARCHAR, so expect dirty values and multi-circuit strings. ZABAGED also carries pylons/towers, which are out of scope here."
Estonia,"Maa- ja Ruumiamet (Estonian Land and Spatial Development Board, formerly Maa-amet)",Eesti topograafia andmekogu (ETAK) — layer E_601_elektriliin_j / etak:e_601_elektriliin_j,"National topographic database. Line layer described verbatim as 'Elektriliin alates 1 kV' (electricity transmission line starting from 1 kV), 16,262 objects, sitting in the 'tehnovõrgud' (utility networks) thematic dataset. Available as a 2.8 MB thematic SHP/TAB extract, inside the full-country SHP/GPKG, or live via GeoServer WFS 2.0.0.",1.0,"Layer description is explicit: 'Elektriliin alates 1 kV' — capture starts at 1 kV, well below the 50 kV floor. However I could NOT confirm a per-feature voltage attribute on the layer: the Maainfo layer-catalogue page gives the 1 kV threshold and object count but no field list. Filtering to ≥50 kV may require a WFS DescribeFeatureType check first.","ESRI Shapefile, MapInfo TAB, GPKG, FGDB, DGN, DWG; plus WFS 2.0.0 (GML, GeoJSON, SHAPE-ZIP, GPKG among 30+ output formats)",direct_file,https://geoportaal.maaamet.ee/index.php?lang_id=1&plugin_act=otsing&andmetyyp=ETAK&dl=1&f=ETAK_Eesti_SHP_tehnovorgud.zip&page_id=609,"2.8 MB (tehnovõrgud thematic SHP). Full-country alternatives on the same page: ETAK_EESTI_SHP.zip 1.2 GB, ETAK_EESTI_GPKG.zip 1.3 GB",Republic of Estonia Land and Spatial Development Board open data licence (effective 01.01.2025),"Licence permits the licensee to ""use the data for commercial or non-commercial purposes"", to ""produce derivatives of data, adapt and combine data with its own (or other) data"" and to ""redistribute data"". Attribution required: licensor name, data title, and data age/extraction date, e.g. ""Base Map: Republic of Estonia Land and Spatial Development Board 2025""; onward distribution must ""attach the agreement or the reference (https://geoportaal.maaruum.ee/opendata-licence)"". WFS GetCapabilities reports Fees and AccessConstraints both as ""puudub"" (none).",yes,Rebuilt weekly — 'Andmed uuenevad automaatselt igal nädalavahetusel' (data updates automatically every weekend),True,supersedes_osm,"Cleanest licence position in the region — an explicit commercial-use-plus-derivatives-plus-redistribution attribution licence, fetched and read in full this session. Two access routes both verified: the direct file URL above (copied verbatim from the Estonian-language ETAK download page) and the GeoServer WFS at https://gsavalik.envir.ee/geoserver/etak/wfs?service=WFS&request=GetCapabilities, whose capabilities I fetched and which exposes feature type etak:e_601_elektriliin_j titled 'Elektriliin j' with SHAPE-ZIP/GPKG/GeoJSON output. Gaps: no ETAK substation layer confirmed (searched; nothing found for alajaam/elektrijaam), and no confirmed per-feature kV attribute. Elering (TSO) publishes no separate downloadable geometry that I could find."
Slovenia,"Ministrstvo za naravne vire in prostor, Geodetska uprava Republike Slovenije (GURS)","Zbirni kataster gospodarske javne infrastrukture (ZKGJI) — INSPIRE Elektroenergetsko omrežje, feature type us-net-el:ElectricityCable","National collective cadastre of public utility infrastructure, populated by the infrastructure operators themselves ('upravljavci objektov gospodarske javne infrastrukture redno posredujejo'). Recorded attributes per e-prostor: 'vrsti in tipu objekta, geolokaciji, identifikacijski podatki objekta in podatki o upravljavcu objekta'. The electricity theme is served as INSPIRE Utility Networks: WFS 2.0.0 feature type us-net-el:ElectricityCable, title 'Electricity Cable', bbox 13.294/45.380 to 16.666/46.895 (full national extent).",,"UNKNOWN — not verified. GetCapabilities confirms the feature type but my GetFeature probe was refused by robots.txt on the same host, so I could not read the attribute list, count features, or confirm whether a voltage field exists. ZKGJI's documented attribute set (type of object + operator) suggests voltage may be carried only implicitly via object type / operator identity. Verify with DescribeFeatureType before assuming a 50 kV filter is possible.",WFS 2.0.0 with GML 3.2/GML2/KML/SHAPE-ZIP/GeoJSON/JSON/CSV output; plus INSPIRE ATOM predefined-dataset feed and the JGP bulk-download application,wfs_wms,https://ipi.eprostor.gov.si/wfs-si-gurs-ins/us-net-el/wfs?service=WFS&request=GetCapabilities,,Priznanje avtorstva (CC BY 4.0),"podatki.gov.si record: ""Podatki so dostopni pod Creative Commons - Attribution 4.0 International (CC BY 4.0) licenco"" (https://creativecommons.org/licenses/by/4.0). WFS GetCapabilities reports AccessConstraints: ""None"". e-prostor describes the JGP route as 'brezplačni podatki' (free data). Note the divergence flagged below.",yes,2026-06-02 (podatki.gov.si dataset record),True,supersedes_osm,"Authoritative operator-fed national utility cadastre, downloadable, open licence — meets the bar. Verified this session: the national portal record on podatki.gov.si (publisher GURS, CC BY 4.0, 33 resources incl. the electricity WFS and ATOM), the WFS GetCapabilities (feature type, SHAPE-ZIP output, AccessConstraints None), the ATOM service feed (dataset id SI.GURS.KGI 3818bc44-391c-43e4-93da-67f7256ab22d), and the e-prostor ZKGJI page ('brezplačni podatki'). LICENCE DIVERGENCE TO RESOLVE BEFORE PUBLISHING: podatki.gov.si says CC BY 4.0, but the ATOM feed instead points at GURS 'General terms and conditions for the use of geodetic data' and the WFS Fees field points at General_terms_and_conditions_for_the_use_of_geodetic_data_dec2017.pdf. I did not read that PDF. Treat CC BY 4.0 as the operative statement (it is the publisher's own declaration on the national portal) but confirm before ODbL mixing. Other verified endpoints: ATOM https://eprostor.gov.si/ods/atom?type=feed&content=service&id=11, JGP https://ipi.eprostor.gov.si/jgp/, mirror WFS https://storitve.igea.si/ows-ins-wfs/us-net-el/ows. Beware: 'ElectricityCable' is the INSPIRE class name and covers overhead lines as well as cables."
Poland,Główny Urząd Geodezji i Kartografii (GUGiK),Baza Danych Obiektów Topograficznych BDOT10k — object class SULN (linia napowietrzna: linia elektroenergetyczna),"National 1:10,000 topographic object database. Overhead electricity line classes, quoted verbatim from the BDOT10k class list: 'SULN01 linia elektroenergetyczna najwyższego napięcia', 'SULN02 linia elektroenergetyczna wysokiego napięcia', 'SULN03 linia elektroenergetyczna średniego napięcia', 'SULN04 linia elektroenergetyczna niskiego napięcia'. Distributed as whole-country per-class files.",0.0,"Four categorical bands only (najwyższego / wysokiego / średniego / niskiego napięcia = EHV / HV / MV / LV). Coverage therefore extends well below the 50 kV floor, but I found NO evidence of a numeric kV attribute — the class-list document 'does not indicate whether specific voltage values (measured in volts) are recorded within each category'. Mapping to a kV floor means treating SULN01+SULN02 as the ≥110 kV set, which is a band assumption, not a read value.",GeoParquet (also GPKG; GML in the older schema); whole-country per-class files plus a ZIP of all classes,direct_file,https://opendata.geoportal.gov.pl/bdot10k/schemat2021/GeoParquet/OT_SULN_L.parquet,"Not stated. Scale reference from GUGiK: the buildings class OT_BUBD_A is '8,34 GB w formacie GPKG, w formacie GeoParquet jest to odpowiednio 1,84 GB'; SULN will be far smaller.","Statutory free reuse of Polish geodetic data (art. 40a ust. 2 pkt 1, ustawa Prawo geodezyjne i kartograficzne) — no named CC licence","geoportal.gov.pl / GUGiK: data are available ""bezpłatnie do powszechnego wykorzystania"" and can be ""bezpłatnie pobrać do powszechnego wykorzystania"" (free of charge for general use). No CC licence identifier is asserted on the pages I fetched; the CC BY-SA 4.0 / CC BY-NC-ND 4.0 notices in the gov.pl footer apply to the website's own text and audiovisual material, not to the geodetic data.",yes,unknown — no dataset-level date on the pages fetched; BDOT10k is maintained continuously by voivodeship geodetic offices,True,supersedes_osm,"URL PROVENANCE, read this before using: the GeoParquet directory pattern was copied verbatim from the fetched GUGiK page (worked example given there: https://opendata.geoportal.gov.pl/bdot10k/schemat2021/GeoParquet/OT_ADJA_A.parquet), and the class code SULN came from a fetched BDOT10k class-list PDF. I then assembled OT_SULN_L.parquet and fetched it — it returned binary file content, not a 404, so the object exists. That is one step weaker than a URL lifted whole from a listing page; confirm the geometry suffix (_L) if you get an unexpected schema. Interactive discovery route is geoportal.gov.pl → 'Dane do pobrania → Topografia → Baza Danych Obiektów Topograficznych'. LICENCE CAVEAT: statutory free reuse rather than a named attribution licence — legally permissive and used in OSM Poland under GUGiK permission, but a lawyer, not this survey, should sign off ODbL mixing. Gaps: no numeric kV, no line names, and no substation geometry in this class (see the PSE entry for substations). dane.gov.pl carries no national electricity-network geometry — I ran the API and got only regulator lists and permit registers."
Poland,"Polskie Sieci Elektroenergetyczne S.A. (PSE), served through GUGiK's mapy.geoportal.gov.pl",PSE transmission network WMS — layers 'linie' and 'stacje',"The TSO's own transmission network as a WMS. Two layers, quoted exactly: 'linie' = 'Linie najwyższego napięcia' (highest-voltage lines) and 'stacje' = 'Stacje elektroenergetyczne' (substations). Raster rendering only — no feature export.",,Service title text says only 'najwyższego napięcia' generically; no kV values are named anywhere in the capabilities document. In Polish TSO practice this means 400/220 kV plus PSE-owned 110 kV.,WMS (raster tiles / GetMap only; no WFS advertised),wfs_wms,https://mapy.geoportal.gov.pl/wss/ext/PSE?SERVICE=WMS&REQUEST=GetCapabilities,,Not stated. Capabilities declares Fees: 'no conditions apply'; AccessConstraints: 'otherRestrictions',"WMS capabilities, service title ""Polskie Sieci Elektroenergetyczne S.A.""; Fees: ""no conditions apply""; AccessConstraints: ""otherRestrictions"". 'otherRestrictions' with no accompanying statement is the ISO code for 'restrictions exist but are documented elsewhere' — i.e. genuinely unresolved, not permissive.",unclear,unknown,True,metadata_only,"GetCapabilities fetched and read this session; layer names above are verbatim. Value here is as a visual QA overlay for the OSM 220/400 kV skeleton and, uniquely for Poland, as the authoritative substation reference — BDOT10k SULN gives lines but no substations. It cannot be fused: WMS is raster, there is no WFS, and AccessConstraints is unresolved. Do not represent this as a downloadable dataset."
Croatia,"Hrvatski operator prijenosnog sustava d.o.o. (HOPS), registered in NIPP (Croatian SDI registry)","Digitalna karta visokonaponskih objekata i postrojenja HOPS-a (nazivnog napona 110, 220 i 400 kV)","The TSO's compiled digital map of high-voltage facilities and installations at 110, 220 and 400 kV nominal voltage, assembled from field surveys and technical documentation, covering the whole Republic of Croatia. Registered WFS and WMS endpoints exist.",110.0,"Voltage scope is stated in the dataset title itself: 110, 220 and 400 kV nominal. Nothing below 110 kV; no HOPS-published sub-transmission layer found.",DWG (per the NIPP registry record); WFS and WMS endpoints registered,api_key_or_registration,,,None. Fee-based access on request under the HOPS non-standard services price list,"NIPP registry, access and use conditions: ""Na upit sa naknadom, temeljem cjenika nestadardnih usluga Hrvatskog operatora prijenosnog sustava d.o.o."" (on request, for a fee, per HOPS's non-standard services price list). No licence is specified in the record.",no,unknown — NIPP record shows only the registry inclusion date of 9 June 2015,True,metadata_only,"I fetched the NIPP registry print record and read the endpoints and the fee condition with my own eyes: WFS https://nipp.hops.hr/ws/nipp/wfs?request=GetCapabilities and WMS https://nipp.hops.hr/ws/nipp/wms?request=GetCapabilities. I could NOT fetch the WFS itself — robots.txt returned 503 — so I cannot confirm the endpoint is publicly reachable or what feature types it serves. Even if reachable, the licence gate fails: fee-based on request, no open licence, so it is not ODbL-mixable and cannot enter the fused dataset. Mirror search was negative: two CKAN queries against data.gov.hr returned zero national electricity-network datasets (only municipal spatial-plan PDFs with 'Elektro SN/NN' sheets), and the DGU open-data page lists no topographic vector product containing transmission lines. Croatia stays OSM-only in practice."
Slovakia,"Geodetický a kartografický ústav Bratislava / Úrad geodézie, kartografie a katastra SR (GKÚ / ÚGKK SR)",ZBGIS (Základná báza údajov pre geografický informačný systém) — elektrické vedenie within the antropogénne prvky theme,"National topographic database whose object catalogue (KTO) includes electricity lines under 'antropogénne prvky'. However the published open bulk downloads cover only administrative and territorial division, geographic nomenclature, a small ZBGIS sample ('Vzorka údajov ZBGIS'), raster maps, orthophoto and elevation models. No electricity vector layer is offered for download.",,"unknown — no published voltage scope for the electricity objects, because the layer is not distributed.","Distributed formats for the open subset: GPKG, ESRI FGDB, SHP, CSV, TIFF. Electricity objects: WMS rendering only.",viewer_only_no_download,,,"CC-BY 4.0 (applies to the published ZBGIS open datasets and WFS services, not to an electricity product that is not published)","skgeodesy.sk ZBGIS download page states ""CC-BY 4.0"" with reference to https://creativecommons.org/licenses/by/4.0/deed.sk; the gku.sk services page states all WMS/WFS services operate under ""CC BY 4.0"". Marked unclear because the licence is verified for the open subset only — no electricity dataset exists to which it could attach.",unclear,unknown for the electricity objects; the open vector subset shows dates of 25 January 2024 (territorial division) and 20 July 2023 (geographic names),True,metadata_only,"Negative result, verified rather than assumed. I fetched the GKÚ ZBGIS download page (full inventory of what is actually offered — 'No electrical line layers identified') and the GKÚ WMS/WFS services page, which lists twelve WMS endpoints (including https://zbgisws.skgeodesy.sk/zbgis_antropogenne_prvky_wms_featureinfo/service.svc/get, where power lines would sit) but only two WFS download services, for administrative boundaries and geographic names. I attempted the antropogénne prvky GetCapabilities and the ArcGIS REST MapServer at https://zbgis.skgeodesy.sk/zbgis/rest/services/ZBGIS/MapServer; both were refused because robots.txt fetches timed out, and www.geoportal.sk additionally presents a mismatched TLS certificate. So: an electricity layer very likely exists behind that ArcGIS/WMS stack and may be queryable, but I could not verify it and will not claim it. Slovakia stays OSM-only unless someone reaches GKÚ for a vector order. SEPS (TSO) publishes no downloadable geometry I could find. Note in passing: the ZBGIS 2nd airborne-laser-scanning cycle carries optional 'Wire' and 'Tower' point-cloud classifications — out of scope per instructions, and not available as standalone vector."
Hungary,Lechner Tudásközpont Nonprofit Kft. (Lechner Knowledge Centre),E-közmű / E-Utility System (national public utility register),"National utility register federating roughly 900 network operators across electricity, gas, district heating, water, drainage and telecoms. It does not hold data centrally: it proxies WMS and WFS to each operator's own database and renders over an OSM-based interface plus land-registry and orthophoto basemaps. Vector data with attributes is downloadable 'within planning software' for designers and architects.",,unknown — no published voltage scope; content depends on each of the ~900 contributing operators.,Federated WMS / WFS; vector export into planning software for authorised professional roles,api_key_or_registration,,,Not stated,"Lechner page on users: ""The users of the system are public utility providers, specialized designers, planners, architects, residents, supervisory authorities, and Lechner Non-profit Ltd. as system operator."" On download: ""The system makes public utility network vector data with attributes within planning software downloadable for planners and architects."" No fee or licence terms appear anywhere on the page.",unclear,unknown,True,metadata_only,"Fetched the Lechner E-Utility System page this session. This is the right national asset in principle — federated, operator-maintained, includes electricity — but it is role-gated to registered utility providers and accredited designers/planners, exports into planning software rather than as open files, and states no licence. No public download offer, so download_url is null. Treat as a route to pursue commercially through Lechner or a Hungarian design partner, not as a data source for the fused dataset. MAVIR (TSO) publishes system data as reports, not geometry; my searches surfaced no MAVIR shapefile or service."
Latvia,Latvijas Ģeotelpiskās informācijas aģentūra (LGIA),"Topogrāfiskā karte mērogā 1:50 000, 2. izdevums — vector edition","National 1:50,000 topographic map. LGIA states the layers cover all main terrain objects including, quoted verbatim, 'transporta tīkli (augstsprieguma elektropārvades līnijas, naftas un gāzes vadi)' — transport networks including high-voltage power transmission lines and oil/gas pipelines. Offered in ESRI Personal Geodatabase, File Geodatabase and Shapefile, plus raster TIFF/JPG.",,"Only the qualitative term 'augstsprieguma' (high voltage) is used. No kV threshold and no voltage attribute documented on the pages fetched. At 1:50,000 generalisation expect 110 kV and above at best.",ESRI PGDB / FGDB / Shapefile (vector); TIFF / JPG (raster),api_key_or_registration,,,"LGIA open data are CC BY 4.0, but the Topo50 vector product is not confirmed to be within that open set","LGIA open data page states the licence as ""Creative Commons Attribution 4.0 International Public License"", data ""freely used, modified and redistributed"". BUT that page's dataset inventory lists only orthophoto, digital height model, raster maps (1:250k, 1:50k, satellite), INSPIRE themes (land cover, contours, hydrography, orthophoto, geonames, grid), place names and the geodetic network database — the topographic VECTOR product is absent from it. Hence 'unclear'.",unclear,unknown,True,metadata_only,"Honest split verdict, both halves fetched this session. Confirmed: the product exists in vector form and does contain HV transmission lines (LGIA node/863). Not confirmed: that it is free or openly licensed. The only concrete URLs on that page point at the LGIA open-data S3 bucket for the specification and the sheet-division files — 's3.storage.pub.lvdc.gov.lv/lgia-opendata/citi/1_50000_v2/Karsu lapu dalijums TOPO50_DGN.zip' — i.e. metadata about the product, not the data. I tried to list the bucket root and got HTTP 403; latvija.gov.lv service 8514 (the ordering catalogue entry) rendered no substantive content. Mirror search per instruction was negative: data.gov.lv CKAN returned count 0 for 'elektro' and 0 LGIA topographic datasets. Best next step is a direct request to LGIA quoting node/863, asking whether the Topo50 vector falls under their CC BY 4.0 open data licence. AST (Augstsprieguma tīkls, the TSO) publishes no downloadable geometry I could find."
Lithuania,"VšĮ Statybos sektoriaus vystymo agentūra / VĮ GIS-Centras (geoportal.lt), Ministry of Agriculture",GDR50LT georeferenced spatial dataset — layer ELEKTR_L,"National 1:50,000 georeferenced dataset with a dedicated electricity transmission layer. Verbatim from the official specification: layer 'ELEKTR_L' (Section 8), object classes 'Antžeminės aukštos įtampos elektros energijos perdavimo linijos' (overhead HV transmission lines, code ie6) and 'Požeminės aukštos įtampos elektros energijos perdavimo linijos' (underground HV transmission lines, code ie7), with attribute 'ITAMPA' — 'Įtampos reikšmė kV' (voltage value in kV) as a numeric field.",35.0,"The specification states the layer covers transmission lines of 35 kV and higher, and carries a numeric ITAMPA field holding the kV value. That is a better-shaped voltage attribute than most sources in this region — a ≥50 kV filter would be a clean numeric query. This is exactly the dataset you want and exactly the one that is not published openly.",Per specification: ESRI Shapefile / geodatabase (not distributed as open data),none_found,,,Not stated for GDR50LT (the geoportal.lt open datasets that ARE published carry CC BY 4.0),"No licence statement found for GDR50LT. For contrast, the published open datasets on geoportal.lt are explicitly ""CC BY 4.0"" — e.g. GRPK at https://www.geoportal.lt/download/opendata/GRPK/GRPK_Open_SHP.zip, updated monthly by the 10th.",unclear,unknown,True,metadata_only,"The specification PDF was fetched and read this session (https://www.geoportal.lt/download/Specifikacijos/GDR50LT_specifikacija.pdf) — layer code, object classes ie6/ie7, the ITAMPA kV field and the 35 kV scope are all verbatim from it. I then fetched the full geoportal.lt open-data inventory (both the English and Lithuanian pages, 22+ datasets enumerated with direct URLs) and GDR50LT/GDR10LT are absent: 'These datasets are not listed or downloadable on this page', and no 'elektros linijos' dataset appears. Separately confirmed the negative on the open product: GRPK_Open_SHP.zip is CC BY 4.0 and monthly, but GRPK's documented content is roads, streets, railways, streams, water and building and forest and agricultural boundaries, geodetic and height points — no utility networks. So Lithuania has the best-specified electricity layer in the region behind a closed door. Worth one direct request to GIS-Centras."
Lithuania,AB Energijos skirstymo operatorius (ESO) — the national DSO,ESO elektros tinklo duomenų rinkinys (ESO electricity network dataset),"The DSO's own network. Verbatim scope from the geoportal.lt publication announcement: 'visų įtampų oro ir kabelių linijas bei transformatorines' — overhead and cable lines of ALL voltages, plus transformer substations. Refreshed daily ('atnaujinami kiekvieną dieną').",,"'Visų įtampų' — all voltages, i.e. ESO's full 0.4 kV to 110 kV estate. This is precisely the 50–110 kV sub-transmission coverage the OSM floor makes valuable, and it includes substations.",Was served as view services through geoportal.lt; now via the ESO contractors' map at maps.eso.lt,api_key_or_registration,,,Not stated,"Withdrawal notice on the geoportal.lt ESO theme page: ""nuo 2025 m. birželio 1 d. ESO tinklo geografiniai duomenys, tinklo elementų techniniai duomenys, elektros transformatorinių, linijų ir elektros spintų schemos, kabelių linijų pasai, oro linijų atramų inventoriniai apyrašai bus prieinami tik per ESO rangovų žemėlapį"" and ""nuo 2025 m. geoportal.lt prieigos terminai nepratęsiami ir nauji naudotojai neregistruojami"" — from 1 June 2025 available only via the ESO contractors' map; geoportal.lt access terms are not being renewed and new users are not being registered.",unclear,Daily refresh while published; access route changed 2025-06-01,True,metadata_only,"CORRECTS A STALE LEAD — flagging this explicitly because the optimistic version is what a search will surface first. geoportal.lt published an announcement that ESO electricity and gas data were 'now publicly available' (fetched: layers, all voltages, substations, daily updates, at https://www.geoportal.lt/geoportal/ab-energijos-skirstymo-operatorius). I then fetched the current ESO theme page and found the withdrawal notice quoted above: since 1 June 2025 access moved to the contractor-gated ESO rangovų žemėlapis at maps.eso.lt, geoportal.lt terms are not renewed, and no new users are registered. So the dataset is real, ideal in scope, and now closed to us. A residual record exists at https://data.gov.lt/datasets/3455/ ('ESO elektros tinklo duomenų rinkinys', organisation https://data.gov.lt/orgs/15/) but data.gov.lt returns HTTP 403 to every fetch I attempted, so I could not read its resources or licence — treat data.gov.lt as portal-blocked and worth a manual browser check."
Czechia,Zeměměřický úřad / ČÚZK,DATA50 — layer ElektrickeVedeni,"Digital geographic model of Czechia at 1:50,000, 69 object types across eight themes (one theme being pipelines and electrical lines). Line layer 'ElektrickeVedeni' with attributes DATA50_K (classification code) and DATA50_P (code description). Only one electricity class is captured: 'elektrické vedení velmi vysokého napětí', code 1290000. No substation layer.",,"A single categorical class, 'elektrické vedení velmi vysokého napětí' (very-high-voltage line), code 1290000 — no kV values at all. I am deliberately not converting the Czech VVN band to a kV floor here: the catalogue does not state one and the conventional band boundary is contested. Use ZABAGED's numeric NAPETI instead.",ESRI Shapefile,direct_file,https://openzu.cuzk.gov.cz/opendata/Data50/epsg-5514/data50.zip,490 MB (S-JTSK / EPSG:5514); 721 MB (ETRS89-TMzn / EPSG:3045 at https://openzu.cuzk.gov.cz/opendata/Data50/epsg-3045/data50.zip),Creative Commons CC BY 4.0,"ČÚZK DATA50 page: price ""Free""; licence ""Creative Commons CC BY 4.0"" — https://creativecommons.org/licenses/by/4.0/deed.cs. ATOM service at https://atom.cuzk.gov.cz/Data50/Data50.xml.",yes,2026-03-03,True,complements_osm,"Verified and open, but effectively redundant: same publisher and same CC BY 4.0 licence as ZABAGED, while being coarser (1:50,000 vs 1:10,000), carrying no kV values (one categorical class vs ZABAGED's numeric NAPETI) and having no substation layer. Listed for completeness and because the download is small and trivially usable for a quick sanity overlay. If you ingest one Czech source, ingest ZABAGED. Both the layer catalogue (Data50_katalog_SHP.pdf) and the dataset page with the direct ZIP URLs above were fetched this session."
